onset	duration	trial_type	response_time
0	0.5	go_success	0.89
1.739	0.5	go_success	0.492
3.394	0.5	stop_success	NA
5.3	0.5	go_success	0.375
6.973	0.5	go_success	0.319
8.778	0.5	go_success	0.451
10.55	0.5	stop_success	NA
12.289	0.5	go_success	0.422
14.162	0.5	go_success	0.347
15.951	0.5	go_success	0.345
17.707	0.5	go_success	0.335
19.396	0.5	stop_success	NA
21.151	0.5	stop_success	NA
23.108	0.5	go_success	0.388
24.914	0.5	go_success	0.298
26.72	0.5	go_success	0.405
28.542	0.5	go_success	0.569
30.398	0.5	go_success	0.56
32.171	0.5	stop_success	NA
33.976	0.5	go_success	0.346
35.648	0.5	go_success	0.374
37.337	0.5	go_success	0.38
39.076	0.5	go_success	0.432
40.882	0.5	go_success	0.271
42.772	0.5	stop_success	NA
44.728	0.5	stop_success	NA
46.667	0.5	go_success	0.335
48.423	0.5	go_success	0.334
50.045	0.5	go_success	0.382
51.968	0.5	go_success	0.299
53.791	0.5	stop_success	NA
55.513	0.5	go_success	0.404
57.151	0.5	go_success	0.517
58.807	0.5	stop_success	NA
60.496	0.5	go_success	0.313
62.385	0.5	go_success	0.346
64.024	0.5	go_success	0.46
66.03	0.5	go_success	0.451
67.702	0.5	go_success	0.428
69.341	0.5	go_success	0.374
71.214	0.5	go_success	0.431
72.869	0.5	go_success	0.341
74.859	0.5	go_success	0.475
76.832	0.5	go_success	0.386
78.621	0.5	go_success	0.379
80.327	0.5	go_success	0.603
82.149	0.5	go_success	0.488
83.771	0.5	stop_success	NA
85.477	0.5	go_success	0.542
87.299	0.5	go_success	0.372
88.971	0.5	go_success	0.358
90.844	0.5	go_success	0.386
92.817	0.5	stop_success	NA
94.74	0.5	go_success	0.407
96.646	0.5	stop_success	NA
98.536	0.5	stop_success	NA
100.174	0.5	go_success	0.526
101.913	0.5	go_success	0.402
103.853	0.5	go_success	0.323
105.709	0.5	go_success	0.287
107.515	0.5	go_success	0.282
109.454	0.5	go_success	0.262
111.243	0.5	go_success	0.31
112.849	0.5	go_success	0.46
114.755	0.5	go_success	0.457
116.628	0.5	stop_success	NA
118.333	0.5	go_success	0.318
120.306	0.5	go_success	0.295
122.179	0.5	go_error	NA
123.801	0.5	go_success	0.431
125.573	0.5	stop_success	NA
127.195	0.5	go_success	0.467
129.034	0.5	go_success	0.459
130.957	0.5	go_success	0.378
132.563	0.5	go_success	0.439
134.335	0.5	go_success	0.375
136.191	0.5	stop_success	NA
137.813	0.5	go_success	0.359
139.786	0.5	go_success	0.512
141.508	0.5	go_success	0.368
143.498	0.5	stop_success	NA
145.304	0.5	go_success	0.479
147.043	0.5	go_success	0.382
148.999	0.5	stop_success	NA
150.772	0.5	go_success	0.426
152.444	0.5	go_success	0.322
154.367	0.5	go_success	0.472
156.323	0.5	stop_success	NA
158.045	0.5	go_success	0.433
159.851	0.5	stop_success	NA
161.607	0.5	go_success	0.503
163.262	0.5	stop_success	NA
165.101	0.5	go_success	0.311
166.706	0.5	go_success	0.531
168.546	0.5	stop_success	NA
170.301	0.5	go_success	0.505
172.191	0.5	stop_success	NA
173.846	0.5	go_success	0.478
175.535	0.5	go_success	0.502
177.542	0.5	go_success	0.455
179.297	0.5	stop_success	NA
181.036	0.5	go_success	0.367
182.759	0.5	go_success	0.516
184.732	0.5	go_success	0.415
186.504	0.5	stop_success	NA
188.393	0.5	go_success	0.309
190.149	0.5	go_success	0.469
191.871	0.5	stop_success	NA
193.677	0.5	go_success	0.408
195.533	0.5	go_success	0.385
197.306	0.5	stop_success	NA
199.011	0.5	go_success	0.5
200.951	0.5	go_success	0.381
202.924	0.5	stop_success	NA
204.78	0.5	go_success	0.469
206.452	0.5	stop_success	NA
208.258	0.5	go_success	0.313
210.264	0.5	go_success	0.578
212.037	0.5	go_success	0.494
213.809	0.5	go_success	0.335
215.548	0.5	go_success	0.293
217.354	0.5	go_success	0.504
218.959	0.5	stop_success	NA
220.715	0.5	stop_success	NA
222.353	0.5	go_success	0.361
224.36	0.5	go_success	0.455
226.032	0.5	go_success	0.421
228.005	0.5	go_success	0.477
229.945	0.5	stop_success	NA
231.533	0.5	go_success	0.523
233.439	0.5	go_success	0.366
235.379	0.5	go_success	0.524
237.118	0.5	stop_success	NA
239.041	0.5	go_success	0.478
240.763	0.5	go_success	0.386
242.736	0.5	go_success	0.403
244.542	0.5	stop_success	NA
246.281	0.5	go_success	0.418
248.137	0.5	stop_success	NA
249.843	0.5	go_success	0.499
