onset	duration	trial_type	response_time
0	0.5	go_success	0.559
1.738	0.5	go_success	0.447
3.392	0.5	stop_success	NA
5.296	0.5	go_success	0.426
6.967	0.5	go_success	0.339
8.771	0.5	go_success	0.456
10.542	0.5	stop_success	NA
12.279	0.5	go_success	0.394
14.167	0.5	go_success	0.447
15.938	0.5	go_success	0.436
17.709	0.5	go_success	0.463
19.379	0.5	stop_success	NA
21.133	0.5	stop_success	NA
23.105	0.5	go_success	0.313
24.893	0.5	go_success	0.436
26.713	0.5	go_success	0.526
28.534	0.5	go_success	0.434
30.405	0.5	go_success	0.468
32.176	0.5	stop_success	NA
33.964	0.5	go_success	0.381
35.651	0.5	go_success	0.548
37.322	0.5	go_success	0.73
39.076	0.5	go_success	0.46
40.88	0.5	go_success	0.424
42.801	0.5	stop_success	NA
44.722	0.5	stop_success	NA
46.66	0.5	go_success	0.46
48.414	0.5	go_success	0.339
50.052	0.5	go_success	0.343
51.956	0.5	go_success	0.321
53.777	0.5	stop_success	NA
55.515	0.5	go_success	0.427
57.152	0.5	go_success	0.316
58.808	0.5	stop_success	NA
60.493	0.5	go_success	0.466
62.381	0.5	go_success	0.311
64.035	0.5	go_success	0.409
66.006	0.5	go_success	0.343
67.71	0.5	go_success	0.376
69.33	0.5	go_success	0.38
71.202	0.5	go_success	0.411
72.889	0.5	go_success	0.309
74.843	0.5	go_success	0.365
76.815	0.5	go_success	0.311
78.602	0.5	go_success	0.279
80.323	0.5	go_success	0.322
82.144	0.5	go_success	0.288
83.764	0.5	stop_success	NA
85.469	0.5	go_success	0.417
87.289	0.5	go_success	0.289
88.993	0.5	go_success	0.417
90.848	0.5	go_success	0.301
92.819	0.5	stop_success	NA
94.74	0.5	go_success	0.3
96.645	0.5	stop_success	NA
98.533	0.5	stop_success	NA
100.154	0.5	go_success	0.386
101.907	0.5	go_success	0.409
103.862	0.5	go_success	0.411
105.7	0.5	go_success	0.312
107.521	0.5	go_success	0.431
109.458	0.5	go_success	0.307
111.229	0.5	go_success	0.338
112.85	0.5	go_success	0.436
114.771	0.5	go_success	0.387
116.625	0.5	stop_success	NA
118.313	0.5	go_success	0.284
120.301	0.5	go_success	0.27
122.172	0.5	go_success	0.37
123.809	0.5	go_success	0.45
125.58	0.5	stop_success	NA
127.184	0.5	go_success	0.416
129.055	0.5	go_success	0.31
130.942	0.5	go_success	0.286
132.563	0.5	go_success	0.441
134.334	0.5	go_success	0.286
136.188	0.5	stop_success	NA
137.792	0.5	go_success	0.426
139.78	0.5	go_success	0.365
141.517	0.5	go_success	0.388
143.522	0.5	stop_success	NA
145.276	0.5	go_success	0.408
147.047	0.5	go_success	0.49
148.985	0.5	stop_success	NA
150.756	0.5	go_success	0.43
152.443	0.5	go_success	0.395
154.364	0.5	go_success	0.349
156.319	0.5	stop_success	NA
158.04	0.5	go_success	0.489
159.861	0.5	stop_success	NA
161.598	0.5	go_success	0.337
163.269	0.5	stop_success	NA
165.09	0.5	go_success	0.295
166.693	0.5	go_success	0.411
168.564	0.5	stop_success	NA
170.285	0.5	go_success	0.339
172.19	0.5	stop_success	NA
173.844	0.5	go_success	0.266
175.531	0.5	go_success	0.333
177.519	0.5	go_success	0.316
179.29	0.5	stop_success	NA
181.027	0.5	go_success	0.303
182.765	0.5	go_success	0.401
184.719	0.5	go_success	0.372
186.49	0.5	stop_success	NA
188.395	0.5	go_success	0.483
190.132	0.5	go_success	0.501
191.853	0.5	stop_success	NA
193.674	0.5	go_success	0.311
195.528	0.5	go_success	0.448
197.299	0.5	stop_success	NA
199.003	0.5	go_success	0.419
200.958	0.5	go_success	0.365
202.912	0.5	stop_success	NA
204.767	0.5	go_success	0.442
206.454	0.5	stop_success	NA
208.241	0.5	go_success	0.275
210.246	0.5	go_success	0.374
212.034	0.5	go_success	0.375
213.788	0.5	go_success	0.555
215.542	0.5	go_success	0.403
217.363	0.5	go_success	0.423
218.95	0.5	stop_success	NA
220.704	0.5	stop_success	NA
222.342	0.5	go_success	0.584
224.346	0.5	go_success	0.385
226.033	0.5	go_success	0.428
228.005	0.5	go_success	0.377
229.943	0.5	stop_success	NA
231.513	0.5	go_success	0.46
233.451	0.5	go_success	0.47
235.372	0.5	go_success	0.51
237.109	0.5	stop_success	NA
239.031	0.5	go_success	0.445
240.751	0.5	go_success	0.413
242.739	0.5	go_success	0.398
244.544	0.5	stop_success	NA
246.264	0.5	go_success	0.383
248.135	0.5	stop_success	NA
249.823	0.5	go_success	0.336
