onset	duration	trial_type	response_time
0	0.5	go_error	NA
1.739	0.5	go_success	0.526
3.395	0.5	stop_success	NA
5.301	0.5	go_error	0.692
6.973	0.5	go_success	0.524
8.779	0.5	go_error	NA
10.534	0.5	stop_success	NA
12.273	0.5	go_error	0.642
14.163	0.5	go_error	0.437
15.935	0.5	go_error	0.485
17.708	0.5	go_error	0.447
19.38	0.5	stop_success	NA
21.135	0.5	stop_success	NA
23.109	0.5	go_success	0.42
24.898	0.5	go_success	0.439
26.704	0.5	go_success	0.298
28.526	0.5	go_success	0.447
30.399	0.5	go_success	0.418
32.155	0.5	stop_success	NA
33.96	0.5	go_success	0.265
35.649	0.5	go_success	0.291
37.338	0.5	go_success	0.305
39.077	0.5	go_success	0.246
40.866	0.5	go_success	0.303
42.772	0.5	stop_error	0.314
44.762	0.5	stop_success	NA
46.651	0.5	go_success	0.458
48.424	0.5	go_success	0.267
50.046	0.5	go_success	0.488
51.969	0.5	go_success	0.251
53.791	0.5	stop_success	NA
55.514	0.5	go_success	0.443
57.152	0.5	go_success	0.478
58.808	0.5	stop_success	NA
60.496	0.5	go_success	0.328
62.386	0.5	go_success	0.424
64.024	0.5	go_success	0.448
66.014	0.5	go_success	0.439
67.703	0.5	go_success	0.373
69.325	0.5	go_success	0.268
71.214	0.5	go_success	0.364
72.87	0.5	go_success	0.332
74.86	0.5	go_success	0.427
76.833	0.5	go_success	0.387
78.605	0.5	go_success	0.324
80.327	0.5	go_success	0.524
82.133	0.5	go_success	0.485
83.755	0.5	stop_success	NA
85.477	0.5	go_success	0.434
87.283	0.5	go_success	0.335
88.972	0.5	go_success	0.298
90.845	0.5	go_success	0.32
92.818	0.5	stop_success	NA
94.741	0.5	go_success	0.302
96.647	0.5	stop_success	NA
98.536	0.5	stop_success	NA
100.158	0.5	go_success	0.32
101.914	0.5	go_success	0.42
103.853	0.5	go_success	0.328
105.693	0.5	go_success	0.277
107.515	0.5	go_success	0.262
109.455	0.5	go_success	0.278
111.244	0.5	go_success	0.289
112.849	0.5	go_success	0.47
114.755	0.5	go_success	0.375
116.628	0.5	stop_success	NA
118.317	0.5	go_success	0.418
120.307	0.5	go_success	0.334
122.18	0.5	go_success	0.37
123.818	0.5	go_success	0.379
125.574	0.5	stop_success	NA
127.179	0.5	go_success	0.482
129.035	0.5	go_success	0.272
130.958	0.5	go_success	0.276
132.563	0.5	go_success	0.392
134.336	0.5	go_success	0.317
136.192	0.5	stop_success	NA
137.797	0.5	go_success	0.398
139.787	0.5	go_success	0.422
141.509	0.5	go_success	0.26
143.499	0.5	stop_success	NA
145.288	0.5	go_success	0.419
147.043	0.5	go_success	0.338
148.983	0.5	stop_success	NA
150.772	0.5	go_success	0.453
152.444	0.5	go_success	0.337
154.35	0.5	go_success	0.434
156.323	0.5	stop_success	NA
158.029	0.5	go_success	0.42
159.852	0.5	stop_success	NA
161.591	0.5	go_success	0.315
163.263	0.5	stop_success	NA
165.085	0.5	go_success	0.345
166.707	0.5	go_success	0.432
168.546	0.5	stop_success	NA
170.302	0.5	go_success	0.367
172.192	0.5	stop_success	NA
173.847	0.5	go_success	0.252
175.536	0.5	go_success	0.369
177.525	0.5	go_success	0.332
179.298	0.5	stop_success	NA
181.02	0.5	go_success	0.251
182.759	0.5	go_success	0.436
184.715	0.5	go_success	0.312
186.505	0.5	stop_success	NA
188.394	0.5	go_success	0.298
190.133	0.5	go_success	0.4
191.855	0.5	stop_success	NA
193.661	0.5	go_success	0.239
195.534	0.5	go_success	0.381
197.306	0.5	stop_success	NA
199.012	0.5	go_success	0.396
200.951	0.5	go_success	0.311
202.924	0.5	stop_success	NA
204.78	0.5	go_success	0.345
206.453	0.5	stop_success	NA
208.242	0.5	go_success	0.368
210.265	0.5	go_success	0.37
212.037	0.5	go_success	0.492
213.793	0.5	go_success	0.292
215.549	0.5	go_success	0.268
217.355	0.5	go_success	0.56
218.96	0.5	stop_success	NA
220.715	0.5	stop_success	NA
222.354	0.5	go_success	0.352
224.344	0.5	go_success	0.295
226.033	0.5	go_success	0.401
228.006	0.5	go_success	0.375
229.945	0.5	stop_success	NA
231.517	0.5	go_success	0.393
233.44	0.5	go_success	0.298
235.38	0.5	go_success	0.388
237.119	0.5	stop_success	NA
239.041	0.5	go_success	0.424
240.747	0.5	go_success	0.337
242.737	0.5	go_success	0.291
244.526	0.5	stop_success	NA
246.265	0.5	go_success	0.318
248.121	0.5	stop_error	0.303
249.86	0.5	go_success	0.388
