onset	duration	trial_type	response_time
0	0.5	go_success	0.646
1.72	0.5	go_success	0.29
3.391	0.5	stop_success	NA
5.295	0.5	go_success	0.343
6.966	0.5	go_success	0.391
8.77	0.5	go_success	0.347
10.524	0.5	stop_success	NA
12.279	0.5	go_success	0.411
14.15	0.5	go_success	0.313
15.937	0.5	go_success	0.424
17.691	0.5	go_success	0.328
19.379	0.5	stop_success	NA
21.133	0.5	stop_success	NA
23.104	0.5	go_success	0.324
24.892	0.5	go_success	0.348
26.696	0.5	go_success	0.411
28.517	0.5	go_success	0.359
30.388	0.5	go_success	0.286
32.159	0.5	stop_success	NA
33.963	0.5	go_success	0.268
35.65	0.5	go_success	0.314
37.321	0.5	go_success	0.305
39.075	0.5	go_success	0.278
40.863	0.5	go_success	0.322
42.767	0.5	stop_success	NA
44.722	0.5	stop_success	NA
46.66	0.5	go_success	0.281
48.414	0.5	go_success	0.329
50.051	0.5	go_success	0.306
51.956	0.5	go_success	0.369
53.777	0.5	stop_success	NA
55.514	0.5	go_success	0.356
57.151	0.5	go_success	0.407
58.805	0.5	stop_success	NA
60.476	0.5	go_success	0.321
62.38	0.5	go_success	0.343
64.034	0.5	go_success	0.331
66.005	0.5	go_success	0.332
67.709	0.5	go_success	0.285
69.33	0.5	go_success	0.282
71.201	0.5	go_success	0.301
72.872	0.5	go_success	0.296
74.843	0.5	go_success	0.327
76.814	0.5	go_success	0.31
78.602	0.5	go_success	0.281
80.339	0.5	go_success	0.318
82.127	0.5	go_success	0.282
83.747	0.5	stop_success	NA
85.468	0.5	go_success	0.31
87.289	0.5	go_success	0.343
88.993	0.5	go_success	0.288
90.831	0.5	go_success	0.334
92.819	0.5	stop_success	NA
94.723	0.5	go_success	0.278
96.644	0.5	stop_success	NA
98.532	0.5	stop_success	NA
100.153	0.5	go_success	0.357
101.907	0.5	go_success	0.396
103.861	0.5	go_success	0.299
105.682	0.5	go_success	0.374
107.52	0.5	go_success	0.269
109.441	0.5	go_success	0.443
111.229	0.5	go_success	0.287
112.833	0.5	go_success	0.307
114.754	0.5	go_success	0.285
116.608	0.5	stop_success	NA
118.312	0.5	go_success	0.356
120.3	0.5	go_success	0.293
122.171	0.5	go_success	0.313
123.808	0.5	go_success	0.329
125.579	0.5	stop_success	NA
127.183	0.5	go_success	0.303
129.054	0.5	go_success	0.336
130.925	0.5	go_success	0.271
132.562	0.5	go_success	0.258
134.333	0.5	go_success	0.325
136.188	0.5	stop_success	NA
137.791	0.5	go_success	0.35
139.78	0.5	go_success	0.326
141.517	0.5	go_success	0.38
143.505	0.5	stop_success	NA
145.276	0.5	go_success	0.307
147.047	0.5	go_success	0.314
148.985	0.5	stop_success	NA
150.755	0.5	go_success	0.341
152.426	0.5	go_success	0.297
154.364	0.5	go_success	0.29
156.302	0.5	stop_success	NA
158.039	0.5	go_success	0.319
159.86	0.5	stop_success	NA
161.598	0.5	go_success	0.268
163.252	0.5	stop_success	NA
165.089	0.5	go_success	0.297
166.693	0.5	go_success	0.352
168.547	0.5	stop_success	NA
170.285	0.5	go_success	0.266
172.189	0.5	stop_success	NA
173.827	0.5	go_success	0.277
175.531	0.5	go_success	0.395
177.519	0.5	go_success	0.284
179.289	0.5	stop_success	NA
181.027	0.5	go_success	0.278
182.764	0.5	go_success	0.338
184.702	0.5	go_success	0.274
186.49	0.5	stop_success	NA
188.394	0.5	go_success	0.258
190.132	0.5	go_success	0.355
191.852	0.5	stop_success	NA
193.657	0.5	go_success	0.279
195.511	0.5	go_success	0.31
197.299	0.5	stop_success	NA
199.003	0.5	go_success	0.306
200.94	0.5	go_success	0.292
202.912	0.5	stop_success	NA
204.766	0.5	go_success	0.333
206.453	0.5	stop_success	NA
208.241	0.5	go_success	0.285
210.229	0.5	go_success	0.275
212.033	0.5	go_success	0.415
213.804	0.5	go_success	0.28
215.542	0.5	go_success	0.279
217.346	0.5	go_success	0.263
218.95	0.5	stop_success	NA
220.704	0.5	stop_success	NA
222.341	0.5	go_success	0.318
224.346	0.5	go_success	0.266
226.033	0.5	go_success	0.361
228.004	0.5	go_success	0.314
229.942	0.5	stop_success	NA
231.513	0.5	go_success	0.374
233.451	0.5	go_success	0.253
235.355	0.5	go_success	0.32
237.109	0.5	stop_success	NA
239.03	0.5	go_success	0.278
240.751	0.5	go_success	0.371
242.722	0.5	go_success	0.288
244.543	0.5	stop_success	NA
246.264	0.5	go_success	0.275
248.135	0.5	stop_success	NA
249.822	0.5	go_success	0.297
