onset	duration	trial_type	response_time
0	0.5	go_success	0.667
1.738	0.5	go_success	0.37
3.392	0.5	stop_success	NA
5.296	0.5	go_success	0.547
6.967	0.5	go_success	0.398
8.771	0.5	go_success	0.519
10.542	0.5	stop_success	NA
12.279	0.5	go_success	0.444
14.167	0.5	go_success	0.424
15.938	0.5	go_success	0.436
17.709	0.5	go_success	0.337
19.379	0.5	stop_success	NA
21.133	0.5	stop_success	NA
23.105	0.5	go_success	0.424
24.893	0.5	go_success	0.342
26.697	0.5	go_success	0.396
28.534	0.5	go_success	0.538
30.389	0.5	go_success	0.368
32.159	0.5	stop_success	NA
33.964	0.5	go_success	0.343
35.651	0.5	go_success	0.327
37.322	0.5	go_success	0.403
39.059	0.5	go_success	0.314
40.88	0.5	go_success	0.389
42.768	0.5	stop_success	NA
44.722	0.5	stop_success	NA
46.66	0.5	go_success	0.318
48.414	0.5	go_success	0.381
50.052	0.5	go_success	0.371
51.956	0.5	go_success	0.398
53.777	0.5	stop_success	NA
55.515	0.5	go_success	0.416
57.152	0.5	go_success	0.396
58.806	0.5	stop_success	NA
60.493	0.5	go_success	0.475
62.381	0.5	go_success	0.329
64.018	0.5	go_success	0.428
66.023	0.5	go_success	0.462
67.71	0.5	go_success	0.374
69.33	0.5	go_success	0.409
71.218	0.5	go_success	0.504
72.872	0.5	go_success	0.324
74.843	0.5	go_success	0.487
76.815	0.5	go_success	0.389
78.602	0.5	go_success	0.424
80.323	0.5	go_success	0.547
82.144	0.5	go_success	0.39
83.765	0.5	stop_success	NA
85.469	0.5	go_success	0.466
87.29	0.5	go_success	0.406
88.977	0.5	go_success	0.37
90.848	0.5	go_success	0.379
92.819	0.5	stop_success	NA
94.74	0.5	go_success	0.393
96.645	0.5	stop_success	NA
98.533	0.5	stop_success	NA
100.154	0.5	go_success	0.353
101.907	0.5	go_success	0.346
103.845	0.5	go_success	0.44
105.7	0.5	go_success	0.52
107.521	0.5	go_success	0.394
109.458	0.5	go_success	0.372
111.229	0.5	go_success	0.468
112.85	0.5	go_success	0.454
114.754	0.5	go_success	0.437
116.625	0.5	stop_success	NA
118.313	0.5	go_success	0.435
120.301	0.5	go_success	0.296
122.172	0.5	go_success	0.372
123.809	0.5	go_success	0.381
125.58	0.5	stop_success	NA
127.184	0.5	go_success	0.461
129.038	0.5	go_success	0.332
130.943	0.5	go_success	0.392
132.563	0.5	go_success	0.395
134.334	0.5	go_success	0.32
136.188	0.5	stop_success	NA
137.792	0.5	go_success	0.451
139.78	0.5	go_success	0.388
141.501	0.5	go_success	0.338
143.505	0.5	stop_success	NA
145.293	0.5	go_success	0.399
147.047	0.5	go_success	0.383
148.985	0.5	stop_success	NA
150.756	0.5	go_success	0.431
152.443	0.5	go_success	0.372
154.364	0.5	go_success	0.472
156.302	0.5	stop_success	NA
158.023	0.5	go_success	0.457
159.861	0.5	stop_success	NA
161.598	0.5	go_success	0.462
163.269	0.5	stop_success	NA
165.09	0.5	go_success	0.564
166.71	0.5	go_success	0.423
168.531	0.5	stop_success	NA
170.302	0.5	go_success	0.433
172.19	0.5	stop_success	NA
173.844	0.5	go_success	0.39
175.531	0.5	go_success	0.407
177.519	0.5	go_success	0.381
179.29	0.5	stop_success	NA
181.027	0.5	go_success	0.351
182.748	0.5	go_success	0.488
184.719	0.5	go_success	0.425
186.49	0.5	stop_success	NA
188.395	0.5	go_success	0.331
190.132	0.5	go_success	0.428
191.853	0.5	stop_success	NA
193.658	0.5	go_success	0.5
195.528	0.5	go_success	0.524
197.299	0.5	stop_success	NA
199.003	0.5	go_success	0.546
200.958	0.5	go_success	0.4
202.912	0.5	stop_success	NA
204.767	0.5	go_success	0.606
206.454	0.5	stop_success	NA
208.242	0.5	go_success	0.381
210.263	0.5	go_success	0.428
212.034	0.5	go_success	0.432
213.805	0.5	go_success	0.373
215.542	0.5	go_success	0.395
217.363	0.5	go_success	0.479
218.95	0.5	stop_success	NA
220.704	0.5	stop_success	NA
222.342	0.5	go_success	0.511
224.346	0.5	go_success	0.473
226.034	0.5	go_success	0.514
228.005	0.5	go_success	0.417
229.943	0.5	stop_success	NA
231.513	0.5	go_success	0.468
233.451	0.5	go_success	0.356
235.372	0.5	go_success	0.532
237.11	0.5	stop_success	NA
239.031	0.5	go_success	0.492
240.752	0.5	go_success	0.561
242.74	0.5	go_success	0.514
244.527	0.5	stop_success	NA
246.265	0.5	go_success	0.451
248.124	0.5	stop_success	NA
249.823	0.5	go_success	0.477
