onset	duration	trial_type	response_time
0	0.5	go_success	0.808
1.733	0.5	go_success	0.444
3.4	0.5	stop_success	NA
5.3	0.5	go_success	0.564
6.983	0.5	go_success	0.387
8.783	0.5	go_success	0.541
10.55	0.5	stop_success	NA
12.283	0.5	go_success	0.489
14.166	0.5	go_success	0.402
15.95	0.5	go_success	0.357
17.699	0.5	go_success	0.345
19.383	0.5	stop_success	NA
21.149	0.5	stop_success	NA
23.116	0.5	go_success	0.461
24.899	0.5	go_success	0.329
26.716	0.5	go_success	0.486
28.532	0.5	go_success	0.387
30.399	0.5	go_success	0.393
32.116	0.5	stop_success	NA
33.966	0.5	go_success	0.36
35.649	0.5	go_success	0.363
37.282	0.5	go_success	0.43
39.032	0.5	go_success	0.402
40.832	0.5	go_success	0.314
42.732	0.5	stop_success	NA
44.715	0.5	stop_success	NA
46.665	0.5	go_success	0.484
48.415	0.5	go_success	0.307
50.049	0.5	go_success	0.387
51.915	0.5	go_success	0.395
53.748	0.5	stop_success	NA
55.498	0.5	go_success	0.563
57.115	0.5	go_success	0.633
58.765	0.5	stop_error	0.377
60.498	0.5	go_success	0.38
62.382	0.5	go_success	0.498
64.015	0.5	go_success	0.464
65.981	0.5	go_success	0.417
67.665	0.5	go_success	0.527
69.298	0.5	go_success	0.362
71.165	0.5	go_success	0.436
72.865	0.5	go_success	0.497
74.848	0.5	go_success	0.452
76.781	0.5	go_success	0.429
78.564	0.5	go_success	0.444
80.298	0.5	go_success	0.512
82.098	0.5	go_success	0.431
83.714	0.5	stop_success	NA
85.481	0.5	go_success	0.618
87.281	0.5	go_success	0.303
88.964	0.5	go_success	0.388
90.797	0.5	go_success	0.311
92.781	0.5	stop_success	NA
94.731	0.5	go_success	0.454
96.597	0.5	stop_success	NA
98.514	0.5	stop_success	NA
100.164	0.5	go_success	0.532
101.914	0.5	go_success	0.331
103.847	0.5	go_success	0.475
105.647	0.5	go_success	0.325
107.48	0.5	go_success	0.452
109.413	0.5	go_success	0.467
111.197	0.5	go_success	0.503
112.83	0.5	go_success	0.513
114.747	0.5	go_success	0.437
116.58	0.5	stop_success	NA
118.297	0.5	go_success	0.467
120.263	0.5	go_success	0.469
122.13	0.5	go_success	0.448
123.78	0.5	go_success	0.444
125.563	0.5	stop_success	NA
127.196	0.5	go_success	0.547
129.03	0.5	go_success	0.443
130.896	0.5	go_success	0.586
132.529	0.5	go_success	0.48
134.296	0.5	go_success	0.4
136.146	0.5	stop_success	NA
137.779	0.5	go_success	0.542
139.779	0.5	go_success	0.483
141.496	0.5	go_success	0.495
143.496	0.5	stop_success	NA
145.279	0.5	go_success	0.556
147.012	0.5	go_success	0.382
148.946	0.5	stop_success	NA
150.746	0.5	go_success	0.553
152.429	0.5	go_success	0.491
154.345	0.5	go_success	0.498
156.262	0.5	stop_success	NA
158.029	0.5	go_success	0.527
159.812	0.5	stop_success	NA
161.579	0.5	go_success	0.493
163.229	0.5	stop_success	NA
165.095	0.5	go_success	0.405
166.695	0.5	go_success	0.587
168.528	0.5	stop_success	NA
170.278	0.5	go_success	0.514
172.145	0.5	stop_success	NA
173.828	0.5	go_success	0.421
175.495	0.5	go_success	0.508
177.478	0.5	go_success	0.647
179.295	0.5	stop_success	NA
181.028	0.5	go_success	0.441
182.745	0.5	go_success	0.493
184.678	0.5	go_success	0.465
186.461	0.5	stop_success	NA
188.378	0.5	go_success	0.462
190.094	0.5	go_success	0.421
191.844	0.5	stop_success	NA
193.678	0.5	go_success	0.483
195.478	0.5	go_success	0.393
197.261	0.5	stop_success	NA
198.994	0.5	go_success	0.498
200.911	0.5	go_success	0.601
202.877	0.5	stop_success	NA
204.777	0.5	go_success	0.565
206.444	0.5	stop_success	NA
208.244	0.5	go_success	0.393
210.211	0.5	go_success	0.532
211.994	0.5	go_success	0.57
213.76	0.5	go_success	0.332
215.494	0.5	go_success	0.378
217.31	0.5	go_success	0.452
218.944	0.5	stop_success	NA
220.71	0.5	stop_error	0.451
222.36	0.5	go_success	0.565
224.31	0.5	go_success	0.52
225.993	0.5	go_success	0.518
227.96	0.5	go_success	0.464
229.893	0.5	stop_success	NA
231.527	0.5	go_success	0.488
233.443	0.5	go_success	0.436
235.326	0.5	go_success	0.48
237.076	0.5	stop_success	NA
239.026	0.5	go_success	0.531
240.71	0.5	go_success	0.437
242.693	0.5	go_success	0.512
244.526	0.5	stop_success	NA
246.276	0.5	go_success	0.54
248.126	0.5	stop_success	NA
249.809	0.5	go_success	0.533
