onset	duration	trial_type	response_time
0	0.5	go_success	0.823
1.738	0.5	go_success	0.349
3.392	0.5	stop_success	NA
5.296	0.5	go_success	0.419
6.984	0.5	go_success	0.275
8.772	0.5	go_success	0.372
10.542	0.5	stop_success	NA
12.28	0.5	go_success	0.334
14.168	0.5	go_success	0.31
15.955	0.5	go_success	0.405
17.709	0.5	go_success	0.355
19.397	0.5	stop_success	NA
21.151	0.5	stop_success	NA
23.105	0.5	go_success	0.422
24.91	0.5	go_success	0.323
26.714	0.5	go_success	0.401
28.535	0.5	go_success	0.357
30.406	0.5	go_success	0.297
32.144	0.5	stop_success	NA
33.981	0.5	go_success	0.258
35.669	0.5	go_success	0.405
37.289	0.5	go_success	0.308
39.06	0.5	go_success	0.338
40.864	0.5	go_success	0.279
42.769	0.5	stop_success	NA
44.724	0.5	stop_success	NA
46.662	0.5	go_success	0.402
48.449	0.5	go_success	0.269
50.07	0.5	go_success	0.368
51.941	0.5	go_success	0.263
53.762	0.5	stop_success	NA
55.516	0.5	go_success	0.418
57.136	0.5	go_success	0.331
58.79	0.5	stop_success	NA
60.494	0.5	go_success	0.33
62.399	0.5	go_success	0.43
64.036	0.5	go_success	0.382
66.008	0.5	go_success	0.386
67.695	0.5	go_success	0.318
69.299	0.5	go_success	0.466
71.203	0.5	go_success	0.291
72.891	0.5	go_success	0.504
74.879	0.5	go_success	0.53
76.817	0.5	go_success	0.407
78.604	0.5	go_success	0.288
80.325	0.5	go_success	0.37
82.129	0.5	go_success	0.345
83.75	0.5	stop_success	NA
85.487	0.5	go_success	0.353
87.308	0.5	go_success	0.286
88.996	0.5	go_success	0.391
90.833	0.5	go_success	0.271
92.805	0.5	stop_success	NA
94.726	0.5	go_success	0.382
96.63	0.5	stop_success	NA
98.535	0.5	stop_success	NA
100.172	0.5	go_success	0.409
101.926	0.5	go_success	0.282
103.881	0.5	go_success	0.252
105.685	0.5	go_success	0.353
107.523	0.5	go_success	0.333
109.461	0.5	go_success	0.294
111.249	0.5	go_success	0.41
112.886	0.5	go_success	0.356
114.807	0.5	go_success	0.379
116.611	0.5	stop_success	NA
118.299	0.5	go_success	0.274
120.303	0.5	go_success	0.311
122.175	0.5	go_success	0.378
123.812	0.5	go_success	0.405
125.616	0.5	stop_success	NA
127.203	0.5	go_success	0.49
129.074	0.5	go_success	0.32
130.912	0.5	go_success	0.349
132.549	0.5	go_success	0.479
134.337	0.5	go_success	0.281
136.191	0.5	stop_success	NA
137.795	0.5	go_success	0.319
139.817	0.5	go_success	0.624
141.537	0.5	go_success	0.376
143.509	0.5	stop_success	NA
145.28	0.5	go_success	0.351
147.05	0.5	go_success	0.304
148.988	0.5	stop_success	NA
150.759	0.5	go_success	0.346
152.48	0.5	go_success	0.371
154.401	0.5	go_success	0.364
156.306	0.5	stop_success	NA
158.027	0.5	go_success	0.422
159.848	0.5	stop_success	NA
161.602	0.5	go_success	0.336
163.272	0.5	stop_success	NA
165.093	0.5	go_success	0.31
166.747	0.5	go_success	0.418
168.585	0.5	stop_success	NA
170.289	0.5	go_success	0.364
172.177	0.5	stop_success	NA
173.831	0.5	go_success	0.3
175.535	0.5	go_success	0.368
177.523	0.5	go_success	0.374
179.327	0.5	stop_success	NA
181.048	0.5	go_success	0.36
182.769	0.5	go_success	0.671
184.707	0.5	go_success	0.387
186.511	0.5	stop_success	NA
188.399	0.5	go_success	0.497
190.136	0.5	go_success	0.36
191.891	0.5	stop_success	NA
193.695	0.5	go_success	0.403
195.516	0.5	go_success	0.372
197.287	0.5	stop_success	NA
199.007	0.5	go_success	0.317
200.962	0.5	go_success	0.365
202.917	0.5	stop_success	NA
204.788	0.5	go_success	0.399
206.492	0.5	stop_success	NA
208.263	0.5	go_success	0.327
210.217	0.5	go_success	0.339
212.022	0.5	go_success	0.64
213.793	0.5	go_success	0.573
215.547	0.5	go_success	0.292
217.351	0.5	go_success	0.322
218.988	0.5	stop_error	0.329
220.759	0.5	stop_success	NA
222.363	0.5	go_success	0.379
224.334	0.5	go_success	0.329
226.038	0.5	go_success	0.382
228.01	0.5	go_success	0.275
229.948	0.5	stop_error	0.504
231.568	0.5	go_success	0.436
233.49	0.5	go_success	0.427
235.361	0.5	go_success	0.4
237.098	0.5	stop_success	NA
239.036	0.5	go_success	0.459
240.757	0.5	go_success	0.353
242.728	0.5	go_success	0.399
244.566	0.5	stop_success	NA
246.287	0.5	go_success	0.838
248.174	0.5	stop_success	NA
249.812	0.5	go_success	0.357
