onset	duration	trial_type	response_time
0	0.5	go_success	0.961
1.7	0.5	go_success	0.459
3.367	0.5	stop_error	0.837
5.266	0.5	go_success	0.67
6.933	0.5	go_success	0.4
8.733	0.5	go_error	0.386
10.5	0.5	stop_error	0.36
12.25	0.5	go_success	0.754
14.133	0.5	go_success	0.353
15.916	0.5	go_success	0.675
17.666	0.5	go_success	0.401
19.349	0.5	stop_error	0.356
21.099	0.5	stop_error	1.196
23.066	0.5	go_success	0.543
24.866	0.5	go_error	0.436
26.666	0.5	go_success	0.463
28.499	0.5	go_success	1.091
30.366	0.5	go_success	0.543
32.082	0.5	stop_error	0.333
33.932	0.5	go_success	0.658
35.599	0.5	go_success	0.306
37.249	0.5	go_success	0.58
38.999	0.5	go_success	0.673
40.799	0.5	go_success	0.196
42.699	0.5	stop_success	NA
44.682	0.5	stop_success	NA
46.615	0.5	go_success	0.653
48.382	0.5	go_success	0.493
49.998	0.5	go_success	0.726
51.882	0.5	go_success	0.396
53.715	0.5	stop_error	0.665
55.465	0.5	go_success	0.789
57.065	0.5	go_success	1
58.732	0.5	stop_error	0.812
60.465	0.5	go_success	0.837
62.331	0.5	go_success	0.366
63.981	0.5	go_error	0.897
65.948	0.5	go_success	0.756
67.631	0.5	go_success	0.435
69.248	0.5	go_success	0.316
71.131	0.5	go_success	0.687
72.814	0.5	go_success	0.6
74.814	0.5	go_success	0.804
76.748	0.5	go_success	0.47
78.531	0.5	go_success	0.401
80.264	0.5	go_error	0.025
82.064	0.5	go_error	0.413
83.681	0.5	stop_error	0.861
85.447	0.5	go_success	0.617
87.247	0.5	go_success	0.714
88.931	0.5	go_success	0.607
90.764	0.5	go_success	0.589
92.747	0.5	stop_error	0.69
94.681	0.5	go_success	0.585
96.564	0.5	stop_error	0.799
98.48	0.5	stop_success	NA
100.13	0.5	go_success	0.541
101.864	0.5	go_success	0.748
103.814	0.5	go_success	0.573
105.614	0.5	go_success	0.43
107.447	0.5	go_success	0.354
109.38	0.5	go_success	0.366
111.163	0.5	go_success	0.319
112.797	0.5	go_success	0.679
114.713	0.5	go_success	0.565
116.53	0.5	stop_error	0.757
118.263	0.5	go_success	0.673
120.23	0.5	go_success	0.642
122.096	0.5	go_success	0.642
123.73	0.5	go_success	0.536
125.53	0.5	stop_success	NA
127.146	0.5	go_success	0.485
128.996	0.5	go_success	0.609
130.863	0.5	go_success	0.473
132.479	0.5	go_success	0.467
134.263	0.5	go_success	0.624
136.113	0.5	stop_error	0.733
137.746	0.5	go_success	0.874
139.729	0.5	go_success	0.657
141.462	0.5	go_error	1.026
143.462	0.5	stop_error	0.756
145.229	0.5	go_success	0.721
146.979	0.5	go_error	NA
148.912	0.5	stop_error	0.923
150.712	0.5	go_error	NA
152.395	0.5	go_error	0.752
154.312	0.5	go_success	0.545
156.229	0.5	stop_error	0.779
157.979	0.5	go_success	1.209
159.779	0.5	stop_error	1.036
161.545	0.5	go_success	0.787
163.178	0.5	stop_error	0.834
165.062	0.5	go_success	1.114
166.662	0.5	go_success	1.11
168.495	0.5	stop_error	0.714
170.245	0.5	go_success	1.044
172.112	0.5	stop_error	0.757
173.795	0.5	go_success	0.621
175.445	0.5	go_success	0.712
177.445	0.5	go_success	0.554
179.245	0.5	stop_error	0.674
180.995	0.5	go_success	0.714
182.711	0.5	go_success	1.356
184.628	0.5	go_success	0.562
186.428	0.5	stop_success	NA
188.344	0.5	go_success	0.452
190.061	0.5	go_success	0.694
191.811	0.5	stop_error	0.729
193.628	0.5	go_success	0.466
195.444	0.5	go_success	0.632
197.228	0.5	stop_error	0.654
198.961	0.5	go_success	0.834
200.877	0.5	go_success	0.627
202.827	0.5	stop_error	0.623
204.744	0.5	go_success	0.787
206.411	0.5	stop_error	0.723
208.211	0.5	go_success	0.858
210.16	0.5	go_success	0.49
211.944	0.5	go_success	0.855
213.727	0.5	go_success	0.628
215.46	0.5	go_success	0.396
217.277	0.5	go_success	0.672
218.91	0.5	stop_error	0.694
220.677	0.5	stop_error	1.093
222.31	0.5	go_success	0.868
224.277	0.5	go_success	0.627
225.96	0.5	go_success	0.875
227.927	0.5	go_success	0.789
229.86	0.5	stop_error	0.505
231.477	0.5	go_success	0.662
233.393	0.5	go_success	0.908
235.276	0.5	go_success	0.649
237.043	0.5	stop_error	0.852
238.993	0.5	go_success	0.761
240.676	0.5	go_success	1.008
242.66	0.5	go_success	0.785
244.476	0.5	stop_error	0.837
246.243	0.5	go_success	0.643
248.076	0.5	stop_error	0.604
249.776	0.5	go_success	0.462
