onset	duration	trial_type	response_time
0	0.5	go_success	0.679
1.737	0.5	go_success	0.345
3.391	0.5	stop_success	NA
5.296	0.5	go_success	0.354
6.966	0.5	go_success	0.358
8.771	0.5	go_success	0.358
10.541	0.5	stop_success	NA
12.279	0.5	go_success	0.346
14.15	0.5	go_success	0.402
15.937	0.5	go_success	0.277
17.692	0.5	go_success	0.284
19.379	0.5	stop_success	NA
21.133	0.5	stop_success	NA
23.104	0.5	go_success	0.257
24.892	0.5	go_success	0.365
26.696	0.5	go_success	0.339
28.534	0.5	go_success	0.343
30.388	0.5	go_success	0.36
32.159	0.5	stop_success	NA
33.963	0.5	go_success	0.39
35.651	0.5	go_success	0.257
37.321	0.5	go_success	0.304
39.075	0.5	go_success	0.293
40.863	0.5	go_success	0.378
42.767	0.5	stop_success	NA
44.722	0.5	stop_success	NA
46.66	0.5	go_success	0.353
48.414	0.5	go_success	0.338
50.035	0.5	go_success	0.382
51.956	0.5	go_success	0.294
53.777	0.5	stop_success	NA
55.514	0.5	go_success	0.451
57.151	0.5	go_success	0.319
58.805	0.5	stop_success	NA
60.493	0.5	go_success	0.455
62.364	0.5	go_success	0.248
64.017	0.5	go_success	0.314
66.022	0.5	go_success	0.306
67.71	0.5	go_success	0.372
69.33	0.5	go_success	0.285
71.201	0.5	go_success	0.306
72.855	0.5	go_success	0.301
74.843	0.5	go_success	0.357
76.814	0.5	go_success	0.25
78.602	0.5	go_success	0.264
80.339	0.5	go_success	0.381
82.127	0.5	go_success	0.327
83.764	0.5	stop_success	NA
85.468	0.5	go_success	0.317
87.289	0.5	go_success	0.272
88.96	0.5	go_success	0.291
90.831	0.5	go_success	0.303
92.819	0.5	stop_success	NA
94.723	0.5	go_success	0.277
96.644	0.5	stop_success	NA
98.532	0.5	stop_success	NA
100.153	0.5	go_success	0.33
101.907	0.5	go_success	0.368
103.845	0.5	go_success	0.336
105.699	0.5	go_success	0.25
107.52	0.5	go_success	0.294
109.458	0.5	go_success	0.267
111.229	0.5	go_success	0.286
112.849	0.5	go_success	0.35
114.754	0.5	go_success	0.34
116.609	0.5	stop_success	NA
118.312	0.5	go_success	0.325
120.3	0.5	go_success	0.393
122.171	0.5	go_success	0.314
123.809	0.5	go_success	0.342
125.563	0.5	stop_success	NA
127.183	0.5	go_success	0.36
129.038	0.5	go_success	0.26
130.942	0.5	go_success	0.277
132.562	0.5	go_success	0.364
134.333	0.5	go_success	0.288
136.188	0.5	stop_success	NA
137.792	0.5	go_success	0.434
139.78	0.5	go_success	0.329
141.5	0.5	go_success	0.39
143.488	0.5	stop_success	NA
145.293	0.5	go_success	0.34
147.047	0.5	go_success	0.368
148.985	0.5	stop_success	NA
150.755	0.5	go_success	0.424
152.443	0.5	go_success	0.28
154.347	0.5	go_success	0.36
156.319	0.5	stop_success	NA
158.023	0.5	go_success	0.334
159.86	0.5	stop_success	NA
161.598	0.5	go_success	0.342
163.252	0.5	stop_success	NA
165.089	0.5	go_success	0.295
166.693	0.5	go_success	0.394
168.531	0.5	stop_success	NA
170.301	0.5	go_success	0.253
172.189	0.5	stop_success	NA
173.843	0.5	go_success	0.251
175.53	0.5	go_success	0.476
177.519	0.5	go_success	0.251
179.289	0.5	stop_success	NA
181.027	0.5	go_success	0.357
182.748	0.5	go_success	0.499
184.719	0.5	go_success	0.283
186.49	0.5	stop_success	NA
188.394	0.5	go_success	0.409
190.132	0.5	go_success	0.389
191.852	0.5	stop_success	NA
193.657	0.5	go_success	0.358
195.528	0.5	go_success	0.375
197.299	0.5	stop_success	NA
199.003	0.5	go_success	0.331
200.94	0.5	go_success	0.336
202.912	0.5	stop_success	NA
204.766	0.5	go_success	0.336
206.453	0.5	stop_success	NA
208.241	0.5	go_success	0.318
210.246	0.5	go_success	0.421
212.017	0.5	go_success	0.493
213.787	0.5	go_success	0.326
215.542	0.5	go_success	0.291
217.346	0.5	go_success	0.326
218.95	0.5	stop_success	NA
220.704	0.5	stop_success	NA
222.341	0.5	go_success	0.348
224.346	0.5	go_success	0.462
226.033	0.5	go_success	0.236
228.004	0.5	go_success	0.333
229.942	0.5	stop_success	NA
231.513	0.5	go_success	0.351
233.434	0.5	go_success	0.358
235.372	0.5	go_success	0.398
237.109	0.5	stop_success	NA
239.047	0.5	go_success	0.353
240.751	0.5	go_success	0.391
242.739	0.5	go_success	0.257
244.527	0.5	stop_success	NA
246.264	0.5	go_success	0.317
248.118	0.5	stop_success	NA
249.822	0.5	go_success	0.318
