onset	duration	trial_type	response_time
0	0.5	go_success	0.52
1.738	0.5	go_success	0.49
3.409	0.5	stop_success	NA
5.297	0.5	go_success	0.514
6.984	0.5	go_success	0.298
8.788	0.5	go_success	0.394
10.542	0.5	stop_success	NA
12.28	0.5	go_success	0.38
14.167	0.5	go_success	0.375
15.955	0.5	go_success	0.407
17.709	0.5	go_success	0.342
19.397	0.5	stop_success	NA
21.151	0.5	stop_success	NA
23.105	0.5	go_success	0.295
24.91	0.5	go_success	0.246
26.714	0.5	go_success	0.298
28.535	0.5	go_success	0.367
30.423	0.5	go_success	0.309
32.144	0.5	stop_success	NA
33.981	0.5	go_success	0.312
35.669	0.5	go_success	0.322
37.289	0.5	go_success	0.359
39.06	0.5	go_success	0.356
40.864	0.5	go_success	0.28
42.752	0.5	stop_success	NA
44.724	0.5	stop_success	NA
46.661	0.5	go_success	0.404
48.432	0.5	go_success	0.349
50.07	0.5	go_success	0.363
51.941	0.5	go_success	0.293
53.762	0.5	stop_success	NA
55.516	0.5	go_success	0.45
57.136	0.5	go_success	0.434
58.79	0.5	stop_success	NA
60.494	0.5	go_success	0.313
62.399	0.5	go_success	0.894
64.036	0.5	go_success	0.41
65.991	0.5	go_success	0.33
67.695	0.5	go_success	0.386
69.299	0.5	go_success	0.287
71.203	0.5	go_success	0.338
72.874	0.5	go_success	0.319
74.862	0.5	go_success	0.389
76.8	0.5	go_success	0.33
78.604	0.5	go_success	0.309
80.325	0.5	go_success	0.376
82.129	0.5	go_success	0.407
83.733	0.5	stop_success	NA
85.487	0.5	go_success	0.361
87.325	0.5	go_success	0.328
88.996	0.5	go_success	0.277
90.817	0.5	go_success	0.341
92.805	0.5	stop_success	NA
94.726	0.5	go_success	0.336
96.63	0.5	stop_success	NA
98.535	0.5	stop_success	NA
100.172	0.5	go_success	0.365
101.943	0.5	go_success	0.345
103.881	0.5	go_success	0.262
105.685	0.5	go_success	0.287
107.523	0.5	go_success	0.291
109.444	0.5	go_success	0.3
111.232	0.5	go_success	0.403
112.869	0.5	go_success	0.393
114.79	0.5	go_success	0.385
116.611	0.5	stop_success	NA
118.299	0.5	go_success	0.306
120.303	0.5	go_success	0.346
122.175	0.5	go_success	0.363
123.828	0.5	go_success	0.371
125.616	0.5	stop_success	NA
127.203	0.5	go_success	0.367
129.074	0.5	go_success	0.333
130.912	0.5	go_success	0.337
132.549	0.5	go_success	0.3
134.337	0.5	go_success	0.423
136.191	0.5	stop_success	NA
137.795	0.5	go_success	0.307
139.817	0.5	go_success	0.307
141.537	0.5	go_success	0.289
143.509	0.5	stop_success	NA
145.28	0.5	go_success	0.368
147.05	0.5	go_success	0.386
148.988	0.5	stop_success	NA
150.759	0.5	go_success	0.348
152.48	0.5	go_success	0.363
154.385	0.5	go_success	0.398
156.306	0.5	stop_success	NA
158.027	0.5	go_success	0.332
159.848	0.5	stop_success	NA
161.602	0.5	go_success	0.367
163.256	0.5	stop_success	NA
165.093	0.5	go_success	0.379
166.731	0.5	go_success	0.35
168.568	0.5	stop_success	NA
170.289	0.5	go_success	0.412
172.177	0.5	stop_success	NA
173.831	0.5	go_success	0.365
175.535	0.5	go_success	0.372
177.523	0.5	go_success	0.367
179.327	0.5	stop_success	NA
181.048	0.5	go_success	0.424
182.769	0.5	go_success	0.366
184.707	0.5	go_success	0.371
186.511	0.5	stop_success	NA
188.399	0.5	go_success	0.303
190.136	0.5	go_success	0.398
191.89	0.5	stop_success	NA
193.678	0.5	go_success	0.29
195.499	0.5	go_success	0.321
197.287	0.5	stop_success	NA
199.007	0.5	go_success	0.401
200.962	0.5	go_success	0.454
202.917	0.5	stop_success	NA
204.788	0.5	go_success	0.354
206.492	0.5	stop_success	NA
208.263	0.5	go_success	0.281
210.217	0.5	go_success	0.355
212.022	0.5	go_success	0.391
213.793	0.5	go_success	0.412
215.547	0.5	go_success	0.32
217.351	0.5	go_success	0.311
218.988	0.5	stop_success	NA
220.726	0.5	stop_success	NA
222.363	0.5	go_success	0.34
224.334	0.5	go_success	0.355
226.038	0.5	go_success	0.334
228.01	0.5	go_success	0.347
229.931	0.5	stop_success	NA
231.535	0.5	go_success	0.374
233.473	0.5	go_success	0.326
235.361	0.5	go_success	0.382
237.098	0.5	stop_success	NA
239.036	0.5	go_success	0.379
240.757	0.5	go_success	0.378
242.728	0.5	go_success	0.334
244.566	0.5	stop_success	NA
246.287	0.5	go_success	0.403
248.158	0.5	stop_success	NA
249.812	0.5	go_success	0.382
