onset	duration	trial_type	response_time
0	0.5	go_success	0.836
1.75	0.5	go_success	0.477
3.4	0.5	stop_success	NA
5.3	0.5	go_success	0.659
6.983	0.5	go_success	0.428
8.783	0.5	go_success	0.446
10.549	0.5	stop_success	NA
12.283	0.5	go_success	0.605
14.166	0.5	go_success	0.485
15.949	0.5	go_success	0.361
17.716	0.5	go_success	0.411
19.399	0.5	stop_success	NA
21.149	0.5	stop_success	NA
23.115	0.5	go_success	0.403
24.915	0.5	go_success	0.326
26.715	0.5	go_success	0.362
28.532	0.5	go_success	0.484
30.398	0.5	go_success	0.369
32.132	0.5	stop_error	0.358
33.981	0.5	go_success	0.482
35.648	0.5	go_success	0.523
37.281	0.5	go_success	0.549
39.031	0.5	go_success	0.482
40.831	0.5	go_success	0.484
42.731	0.5	stop_success	NA
44.714	0.5	stop_success	NA
46.664	0.5	go_success	0.396
48.414	0.5	go_success	0.371
50.047	0.5	go_success	0.644
51.914	0.5	go_success	0.472
53.747	0.5	stop_success	NA
55.514	0.5	go_success	0.522
57.114	0.5	go_success	0.508
58.764	0.5	stop_success	NA
60.497	0.5	go_success	0.409
62.38	0.5	go_success	0.445
64.013	0.5	go_success	0.522
65.98	0.5	go_success	0.447
67.68	0.5	go_success	0.543
69.296	0.5	go_success	0.588
71.18	0.5	go_success	0.444
72.863	0.5	go_success	0.451
74.846	0.5	go_success	0.424
76.779	0.5	go_success	0.51
78.579	0.5	go_success	0.439
80.296	0.5	go_success	0.726
82.096	0.5	go_success	0.437
83.729	0.5	stop_success	NA
85.479	0.5	go_success	0.627
87.279	0.5	go_success	0.394
88.979	0.5	go_success	0.512
90.795	0.5	go_success	0.309
92.778	0.5	stop_success	NA
94.728	0.5	go_success	0.416
96.612	0.5	stop_success	NA
98.528	0.5	stop_success	NA
100.162	0.5	go_success	0.585
101.911	0.5	go_success	0.389
103.845	0.5	go_success	0.389
105.661	0.5	go_success	0.35
107.478	0.5	go_success	0.372
109.411	0.5	go_success	0.397
111.194	0.5	go_success	0.354
112.844	0.5	go_success	0.657
114.744	0.5	go_success	0.548
116.577	0.5	stop_success	NA
118.311	0.5	go_success	0.338
120.26	0.5	go_success	0.364
122.127	0.5	go_success	0.412
123.777	0.5	go_success	0.42
125.577	0.5	stop_success	NA
127.193	0.5	go_success	0.452
129.027	0.5	go_success	0.645
130.91	0.5	go_success	0.47
132.526	0.5	go_success	0.638
134.294	0.5	go_success	0.449
136.143	0.5	stop_success	NA
137.793	0.5	go_success	0.588
139.776	0.5	go_success	0.557
141.493	0.5	go_success	0.351
143.493	0.5	stop_success	NA
145.276	0.5	go_success	0.537
147.009	0.5	go_success	0.414
148.959	0.5	stop_success	NA
150.742	0.5	go_success	0.563
152.442	0.5	go_success	0.429
154.359	0.5	go_success	0.556
156.275	0.5	stop_success	NA
158.025	0.5	go_success	0.57
159.825	0.5	stop_success	NA
161.592	0.5	go_success	0.514
163.225	0.5	stop_success	NA
165.091	0.5	go_success	0.561
166.691	0.5	go_success	0.541
168.541	0.5	stop_success	NA
170.291	0.5	go_success	0.562
172.158	0.5	stop_success	NA
173.824	0.5	go_success	0.512
175.491	0.5	go_success	0.508
177.491	0.5	go_success	0.419
179.291	0.5	stop_success	NA
181.041	0.5	go_success	0.555
182.757	0.5	go_success	0.593
184.674	0.5	go_success	0.511
186.457	0.5	stop_success	NA
188.39	0.5	go_success	0.578
190.09	0.5	go_success	0.493
191.857	0.5	stop_success	NA
193.673	0.5	go_success	0.467
195.473	0.5	go_success	0.443
197.257	0.5	stop_success	NA
199.006	0.5	go_success	0.553
200.906	0.5	go_success	0.384
202.873	0.5	stop_success	NA
204.789	0.5	go_success	0.524
206.44	0.5	stop_success	NA
208.256	0.5	go_success	0.516
210.206	0.5	go_success	0.401
211.989	0.5	go_success	0.586
213.756	0.5	go_success	0.573
215.506	0.5	go_success	0.383
217.322	0.5	go_success	0.359
218.955	0.5	stop_success	NA
220.722	0.5	stop_success	NA
222.355	0.5	go_success	0.553
224.305	0.5	go_success	0.446
225.988	0.5	go_success	0.556
227.972	0.5	go_success	0.606
229.905	0.5	stop_success	NA
231.521	0.5	go_success	0.582
233.438	0.5	go_success	0.545
235.321	0.5	go_success	0.482
237.071	0.5	stop_success	NA
239.021	0.5	go_success	0.571
240.721	0.5	go_success	0.517
242.688	0.5	go_success	0.565
244.521	0.5	stop_success	NA
246.287	0.5	go_success	0.639
248.121	0.5	stop_success	NA
249.821	0.5	go_success	0.595
