onset	duration	trial_type	response_time
0	0.5	go_success	0.556
1.733	0.5	go_success	0.379
3.386	0.5	stop_success	NA
5.293	0.5	go_success	0.366
6.973	0.5	go_success	0.363
8.772	0.5	go_success	0.397
10.532	0.5	stop_success	NA
12.279	0.5	go_success	0.287
14.159	0.5	go_success	0.486
15.933	0.5	go_success	0.293
17.692	0.5	go_success	0.321
19.385	0.5	stop_success	NA
21.132	0.5	stop_success	NA
23.105	0.5	go_success	0.244
24.892	0.5	go_success	0.343
26.705	0.5	go_success	0.362
28.532	0.5	go_success	0.386
30.385	0.5	go_success	0.348
32.118	0.5	stop_success	NA
33.958	0.5	go_success	0.328
35.638	0.5	go_success	0.283
37.278	0.5	go_success	0.323
39.024	0.5	go_success	0.301
40.824	0.5	go_success	0.334
42.718	0.5	stop_success	NA
44.704	0.5	stop_success	NA
46.651	0.5	go_success	0.299
48.411	0.5	go_success	0.281
50.037	0.5	go_success	0.293
51.904	0.5	go_success	0.33
53.731	0.5	stop_success	NA
55.491	0.5	go_success	0.302
57.104	0.5	go_success	0.326
58.757	0.5	stop_success	NA
60.49	0.5	go_success	0.307
62.37	0.5	go_success	0.298
64.01	0.5	go_success	0.308
65.97	0.5	go_success	0.419
67.663	0.5	go_success	0.325
69.277	0.5	go_success	0.267
71.157	0.5	go_success	0.3
72.849	0.5	go_success	0.32
74.836	0.5	go_success	0.382
76.769	0.5	go_success	0.249
78.556	0.5	go_success	0.314
80.289	0.5	go_success	0.365
82.089	0.5	go_success	0.471
83.716	0.5	stop_success	NA
85.463	0.5	go_success	0.342
87.275	0.5	go_success	0.328
88.955	0.5	go_success	0.364
90.795	0.5	go_success	0.347
92.768	0.5	stop_success	NA
94.715	0.5	go_success	0.318
96.595	0.5	stop_success	NA
98.515	0.5	stop_success	NA
100.155	0.5	go_success	0.293
101.901	0.5	go_success	0.263
103.835	0.5	go_success	0.313
105.648	0.5	go_success	0.259
107.474	0.5	go_success	0.254
109.408	0.5	go_success	0.212
111.181	0.5	go_success	0.289
112.834	0.5	go_success	0.323
114.741	0.5	go_success	0.275
116.567	0.5	stop_success	NA
118.287	0.5	go_success	0.241
120.247	0.5	go_success	0.256
122.127	0.5	go_success	0.425
123.767	0.5	go_success	0.289
125.554	0.5	stop_success	NA
127.18	0.5	go_success	0.355
129.02	0.5	go_success	0.252
130.887	0.5	go_success	0.274
132.513	0.5	go_success	0.345
134.286	0.5	go_success	0.252
136.14	0.5	stop_success	NA
137.78	0.5	go_success	0.313
139.766	0.5	go_success	0.324
141.486	0.5	go_success	0.344
143.486	0.5	stop_success	NA
145.259	0.5	go_success	0.309
147.006	0.5	go_success	0.285
148.939	0.5	stop_success	NA
150.739	0.5	go_success	0.309
152.419	0.5	go_success	0.347
154.339	0.5	go_success	0.342
156.259	0.5	stop_success	NA
158.006	0.5	go_success	0.318
159.805	0.5	stop_success	NA
161.579	0.5	go_success	0.345
163.206	0.5	stop_success	NA
165.085	0.5	go_success	0.326
166.685	0.5	go_success	0.419
168.525	0.5	stop_success	NA
170.271	0.5	go_success	0.303
172.138	0.5	stop_success	NA
173.818	0.5	go_success	0.267
175.485	0.5	go_success	0.378
177.471	0.5	go_success	0.375
179.284	0.5	stop_success	NA
181.018	0.5	go_success	0.294
182.738	0.5	go_success	0.356
184.657	0.5	go_success	0.311
186.444	0.5	stop_success	NA
188.377	0.5	go_success	0.329
190.084	0.5	go_success	0.421
191.844	0.5	stop_success	NA
193.657	0.5	go_success	0.28
195.47	0.5	go_success	0.323
197.257	0.5	stop_success	NA
198.99	0.5	go_success	0.333
200.897	0.5	go_success	0.27
202.857	0.5	stop_success	NA
204.764	0.5	go_success	0.316
206.43	0.5	stop_success	NA
208.243	0.5	go_success	0.272
210.19	0.5	go_success	0.317
211.976	0.5	go_success	0.48
213.749	0.5	go_success	0.259
215.496	0.5	go_success	0.292
217.309	0.5	go_success	0.403
218.936	0.5	stop_success	NA
220.709	0.5	stop_success	NA
222.349	0.5	go_success	0.356
224.296	0.5	go_success	0.372
225.989	0.5	go_success	0.367
227.962	0.5	go_success	0.414
229.895	0.5	stop_success	NA
231.509	0.5	go_success	0.357
233.428	0.5	go_success	0.273
235.308	0.5	go_success	0.317
237.068	0.5	stop_success	NA
239.015	0.5	go_success	0.293
240.708	0.5	go_success	0.312
242.681	0.5	go_success	0.336
244.508	0.5	stop_success	NA
246.268	0.5	go_success	0.27
248.108	0.5	stop_success	NA
249.801	0.5	go_success	0.401
