onset	duration	trial_type	response_time
0	0.5	go_success	0.626
1.737	0.5	go_success	0.448
3.391	0.5	stop_success	NA
5.296	0.5	go_success	0.44
6.966	0.5	go_success	0.278
8.771	0.5	go_success	0.417
10.541	0.5	stop_success	NA
12.279	0.5	go_success	0.451
14.15	0.5	go_success	0.247
15.938	0.5	go_success	0.217
17.692	0.5	go_success	0.271
19.379	0.5	stop_success	NA
21.133	0.5	stop_success	NA
23.104	0.5	go_success	0.281
24.892	0.5	go_success	0.308
26.696	0.5	go_success	0.343
28.534	0.5	go_success	0.413
30.388	0.5	go_success	0.32
32.159	0.5	stop_success	NA
33.963	0.5	go_success	0.21
35.651	0.5	go_success	0.276
37.321	0.5	go_success	0.281
39.059	0.5	go_success	0.269
40.863	0.5	go_success	0.215
42.767	0.5	stop_success	NA
44.722	0.5	stop_success	NA
46.644	0.5	go_success	0.393
48.414	0.5	go_success	0.277
50.035	0.5	go_success	0.363
51.956	0.5	go_success	0.314
53.777	0.5	stop_success	NA
55.514	0.5	go_success	0.401
57.151	0.5	go_success	0.378
58.805	0.5	stop_success	NA
60.493	0.5	go_success	0.285
62.38	0.5	go_success	0.203
64.018	0.5	go_success	0.302
66.006	0.5	go_success	0.341
67.693	0.5	go_success	0.217
69.33	0.5	go_success	0.313
71.201	0.5	go_success	0.282
72.855	0.5	go_success	0.24
74.843	0.5	go_success	0.404
76.815	0.5	go_success	0.194
78.602	0.5	go_success	0.224
80.323	0.5	go_success	0.438
82.127	0.5	go_success	0.3
83.748	0.5	stop_success	NA
85.468	0.5	go_success	0.275
87.289	0.5	go_success	0.224
88.96	0.5	go_success	0.244
90.848	0.5	go_success	0.225
92.802	0.5	stop_error	0.249
94.757	0.5	go_success	0.264
96.628	0.5	stop_success	NA
98.532	0.5	stop_success	NA
100.153	0.5	go_success	0.382
101.907	0.5	go_success	0.251
103.845	0.5	go_success	0.504
105.699	0.5	go_success	0.234
107.504	0.5	go_success	0.314
109.442	0.5	go_success	0.275
111.229	0.5	go_success	0.22
112.833	0.5	go_success	0.372
114.754	0.5	go_success	0.315
116.608	0.5	stop_success	NA
118.312	0.5	go_success	0.219
120.284	0.5	go_success	0.222
122.172	0.5	go_success	0.254
123.809	0.5	go_success	0.24
125.563	0.5	stop_error	0.212
127.2	0.5	go_success	0.376
129.021	0.5	go_success	0.259
130.942	0.5	go_success	0.211
132.546	0.5	go_success	0.318
134.334	0.5	go_success	0.202
136.188	0.5	stop_success	NA
137.792	0.5	go_success	0.33
139.78	0.5	go_success	0.312
141.5	0.5	go_success	0.363
143.489	0.5	stop_success	NA
145.276	0.5	go_success	0.258
147.047	0.5	go_success	0.207
148.985	0.5	stop_success	NA
150.756	0.5	go_success	0.311
152.426	0.5	go_success	0.241
154.347	0.5	go_success	0.284
156.302	0.5	stop_success	NA
158.023	0.5	go_success	0.409
159.844	0.5	stop_success	NA
161.598	0.5	go_success	0.263
163.252	0.5	stop_success	NA
165.09	0.5	go_success	0.257
166.693	0.5	go_success	0.389
168.531	0.5	stop_success	NA
170.302	0.5	go_success	0.313
172.173	0.5	stop_success	NA
173.827	0.5	go_success	0.287
175.531	0.5	go_success	0.366
177.519	0.5	go_success	0.221
179.29	0.5	stop_success	NA
181.027	0.5	go_success	0.19
182.748	0.5	go_success	0.361
184.703	0.5	go_success	0.257
186.49	0.5	stop_success	NA
188.394	0.5	go_success	0.226
190.132	0.5	go_success	0.376
191.853	0.5	stop_success	NA
193.657	0.5	go_success	0.225
195.511	0.5	go_success	0.193
197.299	0.5	stop_success	NA
199.003	0.5	go_success	0.26
200.957	0.5	go_success	0.247
202.912	0.5	stop_success	NA
204.766	0.5	go_success	0.321
206.437	0.5	stop_success	NA
208.241	0.5	go_success	0.207
210.246	0.5	go_success	0.245
212.034	0.5	go_success	0.332
213.788	0.5	go_success	0.218
215.542	0.5	go_success	0.211
217.346	0.5	go_success	0.313
218.95	0.5	stop_success	NA
220.704	0.5	stop_success	NA
222.341	0.5	go_success	0.297
224.346	0.5	go_success	0.374
226.033	0.5	go_success	0.242
228.005	0.5	go_success	0.213
229.943	0.5	stop_success	NA
231.513	0.5	go_success	0.341
233.434	0.5	go_success	0.224
235.372	0.5	go_success	0.259
237.109	0.5	stop_success	NA
239.031	0.5	go_success	0.277
240.751	0.5	go_success	0.227
242.723	0.5	go_success	0.252
244.527	0.5	stop_success	NA
246.264	0.5	go_success	0.282
248.119	0.5	stop_success	NA
249.823	0.5	go_success	0.414
