onset	duration	trial_type	response_time
0	0.5	go_error	NA
1.738	0.5	go_success	1.404
3.392	0.5	stop_success	NA
5.296	0.5	go_success	0.911
6.967	0.5	go_success	0.469
8.771	0.5	go_success	0.439
10.542	0.5	stop_error	0.435
12.279	0.5	go_success	0.59
14.167	0.5	go_success	0.584
15.938	0.5	go_success	0.424
17.709	0.5	go_success	0.42
19.38	0.5	stop_success	NA
21.134	0.5	stop_success	NA
23.105	0.5	go_success	0.367
24.91	0.5	go_success	0.29
26.698	0.5	go_success	0.294
28.535	0.5	go_error	0.274
30.439	0.5	go_error	NA
32.127	0.5	stop_success	NA
33.981	0.5	go_success	0.518
35.685	0.5	go_success	0.31
37.306	0.5	go_success	0.361
39.077	0.5	go_success	0.403
40.881	0.5	go_success	0.343
42.769	0.5	stop_success	NA
44.723	0.5	stop_success	NA
46.661	0.5	go_success	0.331
48.432	0.5	go_success	0.326
50.069	0.5	go_success	0.283
51.941	0.5	go_success	0.221
53.761	0.5	stop_success	NA
55.516	0.5	go_success	0.437
57.136	0.5	go_success	0.3
58.79	0.5	stop_success	NA
60.494	0.5	go_success	0.302
62.399	0.5	go_success	0.257
64.036	0.5	go_success	0.368
66.007	0.5	go_success	0.309
67.695	0.5	go_success	0.294
69.298	0.5	go_success	0.405
71.203	0.5	go_success	0.492
72.89	0.5	go_success	0.408
74.878	0.5	go_success	0.447
76.8	0.5	go_success	0.297
78.604	0.5	go_success	0.397
80.325	0.5	go_success	0.533
82.129	0.5	go_success	0.642
83.75	0.5	stop_error	0.453
85.487	0.5	go_success	0.821
87.308	0.5	go_success	0.618
88.995	0.5	go_success	0.608
90.833	0.5	go_success	0.358
92.804	0.5	stop_success	NA
94.726	0.5	go_success	0.286
96.63	0.5	stop_success	NA
98.518	0.5	stop_success	NA
100.156	0.5	go_success	0.625
101.926	0.5	go_success	0.296
103.881	0.5	go_success	0.391
105.668	0.5	go_success	0.262
107.523	0.5	go_success	0.283
109.444	0.5	go_success	0.315
111.248	0.5	go_success	0.386
112.869	0.5	go_success	0.754
114.79	0.5	go_success	0.46
116.611	0.5	stop_success	NA
118.298	0.5	go_success	0.407
120.303	0.5	go_success	0.369
122.174	0.5	go_success	0.509
123.811	0.5	go_success	0.446
125.616	0.5	stop_success	NA
127.186	0.5	go_success	0.442
129.074	0.5	go_success	0.39
130.912	0.5	go_success	0.39
132.549	0.5	go_success	0.427
134.337	0.5	go_success	0.271
136.191	0.5	stop_success	NA
137.795	0.5	go_success	0.426
139.816	0.5	go_success	0.248
141.537	0.5	go_success	0.623
143.508	0.5	stop_success	NA
145.279	0.5	go_success	0.631
147.05	0.5	go_success	0.333
148.988	0.5	stop_success	NA
150.742	0.5	go_success	0.421
152.48	0.5	go_success	0.372
154.384	0.5	go_success	0.438
156.289	0.5	stop_success	NA
158.026	0.5	go_success	0.364
159.847	0.5	stop_success	NA
161.601	0.5	go_success	0.462
163.272	0.5	stop_success	NA
165.093	0.5	go_success	0.295
166.747	0.5	go_success	0.363
168.585	0.5	stop_success	NA
170.272	0.5	go_success	0.421
172.177	0.5	stop_success	NA
173.831	0.5	go_success	0.354
175.535	0.5	go_success	0.382
177.523	0.5	go_success	0.485
179.327	0.5	stop_success	NA
181.048	0.5	go_success	0.342
182.768	0.5	go_success	0.46
184.706	0.5	go_success	0.598
186.494	0.5	stop_success	NA
188.399	0.5	go_success	0.32
190.136	0.5	go_success	0.37
191.89	0.5	stop_success	NA
193.678	0.5	go_success	0.425
195.515	0.5	go_success	0.323
197.303	0.5	stop_success	NA
198.99	0.5	go_success	0.434
200.962	0.5	go_success	0.285
202.916	0.5	stop_success	NA
204.787	0.5	go_success	0.55
206.492	0.5	stop_success	NA
208.262	0.5	go_success	0.328
210.217	0.5	go_success	0.411
212.021	0.5	go_success	0.556
213.792	0.5	go_success	0.527
215.546	0.5	go_success	0.426
217.351	0.5	go_success	0.515
218.988	0.5	stop_success	NA
220.725	0.5	stop_success	NA
222.346	0.5	go_success	0.549
224.334	0.5	go_success	0.568
226.038	0.5	go_success	0.385
228.026	0.5	go_success	0.28
229.947	0.5	stop_success	NA
231.534	0.5	go_success	0.444
233.472	0.5	go_success	0.384
235.36	0.5	go_success	0.496
237.098	0.5	stop_success	NA
239.019	0.5	go_success	0.476
240.756	0.5	go_success	0.457
242.744	0.5	go_success	0.417
244.549	0.5	stop_success	NA
246.286	0.5	go_success	0.485
248.157	0.5	stop_success	NA
249.811	0.5	go_success	0.569
