onset	duration	trial_type	response_time
0	0.5	go_success	0.669
1.733	0.5	go_success	0.448
3.399	0.5	stop_success	NA
5.293	0.5	go_success	0.612
6.973	0.5	go_success	0.425
8.772	0.5	go_success	0.474
10.546	0.5	stop_success	NA
12.279	0.5	go_success	0.482
14.159	0.5	go_success	0.476
15.945	0.5	go_success	0.405
17.705	0.5	go_success	0.419
19.385	0.5	stop_success	NA
21.145	0.5	stop_success	NA
23.105	0.5	go_success	0.359
24.905	0.5	go_success	0.473
26.705	0.5	go_success	0.465
28.531	0.5	go_success	0.579
30.398	0.5	go_success	0.505
32.118	0.5	stop_success	NA
33.971	0.5	go_success	0.445
35.638	0.5	go_success	0.401
37.278	0.5	go_success	0.56
39.038	0.5	go_success	0.41
40.837	0.5	go_success	0.58
42.731	0.5	stop_success	NA
44.717	0.5	stop_success	NA
46.664	0.5	go_success	0.329
48.41	0.5	go_success	0.386
50.037	0.5	go_success	0.453
51.917	0.5	go_success	0.45
53.743	0.5	stop_success	NA
55.503	0.5	go_success	0.565
57.103	0.5	go_success	0.638
58.757	0.5	stop_success	NA
60.49	0.5	go_success	0.397
62.37	0.5	go_success	0.475
64.01	0.5	go_success	0.653
65.97	0.5	go_success	0.642
67.663	0.5	go_success	0.629
69.289	0.5	go_success	0.645
71.169	0.5	go_success	0.745
72.863	0.5	go_success	0.583
74.849	0.5	go_success	0.666
76.782	0.5	go_success	0.551
78.569	0.5	go_success	0.514
80.289	0.5	go_success	0.886
82.102	0.5	go_success	0.525
83.715	0.5	stop_success	NA
85.475	0.5	go_success	0.537
87.275	0.5	go_success	0.643
88.968	0.5	go_success	0.523
90.795	0.5	go_success	0.536
92.769	0.5	stop_success	NA
94.715	0.5	go_success	0.375
96.595	0.5	stop_success	NA
98.515	0.5	stop_success	NA
100.168	0.5	go_success	0.453
101.901	0.5	go_success	0.449
103.848	0.5	go_success	0.511
105.648	0.5	go_success	0.754
107.474	0.5	go_success	0.704
109.407	0.5	go_success	0.597
111.194	0.5	go_success	0.607
112.834	0.5	go_error	NA
114.74	0.5	go_success	0.429
116.567	0.5	stop_success	NA
118.3	0.5	go_success	0.569
120.26	0.5	go_success	0.482
122.127	0.5	go_success	0.638
123.767	0.5	go_success	0.682
125.567	0.5	stop_success	NA
127.193	0.5	go_success	0.496
129.02	0.5	go_success	0.537
130.9	0.5	go_success	0.438
132.513	0.5	go_success	0.684
134.299	0.5	go_success	0.579
136.139	0.5	stop_success	NA
137.779	0.5	go_success	0.515
139.766	0.5	go_success	0.476
141.499	0.5	go_success	0.405
143.499	0.5	stop_success	NA
145.272	0.5	go_success	0.461
147.005	0.5	go_success	0.675
148.952	0.5	stop_success	NA
150.739	0.5	go_success	0.485
152.432	0.5	go_success	0.523
154.352	0.5	go_success	0.561
156.259	0.5	stop_success	NA
158.018	0.5	go_success	0.425
159.818	0.5	stop_success	NA
161.578	0.5	go_success	0.53
163.218	0.5	stop_success	NA
165.084	0.5	go_success	0.6
166.698	0.5	go_success	0.674
168.538	0.5	stop_success	NA
170.284	0.5	go_success	0.632
172.151	0.5	stop_success	NA
173.831	0.5	go_success	0.465
175.484	0.5	go_success	0.543
177.484	0.5	go_success	0.59
179.284	0.5	stop_success	NA
181.03	0.5	go_success	0.564
182.75	0.5	go_success	0.63
184.67	0.5	go_success	0.56
186.457	0.5	stop_success	NA
188.377	0.5	go_success	0.391
190.097	0.5	go_success	0.657
191.843	0.5	stop_success	NA
193.67	0.5	go_success	0.525
195.47	0.5	go_success	0.736
197.256	0.5	stop_success	NA
198.99	0.5	go_success	0.506
200.909	0.5	go_success	0.518
202.869	0.5	stop_success	NA
204.776	0.5	go_success	0.452
206.442	0.5	stop_success	NA
208.242	0.5	go_success	0.533
210.202	0.5	go_success	0.508
211.989	0.5	go_success	0.652
213.749	0.5	go_success	0.554
215.495	0.5	go_success	0.542
217.309	0.5	go_error	NA
218.948	0.5	stop_success	NA
220.708	0.5	stop_success	NA
222.348	0.5	go_success	0.43
224.308	0.5	go_success	0.565
225.988	0.5	go_success	0.517
227.961	0.5	go_success	0.562
229.895	0.5	stop_success	NA
231.521	0.5	go_success	0.492
233.428	0.5	go_success	0.471
235.321	0.5	go_success	0.398
237.068	0.5	stop_success	NA
239.027	0.5	go_success	0.465
240.707	0.5	go_success	0.516
242.681	0.5	go_success	0.459
244.52	0.5	stop_success	NA
246.268	0.5	go_success	0.408
248.12	0.5	stop_success	NA
249.814	0.5	go_success	0.452
