onset	duration	trial_type	response_time
0	0.5	go_success	0.881
1.737	0.5	go_success	0.253
3.408	0.5	stop_success	NA
5.296	0.5	go_success	0.238
6.983	0.5	go_success	0.228
8.787	0.5	go_success	0.44
10.541	0.5	stop_success	NA
12.278	0.5	go_success	0.424
14.166	0.5	go_success	0.282
15.954	0.5	go_success	0.333
17.708	0.5	go_success	0.249
19.395	0.5	stop_success	NA
21.149	0.5	stop_success	NA
23.104	0.5	go_success	0.33
24.908	0.5	go_success	0.358
26.713	0.5	go_success	0.326
28.534	0.5	go_success	0.312
30.405	0.5	go_success	0.322
32.175	0.5	stop_success	NA
33.98	0.5	go_success	0.288
35.667	0.5	go_success	0.269
37.338	0.5	go_success	0.304
39.075	0.5	go_success	0.387
40.879	0.5	go_success	0.394
42.784	0.5	stop_success	NA
44.738	0.5	stop_success	NA
46.66	0.5	go_success	0.305
48.43	0.5	go_success	0.389
50.051	0.5	go_success	0.302
51.972	0.5	go_success	0.27
53.793	0.5	stop_success	NA
55.531	0.5	go_success	0.404
57.151	0.5	go_success	0.436
58.822	0.5	stop_success	NA
60.492	0.5	go_success	0.231
62.38	0.5	go_success	0.419
64.034	0.5	go_success	0.364
66.022	0.5	go_success	0.383
67.709	0.5	go_success	0.372
69.346	0.5	go_success	0.362
71.218	0.5	go_success	0.39
72.871	0.5	go_success	0.293
74.859	0.5	go_success	0.454
76.831	0.5	go_success	0.281
78.618	0.5	go_success	0.325
80.339	0.5	go_success	0.341
82.143	0.5	go_success	0.303
83.764	0.5	stop_success	NA
85.485	0.5	go_success	0.512
87.289	0.5	go_success	0.345
88.993	0.5	go_success	0.282
90.864	0.5	go_success	0.242
92.835	0.5	stop_success	NA
94.74	0.5	go_success	0.322
96.644	0.5	stop_success	NA
98.549	0.5	stop_success	NA
100.169	0.5	go_success	0.434
101.923	0.5	go_success	0.379
103.861	0.5	go_success	0.298
105.699	0.5	go_success	0.274
107.52	0.5	go_success	0.287
109.458	0.5	go_success	0.232
111.245	0.5	go_success	0.246
112.849	0.5	go_success	0.308
114.77	0.5	go_success	0.366
116.625	0.5	stop_success	NA
118.312	0.5	go_success	0.281
120.317	0.5	go_success	0.263
122.188	0.5	go_success	0.291
123.825	0.5	go_success	0.309
125.579	0.5	stop_success	NA
127.2	0.5	go_success	0.399
129.037	0.5	go_success	0.366
130.958	0.5	go_success	0.387
132.579	0.5	go_success	0.359
134.35	0.5	go_success	0.374
136.204	0.5	stop_success	NA
137.808	0.5	go_success	0.416
139.78	0.5	go_success	0.333
141.517	0.5	go_success	0.332
143.505	0.5	stop_success	NA
145.292	0.5	go_success	0.396
147.063	0.5	go_success	0.41
149.001	0.5	stop_success	NA
150.772	0.5	go_success	0.416
152.443	0.5	go_success	0.309
154.364	0.5	go_success	0.397
156.318	0.5	stop_success	NA
158.039	0.5	go_success	0.455
159.86	0.5	stop_success	NA
161.614	0.5	go_success	0.433
163.268	0.5	stop_success	NA
165.089	0.5	go_success	0.354
166.693	0.5	go_success	0.39
168.53	0.5	stop_success	NA
170.301	0.5	go_success	0.346
172.222	0.5	stop_success	NA
173.876	0.5	go_success	0.329
175.547	0.5	go_success	0.373
177.535	0.5	go_success	0.305
179.306	0.5	stop_success	NA
181.027	0.5	go_success	0.355
182.764	0.5	go_success	0.419
184.719	0.5	go_success	0.305
186.506	0.5	stop_success	NA
188.411	0.5	go_success	0.287
190.148	0.5	go_success	0.44
191.869	0.5	stop_success	NA
193.673	0.5	go_success	0.244
195.527	0.5	go_success	0.427
197.298	0.5	stop_success	NA
199.019	0.5	go_success	0.418
200.957	0.5	go_success	0.267
202.928	0.5	stop_success	NA
204.783	0.5	go_success	0.33
206.47	0.5	stop_success	NA
208.258	0.5	go_success	0.249
210.262	0.5	go_success	0.256
212.05	0.5	go_success	0.437
213.804	0.5	go_success	0.412
215.558	0.5	go_success	0.367
217.362	0.5	go_success	0.482
218.966	0.5	stop_success	NA
220.72	0.5	stop_success	NA
222.357	0.5	go_success	0.325
224.362	0.5	go_success	0.378
226.049	0.5	go_success	0.4
228.021	0.5	go_success	0.382
229.959	0.5	stop_success	NA
231.529	0.5	go_success	0.364
233.45	0.5	go_success	0.332
235.388	0.5	go_success	0.402
237.176	0.5	stop_success	NA
239.047	0.5	go_success	0.42
240.768	0.5	go_success	0.388
242.739	0.5	go_success	0.455
244.543	0.5	stop_success	NA
246.281	0.5	go_success	0.371
248.135	0.5	stop_success	NA
249.839	0.5	go_success	0.403
