onset	duration	trial_type	response_time
0	0.5	go_success	0.703
1.738	0.5	go_success	0.359
3.392	0.5	stop_success	NA
5.296	0.5	go_success	0.536
6.984	0.5	go_success	0.309
8.771	0.5	go_success	0.481
10.542	0.5	stop_success	NA
12.28	0.5	go_success	0.475
14.167	0.5	go_success	0.377
15.939	0.5	go_success	0.461
17.709	0.5	go_success	0.325
19.396	0.5	stop_success	NA
21.134	0.5	stop_success	NA
23.105	0.5	go_success	0.326
24.91	0.5	go_success	0.314
26.714	0.5	go_success	0.277
28.535	0.5	go_success	0.487
30.439	0.5	go_success	0.418
32.143	0.5	stop_success	NA
33.981	0.5	go_success	0.337
35.685	0.5	go_success	0.298
37.306	0.5	go_success	0.397
39.077	0.5	go_success	0.394
40.881	0.5	go_success	0.404
42.785	0.5	stop_success	NA
44.74	0.5	stop_success	NA
46.678	0.5	go_success	0.391
48.432	0.5	go_success	0.411
50.086	0.5	go_success	0.409
51.974	0.5	go_success	0.396
53.778	0.5	stop_success	NA
55.516	0.5	go_success	0.577
57.153	0.5	go_success	0.462
58.807	0.5	stop_success	NA
60.511	0.5	go_success	0.351
62.415	0.5	go_success	0.451
64.036	0.5	go_success	0.436
66.024	0.5	go_success	0.474
67.711	0.5	go_success	0.415
69.315	0.5	go_success	0.408
71.22	0.5	go_success	0.407
72.907	0.5	go_success	0.303
74.878	0.5	go_success	0.335
76.816	0.5	go_success	0.42
78.621	0.5	go_success	0.359
80.325	0.5	go_success	0.419
82.146	0.5	go_success	0.449
83.75	0.5	stop_success	NA
85.47	0.5	go_success	0.447
87.325	0.5	go_success	0.296
88.995	0.5	go_success	0.372
90.833	0.5	go_success	0.262
92.838	0.5	stop_success	NA
94.743	0.5	go_success	0.371
96.613	0.5	stop_success	NA
98.551	0.5	stop_success	NA
100.189	0.5	go_success	0.383
101.976	0.5	go_success	0.436
103.897	0.5	go_success	0.297
105.718	0.5	go_success	0.375
107.523	0.5	go_success	0.395
109.444	0.5	go_success	0.274
111.232	0.5	go_success	0.345
112.886	0.5	go_success	0.579
114.807	0.5	go_success	0.498
116.628	0.5	stop_success	NA
118.298	0.5	go_success	0.318
120.303	0.5	go_success	0.341
122.174	0.5	go_success	0.385
123.812	0.5	go_success	0.372
125.616	0.5	stop_success	NA
127.621	0.5	go_success	0.578
129.074	0.5	go_success	0.388
130.912	0.5	go_success	0.314
132.549	0.5	go_success	0.396
134.337	0.5	go_success	0.478
136.224	0.5	stop_success	NA
137.795	0.5	go_success	0.408
139.816	0.5	go_success	0.339
141.537	0.5	go_success	0.405
143.508	0.5	stop_success	NA
145.279	0.5	go_success	0.302
147.051	0.5	go_success	0.397
148.988	0.5	stop_success	NA
150.742	0.5	go_success	0.429
152.48	0.5	go_success	0.365
154.384	0.5	go_success	1.297
156.289	0.5	stop_success	NA
158.026	0.5	go_success	0.833
160.733	0.5	stop_success	NA
161.585	0.5	go_success	0.445
163.255	0.5	stop_success	NA
165.093	0.5	go_success	0.333
166.73	0.5	go_success	0.345
168.568	0.5	stop_success	NA
170.289	0.5	go_success	0.395
172.177	0.5	stop_success	NA
173.83	0.5	go_success	0.315
175.535	0.5	go_success	0.483
177.523	0.5	go_success	0.44
179.327	0.5	stop_success	NA
181.048	0.5	go_success	0.291
182.768	0.5	go_success	0.442
185.324	0.5	go_success	0.271
186.511	0.5	stop_success	NA
188.499	0.5	go_success	0.439
190.119	0.5	go_success	1.075
191.89	0.5	stop_success	NA
193.678	0.5	go_success	0.691
195.515	0.5	go_success	0.497
197.27	0.5	stop_success	NA
198.99	0.5	go_success	0.447
200.962	0.5	go_success	0.284
202.916	0.5	stop_success	NA
204.787	0.5	go_success	0.282
206.492	0.5	stop_success	NA
208.262	0.5	go_success	0.284
210.217	0.5	go_success	0.324
212.021	0.5	go_success	0.511
213.792	0.5	go_success	0.309
215.546	0.5	go_success	0.465
217.351	0.5	go_success	0.402
218.988	0.5	stop_success	NA
220.725	0.5	stop_success	NA
222.346	0.5	go_success	0.4
224.334	0.5	go_success	0.382
226.038	0.5	go_success	0.449
228.009	0.5	go_success	0.292
229.931	0.5	stop_success	NA
231.534	0.5	go_success	0.406
233.472	0.5	go_success	0.334
235.36	0.5	go_success	0.345
237.098	0.5	stop_success	NA
239.019	0.5	go_success	0.362
240.756	0.5	go_success	0.435
242.728	0.5	go_success	0.436
244.549	0.5	stop_success	NA
246.286	0.5	go_success	0.365
248.158	0.5	stop_success	NA
249.811	0.5	go_success	0.394
