onset	duration	trial_type	response_time
0	0.5	go_success	0.871
1.737	0.5	go_success	0.813
3.391	0.5	stop_success	NA
5.296	0.5	go_error	0.946
6.966	0.5	go_error	NA
8.771	0.5	go_success	0.64
10.542	0.5	stop_success	NA
12.279	0.5	go_success	0.558
14.15	0.5	go_success	0.496
15.938	0.5	go_success	0.511
17.692	0.5	go_success	0.42
19.379	0.5	stop_success	NA
21.133	0.5	stop_success	NA
23.105	0.5	go_success	0.415
24.892	0.5	go_success	0.453
26.697	0.5	go_success	0.473
28.534	0.5	go_success	0.64
30.389	0.5	go_success	0.52
32.126	0.5	stop_success	NA
33.981	0.5	go_success	0.356
35.668	0.5	go_success	0.539
37.272	0.5	go_success	0.524
39.076	0.5	go_success	0.524
40.847	0.5	go_success	0.595
42.752	0.5	stop_success	NA
44.706	0.5	stop_success	NA
46.661	0.5	go_success	0.357
48.415	0.5	go_success	0.671
50.069	0.5	go_success	0.656
51.94	0.5	go_success	0.439
53.744	0.5	stop_success	NA
55.499	0.5	go_success	0.677
57.119	0.5	go_success	0.682
58.79	0.5	stop_success	NA
60.494	0.5	go_success	0.394
62.398	0.5	go_success	0.648
64.019	0.5	go_success	0.548
66.007	0.5	go_success	0.49
67.694	0.5	go_success	0.62
69.298	0.5	go_success	0.724
71.186	0.5	go_success	0.653
72.873	0.5	go_success	0.435
74.878	0.5	go_success	0.693
76.799	0.5	go_success	0.387
78.587	0.5	go_success	0.424
80.308	0.5	go_success	0.584
82.129	0.5	go_success	0.561
83.749	0.5	stop_success	NA
85.47	0.5	go_success	0.546
87.308	0.5	go_success	0.371
88.978	0.5	go_success	0.394
90.816	0.5	go_success	0.416
92.804	0.5	stop_success	NA
94.725	0.5	go_success	0.329
96.613	0.5	stop_success	NA
98.534	0.5	stop_success	NA
100.155	0.5	go_success	0.548
101.926	0.5	go_success	0.617
103.88	0.5	go_success	0.313
105.685	0.5	go_success	0.341
107.506	0.5	go_success	0.375
109.444	0.5	go_success	0.351
111.231	0.5	go_success	0.467
112.868	0.5	go_success	0.557
114.773	0.5	go_success	0.548
116.594	0.5	stop_success	NA
118.298	0.5	go_success	0.354
120.286	0.5	go_success	0.329
122.174	0.5	go_success	0.523
123.811	0.5	go_success	0.488
125.615	0.5	stop_success	NA
127.186	0.5	go_success	0.609
129.057	0.5	go_success	0.337
130.911	0.5	go_success	0.347
132.549	0.5	go_success	0.496
134.336	0.5	go_success	0.379
136.191	0.5	stop_success	NA
137.778	0.5	go_success	0.57
139.799	0.5	go_success	0.455
141.537	0.5	go_success	0.409
143.508	0.5	stop_success	NA
145.262	0.5	go_success	0.522
147.05	0.5	go_success	0.437
148.988	0.5	stop_success	NA
150.742	0.5	go_success	0.545
152.463	0.5	go_success	0.423
154.384	0.5	go_success	0.587
156.288	0.5	stop_success	NA
158.009	0.5	go_success	0.528
159.83	0.5	stop_success	NA
161.584	0.5	go_success	0.52
163.255	0.5	stop_success	NA
165.093	0.5	go_success	0.318
166.73	0.5	go_success	0.611
168.568	0.5	stop_success	NA
170.272	0.5	go_success	0.473
172.176	0.5	stop_success	NA
173.813	0.5	go_success	0.455
175.518	0.5	go_success	0.461
177.522	0.5	go_success	0.461
179.327	0.5	stop_success	NA
181.031	0.5	go_success	0.334
182.751	0.5	go_success	0.511
184.689	0.5	go_success	0.417
186.494	0.5	stop_success	NA
188.398	0.5	go_success	0.344
190.119	0.5	go_success	0.436
191.873	0.5	stop_success	NA
193.677	0.5	go_success	0.408
195.498	0.5	go_success	0.434
197.269	0.5	stop_success	NA
198.99	0.5	go_success	0.417
200.945	0.5	go_success	0.391
202.916	0.5	stop_success	NA
204.77	0.5	go_success	0.512
206.475	0.5	stop_success	NA
208.262	0.5	go_success	0.343
210.217	0.5	go_success	0.384
212.004	0.5	go_success	0.579
213.792	0.5	go_success	0.382
215.529	0.5	go_success	0.392
217.35	0.5	go_success	0.565
218.988	0.5	stop_success	NA
220.725	0.5	stop_success	NA
222.346	0.5	go_success	0.597
224.334	0.5	go_success	0.737
226.054	0.5	go_success	0.617
228.009	0.5	go_success	0.472
229.947	0.5	stop_success	NA
231.534	0.5	go_success	0.484
233.489	0.5	go_success	0.434
235.36	0.5	go_success	0.574
237.097	0.5	stop_success	NA
239.019	0.5	go_success	0.547
240.756	0.5	go_success	0.395
242.744	0.5	go_success	0.367
244.565	0.5	stop_success	NA
246.286	0.5	go_success	0.444
248.174	0.5	stop_success	NA
249.811	0.5	go_success	0.477
