onset	duration	trial_type	response_time
0	0.5	go_success	0.872
1.738	0.5	go_success	0.379
3.392	0.5	stop_success	NA
5.296	0.5	go_success	0.532
6.984	0.5	go_success	0.348
8.771	0.5	go_success	0.443
10.542	0.5	stop_success	NA
12.279	0.5	go_success	0.395
14.167	0.5	go_success	0.376
15.955	0.5	go_success	0.304
17.709	0.5	go_success	0.308
19.396	0.5	stop_success	NA
21.15	0.5	stop_error	0.554
23.105	0.5	go_success	0.439
24.909	0.5	go_success	0.501
26.713	0.5	go_success	0.476
28.534	0.5	go_success	0.522
30.422	0.5	go_success	0.522
32.16	0.5	stop_success	NA
33.964	0.5	go_success	0.35
35.651	0.5	go_success	0.301
37.339	0.5	go_success	0.315
39.076	0.5	go_success	0.425
40.88	0.5	go_success	0.335
42.768	0.5	stop_success	NA
44.739	0.5	stop_success	NA
46.661	0.5	go_success	0.378
48.431	0.5	go_success	0.24
50.052	0.5	go_success	0.325
51.956	0.5	go_success	0.297
53.777	0.5	stop_success	NA
55.515	0.5	go_success	0.405
57.152	0.5	go_success	0.379
58.806	0.5	stop_success	NA
60.493	0.5	go_success	0.384
62.381	0.5	go_success	0.26
64.018	0.5	go_success	0.425
66.023	0.5	go_success	0.374
67.71	0.5	go_success	0.296
69.331	0.5	go_success	0.257
71.218	0.5	go_success	0.327
72.872	0.5	go_success	0.34
74.86	0.5	go_success	0.421
76.832	0.5	go_success	0.237
78.602	0.5	go_success	0.278
80.34	0.5	go_success	0.568
82.144	0.5	go_success	0.453
83.765	0.5	stop_success	NA
85.469	0.5	go_success	0.56
87.29	0.5	go_success	0.307
88.977	0.5	go_success	0.289
90.848	0.5	go_success	0.285
92.819	0.5	stop_error	0.382
94.757	0.5	go_success	0.549
96.645	0.5	stop_success	NA
98.533	0.5	stop_success	NA
100.17	0.5	go_success	0.485
101.924	0.5	go_success	0.587
103.846	0.5	go_success	0.429
105.7	0.5	go_success	0.298
107.521	0.5	go_success	0.51
109.459	0.5	go_success	0.277
111.229	0.5	go_success	0.257
112.85	0.5	go_success	0.478
114.754	0.5	go_success	0.397
116.625	0.5	stop_success	NA
118.313	0.5	go_success	0.283
120.301	0.5	go_success	0.283
122.172	0.5	go_success	0.383
123.826	0.5	go_success	0.486
125.58	0.5	stop_success	NA
127.184	0.5	go_success	0.448
129.038	0.5	go_success	0.324
130.959	0.5	go_success	0.327
132.563	0.5	go_success	0.412
134.351	0.5	go_success	0.425
136.188	0.5	stop_error	0.384
137.825	0.5	go_success	0.502
139.78	0.5	go_success	0.57
141.501	0.5	go_success	0.627
143.506	0.5	stop_error	0.336
145.31	0.5	go_success	0.532
147.047	0.5	go_success	0.434
148.985	0.5	stop_success	NA
150.756	0.5	go_success	0.34
152.443	0.5	go_success	0.357
154.348	0.5	go_success	0.514
156.319	0.5	stop_success	NA
158.04	0.5	go_success	0.597
159.861	0.5	stop_success	NA
161.598	0.5	go_success	0.416
163.269	0.5	stop_success	NA
165.09	0.5	go_success	0.339
166.71	0.5	go_success	0.501
168.548	0.5	stop_success	NA
170.319	0.5	go_success	0.405
172.19	0.5	stop_success	NA
173.844	0.5	go_success	0.312
175.531	0.5	go_success	0.416
177.536	0.5	go_success	0.449
179.307	0.5	stop_success	NA
181.027	0.5	go_success	0.369
182.765	0.5	go_success	0.475
184.719	0.5	go_success	0.299
186.507	0.5	stop_success	NA
188.395	0.5	go_success	0.333
190.149	0.5	go_success	0.474
191.87	0.5	stop_success	NA
193.674	0.5	go_success	0.353
195.528	0.5	go_success	0.713
197.299	0.5	stop_success	NA
199.02	0.5	go_success	0.482
200.958	0.5	go_success	0.315
202.912	0.5	stop_success	NA
204.783	0.5	go_success	0.456
206.454	0.5	stop_success	NA
208.241	0.5	go_success	0.334
210.263	0.5	go_success	0.535
212.034	0.5	go_success	0.917
213.805	0.5	go_success	0.541
215.542	0.5	go_success	0.385
217.363	0.5	go_success	0.615
218.967	0.5	stop_success	NA
220.704	0.5	stop_success	NA
222.358	0.5	go_success	0.496
224.346	0.5	go_success	0.479
226.033	0.5	go_success	0.431
228.005	0.5	go_success	0.338
229.943	0.5	stop_success	NA
231.53	0.5	go_success	0.457
233.451	0.5	go_success	0.438
235.372	0.5	go_success	0.524
237.11	0.5	stop_success	NA
239.047	0.5	go_success	0.558
240.768	0.5	go_success	0.425
242.74	0.5	go_success	0.374
244.527	0.5	stop_success	NA
246.281	0.5	go_success	0.534
248.119	0.5	stop_success	NA
249.84	0.5	go_success	0.531
