onset	duration	trial_type	response_time
0	0.5	go_success	0.688
1.737	0.5	go_success	0.29
3.408	0.5	stop_success	NA
5.312	0.5	go_success	0.305
6.983	0.5	go_success	0.406
8.787	0.5	go_success	0.437
10.541	0.5	stop_success	NA
12.279	0.5	go_success	0.465
14.166	0.5	go_success	0.413
15.954	0.5	go_success	0.42
17.708	0.5	go_success	0.459
19.395	0.5	stop_success	NA
21.15	0.5	stop_success	NA
23.105	0.5	go_success	0.465
24.908	0.5	go_success	0.431
26.713	0.5	go_success	0.543
28.534	0.5	go_success	0.371
30.405	0.5	go_success	0.506
32.176	0.5	stop_success	NA
33.98	0.5	go_success	0.422
35.65	0.5	go_success	0.339
37.321	0.5	go_success	0.487
39.092	0.5	go_success	0.373
40.879	0.5	go_success	0.476
42.784	0.5	stop_success	NA
44.755	0.5	stop_success	NA
46.66	0.5	go_success	0.392
48.414	0.5	go_success	0.423
50.051	0.5	go_success	0.45
51.972	0.5	go_success	0.46
53.827	0.5	stop_success	NA
55.531	0.5	go_success	0.491
57.151	0.5	go_success	0.411
58.822	0.5	stop_success	NA
60.492	0.5	go_success	0.345
62.38	0.5	go_success	0.359
64.017	0.5	go_success	0.496
66.022	0.5	go_success	0.459
67.709	0.5	go_success	0.408
69.33	0.5	go_success	0.422
71.218	0.5	go_success	0.41
72.872	0.5	go_success	0.34
74.86	0.5	go_success	0.476
76.831	0.5	go_success	0.427
78.618	0.5	go_success	0.294
80.339	0.5	go_success	0.398
82.143	0.5	go_success	0.385
83.764	0.5	stop_success	NA
85.485	0.5	go_success	0.413
87.289	0.5	go_success	0.39
88.976	0.5	go_success	0.4
90.864	0.5	go_success	0.371
92.835	0.5	stop_error	0.349
94.773	0.5	go_success	0.392
96.644	0.5	stop_success	NA
98.549	0.5	stop_success	NA
100.169	0.5	go_success	0.51
101.923	0.5	go_success	0.44
103.861	0.5	go_success	0.425
105.699	0.5	go_success	0.452
107.537	0.5	go_success	0.317
109.458	0.5	go_success	0.389
111.245	0.5	go_success	0.316
112.849	0.5	go_success	0.513
114.754	0.5	go_success	0.418
116.625	0.5	stop_success	NA
118.312	0.5	go_success	0.362
120.3	0.5	go_success	0.377
122.188	0.5	go_success	0.458
123.825	0.5	go_success	0.372
125.579	0.5	stop_success	NA
127.2	0.5	go_success	0.432
129.037	0.5	go_success	0.701
130.959	0.5	go_success	0.394
132.579	0.5	go_success	0.457
134.35	0.5	go_success	0.298
136.204	0.5	stop_success	NA
137.808	0.5	go_success	0.475
139.796	0.5	go_success	0.429
141.517	0.5	go_success	0.33
143.505	0.5	stop_success	NA
145.292	0.5	go_success	0.456
147.063	0.5	go_success	0.454
149.001	0.5	stop_success	NA
150.772	0.5	go_success	0.366
152.443	0.5	go_success	0.321
154.364	0.5	go_success	0.418
156.318	0.5	stop_success	NA
158.039	0.5	go_success	0.426
159.86	0.5	stop_success	NA
161.598	0.5	go_success	0.414
163.268	0.5	stop_success	NA
165.089	0.5	go_success	0.324
166.71	0.5	go_success	0.411
168.547	0.5	stop_success	NA
170.318	0.5	go_success	0.409
172.206	0.5	stop_success	NA
173.843	0.5	go_success	0.374
175.547	0.5	go_success	0.464
177.535	0.5	go_success	0.424
179.306	0.5	stop_success	NA
181.027	0.5	go_success	0.326
182.764	0.5	go_success	0.452
184.719	0.5	go_success	0.383
186.506	0.5	stop_success	NA
188.411	0.5	go_success	0.469
190.148	0.5	go_success	0.549
191.869	0.5	stop_success	NA
193.673	0.5	go_success	0.361
195.528	0.5	go_success	0.407
197.315	0.5	stop_success	NA
199.019	0.5	go_success	0.45
200.957	0.5	go_success	0.495
202.928	0.5	stop_success	NA
204.783	0.5	go_success	0.436
206.453	0.5	stop_success	NA
208.258	0.5	go_success	0.387
210.262	0.5	go_success	0.4
212.05	0.5	go_success	0.439
213.804	0.5	go_success	0.435
215.558	0.5	go_success	0.4
217.379	0.5	go_success	0.341
218.966	0.5	stop_success	NA
220.72	0.5	stop_success	NA
222.357	0.5	go_success	0.435
224.362	0.5	go_success	0.367
226.05	0.5	go_success	0.464
228.021	0.5	go_success	0.42
229.959	0.5	stop_success	NA
231.529	0.5	go_success	0.438
233.45	0.5	go_success	0.331
235.372	0.5	go_success	0.435
237.126	0.5	stop_success	NA
239.047	0.5	go_success	0.396
240.768	0.5	go_success	0.325
242.739	0.5	go_success	0.422
244.527	0.5	stop_success	NA
246.281	0.5	go_success	0.395
248.135	0.5	stop_success	NA
249.839	0.5	go_success	0.291
