onset	duration	trial_type	response_time
0	0.5	go_success	0.585
1.737	0.5	go_success	0.327
3.408	0.5	stop_success	NA
5.312	0.5	go_success	0.343
6.983	0.5	go_success	0.33
8.787	0.5	go_success	0.394
10.541	0.5	stop_success	NA
12.279	0.5	go_success	0.434
14.167	0.5	go_success	0.396
15.954	0.5	go_success	0.398
17.708	0.5	go_success	0.444
19.396	0.5	stop_success	NA
21.15	0.5	stop_success	NA
23.105	0.5	go_success	0.341
24.909	0.5	go_success	0.405
26.713	0.5	go_success	0.415
28.534	0.5	go_success	0.445
30.405	0.5	go_success	0.449
32.16	0.5	stop_success	NA
33.98	0.5	go_success	0.37
35.685	0.5	go_success	0.446
37.305	0.5	go_success	0.402
39.059	0.5	go_success	0.494
40.864	0.5	go_success	0.383
42.768	0.5	stop_success	NA
44.723	0.5	stop_success	NA
46.661	0.5	go_success	0.409
48.448	0.5	go_success	0.46
50.069	0.5	go_success	0.686
51.94	0.5	go_success	0.495
53.761	0.5	stop_success	NA
55.515	0.5	go_success	0.561
57.152	0.5	go_success	0.449
58.806	0.5	stop_success	NA
60.494	0.5	go_success	0.435
62.415	0.5	go_success	0.474
64.052	0.5	go_success	0.519
66.023	0.5	go_success	0.398
67.711	0.5	go_success	0.633
69.315	0.5	go_success	0.51
71.219	0.5	go_success	0.487
72.906	0.5	go_success	0.552
74.878	0.5	go_success	0.451
76.816	0.5	go_success	0.478
78.62	0.5	go_success	0.375
80.324	0.5	go_success	0.484
82.128	0.5	go_success	0.516
83.749	0.5	stop_success	NA
85.486	0.5	go_success	0.405
87.324	0.5	go_success	0.583
89.011	0.5	go_success	0.596
90.832	0.5	go_success	0.457
92.821	0.5	stop_success	NA
94.742	0.5	go_success	0.443
96.646	0.5	stop_success	NA
98.534	0.5	stop_success	NA
100.171	0.5	go_success	0.422
101.942	0.5	go_success	0.538
103.88	0.5	go_success	0.432
105.684	0.5	go_success	0.403
107.522	0.5	go_success	0.401
109.46	0.5	go_success	0.431
111.248	0.5	go_success	0.454
112.902	0.5	go_success	0.524
114.789	0.5	go_success	0.468
116.61	0.5	stop_success	NA
118.298	0.5	go_success	0.545
120.303	0.5	go_success	0.443
122.174	0.5	go_success	0.551
123.828	0.5	go_success	0.734
125.649	0.5	stop_success	NA
127.202	0.5	go_success	0.405
129.073	0.5	go_success	0.566
130.911	0.5	go_success	0.517
132.548	0.5	go_success	0.601
134.353	0.5	go_success	0.515
136.19	0.5	stop_success	NA
137.794	0.5	go_success	0.536
139.816	0.5	go_success	0.378
141.536	0.5	go_success	0.618
143.508	0.5	stop_success	NA
145.279	0.5	go_success	0.41
147.05	0.5	go_success	0.386
148.988	0.5	stop_success	NA
150.758	0.5	go_success	0.417
152.479	0.5	go_success	0.548
154.384	0.5	go_success	0.597
156.305	0.5	stop_success	NA
158.026	0.5	go_success	0.452
159.847	0.5	stop_success	NA
161.601	0.5	go_success	0.365
163.272	0.5	stop_success	NA
165.093	0.5	go_success	0.488
166.73	0.5	go_success	0.539
168.584	0.5	stop_success	NA
170.288	0.5	go_success	0.435
172.176	0.5	stop_success	NA
173.83	0.5	go_success	0.525
175.534	0.5	go_success	0.512
177.522	0.5	go_success	0.453
179.326	0.5	stop_success	NA
181.047	0.5	go_success	0.445
182.768	0.5	go_success	0.485
184.706	0.5	go_success	0.551
186.51	0.5	stop_success	NA
188.398	0.5	go_success	0.426
190.135	0.5	go_success	0.478
191.89	0.5	stop_success	NA
193.694	0.5	go_success	0.477
195.515	0.5	go_success	0.519
197.286	0.5	stop_success	NA
199.007	0.5	go_success	0.619
200.961	0.5	go_success	0.747
202.916	0.5	stop_success	NA
204.787	0.5	go_success	0.504
206.474	0.5	stop_success	NA
208.262	0.5	go_success	0.503
210.217	0.5	go_success	0.517
212.021	0.5	go_success	0.468
213.792	0.5	go_success	0.549
215.546	0.5	go_success	0.455
217.35	0.5	go_success	0.517
218.987	0.5	stop_success	NA
220.725	0.5	stop_success	NA
222.362	0.5	go_success	0.407
224.333	0.5	go_success	0.544
226.038	0.5	go_success	0.499
228.009	0.5	go_success	0.403
229.93	0.5	stop_success	NA
231.534	0.5	go_success	0.423
233.489	0.5	go_success	0.441
235.36	0.5	go_success	0.38
237.097	0.5	stop_success	NA
239.035	0.5	go_success	0.524
240.756	0.5	go_success	0.456
242.744	0.5	go_success	0.361
244.565	0.5	stop_success	NA
246.286	0.5	go_success	0.491
248.157	0.5	stop_success	NA
249.811	0.5	go_success	0.458
