onset	duration	trial_type	response_time
0	0.5	go_error	NA
1.733	0.5	go_error	NA
3.4	0.5	stop_success	NA
5.299	0.5	go_error	NA
6.983	0.5	go_error	1.21
8.783	0.5	go_success	0.41
10.549	0.5	stop_error	0.956
12.282	0.5	go_success	0.467
14.166	0.5	go_success	0.198
15.949	0.5	go_error	NA
17.699	0.5	go_success	0.182
19.382	0.5	stop_error	0.194
21.149	0.5	stop_success	NA
23.115	0.5	go_success	0.527
24.898	0.5	go_success	0.246
26.715	0.5	go_success	0.257
28.532	0.5	go_success	0.673
30.398	0.5	go_success	0.295
32.115	0.5	stop_success	NA
33.965	0.5	go_success	0.261
35.648	0.5	go_success	0.358
37.281	0.5	go_success	0.325
39.031	0.5	go_success	0.325
40.831	0.5	go_success	0.301
42.731	0.5	stop_error	0.26
44.714	0.5	stop_success	NA
46.664	0.5	go_success	0.418
48.414	0.5	go_success	0.327
50.047	0.5	go_success	0.384
51.914	0.5	go_success	0.267
53.747	0.5	stop_success	NA
55.513	0.5	go_success	0.909
57.113	0.5	go_error	NA
58.763	0.5	stop_success	NA
60.496	0.5	go_success	0.29
62.38	0.5	go_success	0.477
64.013	0.5	go_error	NA
65.98	0.5	go_success	0.985
67.663	0.5	go_success	0.518
69.296	0.5	go_success	0.341
71.179	0.5	go_success	0.573
72.862	0.5	go_success	0.292
74.846	0.5	go_success	0.286
76.779	0.5	go_success	0.579
78.563	0.5	go_success	0.606
80.295	0.5	go_success	0.581
82.095	0.5	go_success	0.535
83.712	0.5	stop_success	NA
85.478	0.5	go_success	0.676
87.278	0.5	go_success	0.455
88.962	0.5	go_success	0.299
90.795	0.5	go_success	0.571
92.778	0.5	stop_success	NA
94.728	0.5	go_success	0.3
96.595	0.5	stop_success	NA
98.511	0.5	stop_success	NA
100.161	0.5	go_success	0.637
101.911	0.5	go_success	0.325
103.844	0.5	go_success	0.571
105.661	0.5	go_success	0.509
107.477	0.5	go_success	0.336
109.411	0.5	go_success	0.351
111.194	0.5	go_success	0.409
112.844	0.5	go_success	0.622
114.744	0.5	go_success	0.479
116.577	0.5	stop_success	NA
118.294	0.5	go_success	0.361
120.26	0.5	go_success	0.438
122.127	0.5	go_success	0.378
123.776	0.5	go_success	0.364
125.576	0.5	stop_success	NA
127.193	0.5	go_success	0.543
129.026	0.5	go_success	0.543
130.893	0.5	go_success	0.425
132.526	0.5	go_success	0.398
134.293	0.5	go_success	0.469
136.142	0.5	stop_success	NA
137.792	0.5	go_success	0.449
139.776	0.5	go_success	0.624
141.492	0.5	go_success	0.461
143.492	0.5	stop_success	NA
145.275	0.5	go_success	0.469
147.009	0.5	go_success	0.565
148.942	0.5	stop_success	NA
150.742	0.5	go_success	0.466
152.425	0.5	go_success	0.437
154.342	0.5	go_success	0.383
156.275	0.5	stop_success	NA
158.025	0.5	go_success	0.285
159.825	0.5	stop_success	NA
161.591	0.5	go_success	0.312
163.224	0.5	stop_success	NA
165.091	0.5	go_success	0.388
166.691	0.5	go_success	0.448
168.541	0.5	stop_success	NA
170.274	0.5	go_success	0.527
172.157	0.5	stop_success	NA
173.824	0.5	go_success	0.331
175.49	0.5	go_success	0.534
177.49	0.5	go_success	0.468
179.29	0.5	stop_success	NA
181.023	0.5	go_success	0.32
182.757	0.5	go_success	0.418
184.673	0.5	go_success	0.522
186.456	0.5	stop_success	NA
188.39	0.5	go_success	0.341
190.09	0.5	go_success	0.285
191.856	0.5	stop_success	NA
193.673	0.5	go_success	0.345
195.473	0.5	go_success	0.581
197.256	0.5	stop_success	NA
199.006	0.5	go_success	0.353
200.906	0.5	go_success	0.348
202.872	0.5	stop_success	NA
204.772	0.5	go_success	0.55
206.439	0.5	stop_success	NA
208.255	0.5	go_success	0.294
210.205	0.5	go_success	0.745
211.988	0.5	go_success	0.593
213.755	0.5	go_success	0.427
215.505	0.5	go_success	0.506
217.321	0.5	go_success	0.519
218.955	0.5	stop_success	NA
220.705	0.5	stop_success	NA
222.355	0.5	go_success	0.614
224.304	0.5	go_success	0.347
225.988	0.5	go_success	0.482
227.971	0.5	go_success	0.294
229.904	0.5	stop_error	0.312
231.521	0.5	go_success	0.506
233.437	0.5	go_success	0.501
235.32	0.5	go_success	0.5
237.07	0.5	stop_success	NA
239.02	0.5	go_success	0.46
240.72	0.5	go_success	0.47
242.687	0.5	go_success	0.523
244.52	0.5	stop_success	NA
246.27	0.5	go_success	0.492
248.12	0.5	stop_success	NA
249.803	0.5	go_success	0.51
