onset	duration	trial_type	response_time
0	0.5	go_error	NA
1.737	0.5	go_success	0.495
3.408	0.5	stop_error	1.492
5.312	0.5	go_success	0.428
6.984	0.5	go_success	0.35
8.787	0.5	go_success	0.447
10.541	0.5	stop_success	NA
12.295	0.5	go_success	0.389
14.166	0.5	go_success	0.426
15.954	0.5	go_success	0.387
17.708	0.5	go_success	0.381
19.395	0.5	stop_success	NA
21.15	0.5	stop_success	NA
23.121	0.5	go_success	0.327
24.909	0.5	go_success	0.366
26.713	0.5	go_success	0.431
28.534	0.5	go_success	0.371
30.405	0.5	go_success	0.431
32.176	0.5	stop_success	NA
33.98	0.5	go_success	0.366
35.65	0.5	go_success	0.356
37.338	0.5	go_success	0.283
39.075	0.5	go_success	0.308
40.879	0.5	go_success	0.381
42.784	0.5	stop_success	NA
44.739	0.5	stop_success	NA
46.66	0.5	go_success	0.407
48.431	0.5	go_success	0.366
50.051	0.5	go_success	0.381
51.972	0.5	go_success	0.389
53.81	0.5	stop_success	NA
55.531	0.5	go_success	0.434
57.151	0.5	go_success	0.389
58.822	0.5	stop_success	NA
60.492	0.5	go_success	0.319
62.38	0.5	go_success	0.291
64.017	0.5	go_success	0.434
66.022	0.5	go_success	0.38
67.709	0.5	go_success	0.385
69.33	0.5	go_success	0.379
71.218	0.5	go_success	0.352
72.872	0.5	go_success	0.381
74.86	0.5	go_success	0.469
76.831	0.5	go_success	0.326
78.618	0.5	go_success	0.303
80.339	0.5	go_success	0.304
82.143	0.5	go_success	0.325
83.764	0.5	stop_success	NA
85.485	0.5	go_success	0.476
87.289	0.5	go_success	0.354
88.976	0.5	go_success	0.293
90.864	0.5	go_success	0.253
92.835	0.5	stop_success	NA
94.74	0.5	go_success	0.336
96.644	0.5	stop_success	NA
98.532	0.5	stop_success	NA
100.169	0.5	go_success	0.404
101.923	0.5	go_success	0.383
103.861	0.5	go_success	0.428
105.699	0.5	go_success	0.461
107.52	0.5	go_success	0.258
109.458	0.5	go_success	0.245
111.245	0.5	go_success	0.413
112.849	0.5	go_success	0.579
114.754	0.5	go_success	0.346
116.625	0.5	stop_error	0.404
118.345	0.5	go_success	0.478
120.3	0.5	go_success	0.504
122.171	0.5	go_success	0.43
123.825	0.5	go_success	0.501
125.579	0.5	stop_success	NA
127.2	0.5	go_success	0.412
129.037	0.5	go_success	0.515
130.959	0.5	go_success	0.392
132.579	0.5	go_success	0.344
134.35	0.5	go_success	0.466
136.204	0.5	stop_success	NA
137.808	0.5	go_success	0.475
139.779	0.5	go_success	0.413
141.517	0.5	go_success	0.427
143.505	0.5	stop_success	NA
145.292	0.5	go_success	0.511
147.063	0.5	go_success	0.569
149.001	0.5	stop_success	NA
150.772	0.5	go_success	0.477
152.443	0.5	go_success	0.413
154.364	0.5	go_success	0.435
156.318	0.5	stop_success	NA
158.039	0.5	go_success	0.436
159.86	0.5	stop_success	NA
161.597	0.5	go_success	0.444
163.268	0.5	stop_success	NA
165.089	0.5	go_success	0.402
166.71	0.5	go_success	0.595
168.547	0.5	stop_success	NA
170.318	0.5	go_success	0.407
172.206	0.5	stop_success	NA
173.843	0.5	go_success	0.484
175.531	0.5	go_error	NA
177.502	0.5	go_success	0.423
179.306	0.5	stop_success	NA
181.027	0.5	go_success	0.319
182.764	0.5	go_success	0.42
184.719	0.5	go_success	0.378
186.506	0.5	stop_success	NA
188.411	0.5	go_success	0.357
190.148	0.5	go_success	0.355
191.869	0.5	stop_success	NA
193.673	0.5	go_success	0.497
195.527	0.5	go_success	0.444
197.298	0.5	stop_success	NA
199.019	0.5	go_success	0.585
200.957	0.5	go_success	0.387
202.928	0.5	stop_success	NA
204.783	0.5	go_success	0.406
206.453	0.5	stop_success	NA
208.258	0.5	go_success	0.392
210.262	0.5	go_success	0.39
212.033	0.5	go_success	0.405
213.804	0.5	go_success	0.438
215.558	0.5	go_success	0.408
217.362	0.5	go_success	0.489
218.966	0.5	stop_success	NA
220.72	0.5	stop_success	NA
222.357	0.5	go_success	0.454
224.362	0.5	go_success	0.375
226.049	0.5	go_success	0.407
228.021	0.5	go_success	0.37
229.942	0.5	stop_success	NA
231.529	0.5	go_success	0.4
233.45	0.5	go_success	0.451
235.371	0.5	go_success	0.429
237.126	0.5	stop_success	NA
239.047	0.5	go_success	0.394
240.768	0.5	go_success	0.465
242.739	0.5	go_success	0.391
244.526	0.5	stop_success	NA
246.28	0.5	go_success	0.438
248.135	0.5	stop_success	NA
249.839	0.5	go_success	0.33
