onset	duration	trial_type	response_time
0	0.5	go_success	0.812
1.722	0.5	go_success	0.737
3.392	0.5	stop_success	NA
5.296	0.5	go_success	0.5
6.967	0.5	go_success	0.398
8.771	0.5	go_success	0.43
10.526	0.5	stop_success	NA
12.28	0.5	go_success	0.41
14.151	0.5	go_success	0.429
15.938	0.5	go_success	0.316
17.693	0.5	go_success	0.407
19.38	0.5	stop_success	NA
21.134	0.5	stop_success	NA
23.105	0.5	go_success	0.256
24.893	0.5	go_success	0.333
26.697	0.5	go_success	0.331
28.518	0.5	go_success	0.368
30.389	0.5	go_success	0.368
32.127	0.5	stop_success	NA
33.965	0.5	go_success	0.275
35.669	0.5	go_success	0.374
37.289	0.5	go_success	0.331
39.06	0.5	go_success	0.428
40.848	0.5	go_success	0.389
42.735	0.5	stop_success	NA
44.707	0.5	stop_success	NA
46.645	0.5	go_success	0.531
48.416	0.5	go_success	0.314
50.07	0.5	go_success	0.414
51.941	0.5	go_success	0.377
53.745	0.5	stop_success	NA
55.499	0.5	go_success	0.394
57.136	0.5	go_success	0.413
58.774	0.5	stop_success	NA
60.478	0.5	go_success	0.379
62.399	0.5	go_success	0.373
64.019	0.5	go_success	0.325
65.991	0.5	go_success	0.349
67.678	0.5	go_success	0.574
69.299	0.5	go_success	0.364
71.186	0.5	go_success	0.374
72.874	0.5	go_success	0.392
74.862	0.5	go_success	0.437
76.8	0.5	go_success	0.287
78.604	0.5	go_success	0.296
80.291	0.5	go_success	0.4
82.129	0.5	go_success	0.437
83.75	0.5	stop_success	NA
85.47	0.5	go_success	0.433
87.308	0.5	go_success	0.406
88.995	0.5	go_success	0.318
90.833	0.5	go_success	0.393
92.804	0.5	stop_success	NA
94.726	0.5	go_success	0.326
96.614	0.5	stop_success	NA
98.535	0.5	stop_success	NA
100.155	0.5	go_success	0.45
101.926	0.5	go_success	0.359
103.881	0.5	go_success	0.37
105.685	0.5	go_success	0.391
107.506	0.5	go_success	0.404
109.444	0.5	go_success	0.333
111.232	0.5	go_success	0.438
112.886	0.5	go_success	0.453
114.79	0.5	go_success	0.454
116.611	0.5	stop_success	NA
118.298	0.5	go_success	0.384
120.303	0.5	go_success	0.447
122.174	0.5	go_success	0.427
123.812	0.5	go_success	0.446
125.616	0.5	stop_success	NA
127.203	0.5	go_success	0.479
129.057	0.5	go_success	0.429
130.912	0.5	go_success	0.378
132.549	0.5	go_success	0.408
134.337	0.5	go_success	0.408
136.175	0.5	stop_success	NA
137.795	0.5	go_success	0.477
139.8	0.5	go_success	0.384
141.537	0.5	go_success	0.536
143.492	0.5	stop_success	NA
145.263	0.5	go_success	0.481
147.067	0.5	go_success	0.454
149.005	0.5	stop_success	NA
150.742	0.5	go_success	0.451
152.463	0.5	go_success	0.385
154.384	0.5	go_success	0.483
156.289	0.5	stop_success	NA
158.01	0.5	go_success	0.52
159.847	0.5	stop_success	NA
161.585	0.5	go_success	0.431
163.255	0.5	stop_success	NA
165.093	0.5	go_success	0.306
166.73	0.5	go_success	0.409
168.568	0.5	stop_success	NA
170.272	0.5	go_success	0.353
172.177	0.5	stop_success	NA
173.814	0.5	go_success	0.431
175.535	0.5	go_success	0.361
177.523	0.5	go_success	0.422
179.31	0.5	stop_success	NA
181.048	0.5	go_success	0.291
182.752	0.5	go_success	0.42
184.69	0.5	go_success	0.423
186.494	0.5	stop_success	NA
188.398	0.5	go_success	0.33
190.119	0.5	go_success	0.423
191.873	0.5	stop_success	NA
193.678	0.5	go_success	0.49
195.499	0.5	go_success	0.394
197.27	0.5	stop_success	NA
198.99	0.5	go_success	0.414
200.945	0.5	go_success	0.497
202.916	0.5	stop_success	NA
204.771	0.5	go_success	0.44
206.475	0.5	stop_success	NA
208.246	0.5	go_success	0.283
210.217	0.5	go_success	0.395
212.021	0.5	go_success	0.48
213.775	0.5	go_success	0.614
215.546	0.5	go_success	0.392
217.351	0.5	go_success	0.362
218.971	0.5	stop_success	NA
220.725	0.5	stop_success	NA
222.346	0.5	go_success	0.408
224.317	0.5	go_success	0.39
226.021	0.5	go_success	0.429
228.009	0.5	go_success	0.363
229.931	0.5	stop_success	NA
231.518	0.5	go_success	0.367
233.472	0.5	go_success	0.416
235.343	0.5	go_success	0.375
237.081	0.5	stop_success	NA
239.019	0.5	go_success	0.398
240.756	0.5	go_success	0.439
242.728	0.5	go_success	0.379
244.549	0.5	stop_success	NA
246.286	0.5	go_success	0.513
248.157	0.5	stop_success	NA
249.794	0.5	go_success	0.453
