onset	duration	trial_type	response_time
0	0.5	go_success	0.577
1.738	0.5	go_success	0.459
3.392	0.5	stop_success	NA
5.296	0.5	go_success	0.382
6.967	0.5	go_success	0.447
8.771	0.5	go_success	0.61
10.542	0.5	stop_success	NA
12.28	0.5	go_success	0.343
14.168	0.5	go_success	0.488
15.938	0.5	go_success	0.399
17.709	0.5	go_success	0.404
19.38	0.5	stop_success	NA
21.134	0.5	stop_success	NA
23.105	0.5	go_success	0.361
24.91	0.5	go_success	0.359
26.698	0.5	go_success	0.316
28.535	0.5	go_success	0.51
30.389	0.5	go_success	0.374
32.144	0.5	stop_success	NA
33.965	0.5	go_success	0.372
35.669	0.5	go_success	0.443
37.289	0.5	go_success	0.343
39.06	0.5	go_success	0.359
40.848	0.5	go_success	0.384
42.752	0.5	stop_success	NA
44.707	0.5	stop_success	NA
46.662	0.5	go_success	0.35
48.432	0.5	go_success	0.3
50.053	0.5	go_success	0.302
51.941	0.5	go_success	0.284
53.745	0.5	stop_success	NA
55.499	0.5	go_success	0.348
57.12	0.5	go_success	0.408
58.79	0.5	stop_success	NA
60.494	0.5	go_success	0.396
62.399	0.5	go_success	0.356
64.036	0.5	go_success	0.41
65.991	0.5	go_success	0.384
67.695	0.5	go_success	0.589
69.299	0.5	go_success	0.286
71.187	0.5	go_success	0.692
72.874	0.5	go_success	0.333
74.862	0.5	go_success	0.411
76.8	0.5	go_success	0.353
78.604	0.5	go_success	0.372
80.308	0.5	go_success	0.43
82.113	0.5	go_success	0.344
83.733	0.5	stop_success	NA
85.471	0.5	go_success	0.305
87.308	0.5	go_success	0.393
88.979	0.5	go_success	0.508
90.817	0.5	go_success	0.285
92.788	0.5	stop_success	NA
94.726	0.5	go_success	0.344
96.614	0.5	stop_success	NA
98.518	0.5	stop_success	NA
100.156	0.5	go_success	0.413
101.926	0.5	go_success	0.344
103.864	0.5	go_success	0.41
105.685	0.5	go_success	0.332
107.506	0.5	go_success	0.417
109.461	0.5	go_success	0.356
111.249	0.5	go_success	0.425
112.869	0.5	go_success	0.533
114.791	0.5	go_success	0.456
116.611	0.5	stop_success	NA
118.299	0.5	go_success	0.351
120.303	0.5	go_success	0.368
122.175	0.5	go_success	0.418
123.812	0.5	go_success	0.47
125.599	0.5	stop_success	NA
127.186	0.5	go_success	0.35
129.058	0.5	go_success	0.46
130.912	0.5	go_success	0.488
132.549	0.5	go_success	0.414
134.337	0.5	go_success	0.458
136.191	0.5	stop_success	NA
137.795	0.5	go_success	0.41
139.817	0.5	go_success	0.44
141.537	0.5	go_success	0.492
143.509	0.5	stop_success	NA
145.263	0.5	go_success	0.338
147.05	0.5	go_success	0.373
148.988	0.5	stop_success	NA
150.743	0.5	go_success	0.424
152.463	0.5	go_success	0.39
154.385	0.5	go_success	0.569
156.289	0.5	stop_success	NA
158.01	0.5	go_success	0.274
159.848	0.5	stop_success	NA
161.602	0.5	go_success	0.29
163.256	0.5	stop_success	NA
165.093	0.5	go_success	0.338
166.731	0.5	go_success	0.421
168.568	0.5	stop_success	NA
170.272	0.5	go_error	NA
172.143	0.5	stop_success	NA
173.831	0.5	go_success	0.437
175.535	0.5	go_success	0.411
177.506	0.5	go_success	0.458
179.327	0.5	stop_success	NA
181.048	0.5	go_success	0.282
182.769	0.5	go_error	NA
184.673	0.5	go_success	0.399
186.494	0.5	stop_success	NA
188.399	0.5	go_success	0.435
190.12	0.5	go_error	NA
191.857	0.5	stop_success	NA
193.678	0.5	go_success	0.407
195.499	0.5	go_success	0.38
197.287	0.5	stop_success	NA
198.991	0.5	go_error	NA
200.929	0.5	go_success	0.492
202.9	0.5	stop_success	NA
204.788	0.5	go_success	0.397
206.475	0.5	stop_success	NA
208.263	0.5	go_success	0.339
210.217	0.5	go_success	0.454
212.005	0.5	go_success	0.491
213.776	0.5	go_success	0.412
215.53	0.5	go_success	0.382
217.351	0.5	go_success	0.409
218.988	0.5	stop_success	NA
220.726	0.5	stop_success	NA
222.346	0.5	go_success	0.337
224.334	0.5	go_success	0.407
226.038	0.5	go_success	0.477
228.01	0.5	go_success	0.412
229.931	0.5	stop_success	NA
231.535	0.5	go_success	0.416
233.473	0.5	go_success	0.408
235.344	0.5	go_success	0.491
237.098	0.5	stop_success	NA
239.019	0.5	go_success	0.522
240.757	0.5	go_success	0.419
242.728	0.5	go_success	0.479
244.549	0.5	stop_success	NA
246.287	0.5	go_success	0.317
248.158	0.5	stop_success	NA
249.812	0.5	go_success	0.447
