onset	duration	trial_type	response_time
0	0.5	go_success	0.65
1.737	0.5	go_success	0.359
3.391	0.5	stop_error	0.287
5.296	0.5	go_success	0.432
6.966	0.5	go_success	0.296
8.771	0.5	go_success	0.385
10.541	0.5	stop_success	NA
12.279	0.5	go_success	0.373
14.167	0.5	go_success	0.279
15.938	0.5	go_success	0.251
17.708	0.5	go_success	0.323
19.379	0.5	stop_success	NA
21.133	0.5	stop_error	0.315
23.104	0.5	go_success	0.329
24.909	0.5	go_success	0.381
26.696	0.5	go_success	0.437
28.534	0.5	go_success	0.407
30.438	0.5	go_success	0.375
32.176	0.5	stop_success	NA
33.963	0.5	go_success	0.255
35.651	0.5	go_success	0.323
37.321	0.5	go_success	0.325
39.075	0.5	go_success	0.328
40.863	0.5	go_success	0.271
42.768	0.5	stop_success	NA
44.739	0.5	stop_success	NA
46.66	0.5	go_success	0.365
48.431	0.5	go_success	0.28
50.051	0.5	go_success	0.427
51.956	0.5	go_success	0.233
53.794	0.5	stop_success	NA
55.514	0.5	go_success	0.407
57.151	0.5	go_success	0.376
58.805	0.5	stop_success	NA
60.493	0.5	go_success	0.349
62.38	0.5	go_success	0.331
64.034	0.5	go_success	0.433
66.006	0.5	go_success	0.346
67.71	0.5	go_success	0.327
69.33	0.5	go_success	0.314
71.218	0.5	go_success	0.297
72.889	0.5	go_success	0.321
74.86	0.5	go_success	0.346
76.814	0.5	go_success	0.384
78.619	0.5	go_success	0.367
80.339	0.5	go_success	0.371
82.144	0.5	go_success	0.369
83.764	0.5	stop_success	NA
85.468	0.5	go_success	0.342
87.289	0.5	go_success	0.305
88.977	0.5	go_success	0.301
90.848	0.5	go_success	0.325
92.819	0.5	stop_success	NA
94.74	0.5	go_success	0.295
96.645	0.5	stop_success	NA
98.532	0.5	stop_success	NA
100.17	0.5	go_success	0.456
101.907	0.5	go_success	0.278
103.878	0.5	go_success	0.396
105.699	0.5	go_success	0.31
107.52	0.5	go_success	0.466
109.458	0.5	go_success	0.32
111.246	0.5	go_success	0.351
112.849	0.5	go_success	0.39
114.754	0.5	go_success	0.372
116.625	0.5	stop_success	NA
118.312	0.5	go_success	0.265
120.3	0.5	go_success	0.307
122.171	0.5	go_success	0.41
123.809	0.5	go_success	0.42
125.596	0.5	stop_success	NA
127.183	0.5	go_success	0.413
129.054	0.5	go_success	0.343
130.942	0.5	go_success	0.3
132.563	0.5	go_success	0.39
134.35	0.5	go_success	0.285
136.188	0.5	stop_success	NA
137.808	0.5	go_success	0.374
139.78	0.5	go_success	0.33
141.5	0.5	go_success	0.418
143.522	0.5	stop_success	NA
145.293	0.5	go_success	0.398
147.047	0.5	go_success	0.281
148.985	0.5	stop_success	NA
150.772	0.5	go_success	0.295
152.443	0.5	go_success	0.409
154.347	0.5	go_success	0.342
156.319	0.5	stop_success	NA
158.039	0.5	go_success	0.427
159.86	0.5	stop_success	NA
161.598	0.5	go_success	0.402
163.268	0.5	stop_error	0.554
165.123	0.5	go_success	0.317
166.71	0.5	go_success	0.649
168.564	0.5	stop_success	NA
170.302	0.5	go_success	0.41
172.189	0.5	stop_success	NA
173.843	0.5	go_success	0.34
175.531	0.5	go_success	0.309
177.535	0.5	go_success	0.393
179.29	0.5	stop_success	NA
181.027	0.5	go_success	0.283
182.781	0.5	go_success	0.511
184.719	0.5	go_success	0.324
186.507	0.5	stop_success	NA
188.394	0.5	go_success	0.274
190.148	0.5	go_success	0.527
191.869	0.5	stop_success	NA
193.673	0.5	go_success	0.318
195.528	0.5	go_success	0.386
197.299	0.5	stop_success	NA
199.019	0.5	go_success	0.395
200.957	0.5	go_success	0.384
202.912	0.5	stop_success	NA
204.783	0.5	go_success	0.436
206.454	0.5	stop_success	NA
208.241	0.5	go_success	0.301
210.246	0.5	go_success	0.329
212.033	0.5	go_success	0.44
213.804	0.5	go_success	0.327
215.542	0.5	go_success	0.586
217.363	0.5	go_success	0.351
218.966	0.5	stop_success	NA
220.704	0.5	stop_error	0.279
222.374	0.5	go_success	0.468
224.346	0.5	go_success	0.376
226.033	0.5	go_success	0.376
228.004	0.5	go_success	0.387
229.942	0.5	stop_success	NA
231.513	0.5	go_success	0.398
233.451	0.5	go_success	0.339
235.372	0.5	go_success	0.384
237.11	0.5	stop_success	NA
239.047	0.5	go_success	0.387
240.768	0.5	go_success	0.329
242.739	0.5	go_success	0.382
244.543	0.5	stop_success	NA
246.264	0.5	go_success	0.383
248.152	0.5	stop_success	NA
249.823	0.5	go_success	0.414
