onset	duration	trial_type	response_time
0	0.5	go_success	0.714
1.737	0.5	go_success	0.601
3.391	0.5	stop_success	NA
5.296	0.5	go_success	0.732
6.966	0.5	go_success	0.477
8.771	0.5	go_success	0.536
10.525	0.5	stop_success	NA
12.279	0.5	go_success	0.382
14.15	0.5	go_success	0.417
15.937	0.5	go_success	0.561
17.692	0.5	go_success	0.437
19.379	0.5	stop_success	NA
21.133	0.5	stop_success	NA
23.104	0.5	go_success	0.423
24.892	0.5	go_success	0.435
26.696	0.5	go_success	0.433
28.534	0.5	go_success	0.641
30.405	0.5	go_success	0.502
32.159	0.5	stop_success	NA
33.963	0.5	go_success	0.341
35.634	0.5	go_success	0.431
37.338	0.5	go_success	0.434
39.075	0.5	go_success	0.399
40.863	0.5	go_success	0.386
42.767	0.5	stop_success	NA
44.722	0.5	stop_success	NA
46.643	0.5	go_success	0.633
48.414	0.5	go_success	0.345
50.034	0.5	go_success	0.64
51.956	0.5	go_success	0.567
53.777	0.5	stop_success	NA
55.514	0.5	go_success	0.393
57.134	0.5	go_success	0.677
58.805	0.5	stop_success	NA
60.492	0.5	go_success	0.413
62.364	0.5	go_success	0.434
64.001	0.5	go_success	0.5
66.005	0.5	go_success	0.476
67.693	0.5	go_success	0.492
69.33	0.5	go_success	0.688
71.201	0.5	go_success	0.504
72.855	0.5	go_success	0.406
74.843	0.5	go_success	0.535
76.814	0.5	go_success	0.455
78.602	0.5	go_success	0.424
80.322	0.5	go_success	0.541
82.127	0.5	go_success	0.601
83.747	0.5	stop_success	NA
85.468	0.5	go_success	0.585
87.289	0.5	go_success	0.438
88.976	0.5	go_success	0.444
90.847	0.5	go_success	0.382
92.819	0.5	stop_success	NA
94.723	0.5	go_success	0.494
96.628	0.5	stop_success	NA
98.532	0.5	stop_success	NA
100.153	0.5	go_success	0.586
101.907	0.5	go_success	0.382
103.845	0.5	go_success	0.468
105.682	0.5	go_success	0.476
107.52	0.5	go_success	0.588
109.441	0.5	go_success	0.392
111.229	0.5	go_success	0.596
112.832	0.5	go_success	0.752
114.754	0.5	go_success	0.625
116.608	0.5	stop_success	NA
118.295	0.5	go_success	0.499
120.3	0.5	go_success	0.559
122.171	0.5	go_success	0.502
123.808	0.5	go_success	0.591
125.562	0.5	stop_success	NA
127.183	0.5	go_success	0.67
129.037	0.5	go_success	0.538
130.942	0.5	go_success	0.504
132.562	0.5	go_success	0.56
134.333	0.5	go_success	0.47
136.171	0.5	stop_success	NA
137.791	0.5	go_success	0.531
139.779	0.5	go_success	0.471
141.5	0.5	go_success	0.618
143.488	0.5	stop_success	NA
145.275	0.5	go_success	0.561
147.046	0.5	go_success	0.464
148.984	0.5	stop_success	NA
150.755	0.5	go_success	0.391
152.426	0.5	go_success	0.446
154.347	0.5	go_success	0.577
156.301	0.5	stop_success	NA
158.022	0.5	go_success	0.616
159.86	0.5	stop_success	NA
161.581	0.5	go_success	0.62
163.251	0.5	stop_success	NA
165.089	0.5	go_success	0.393
166.693	0.5	go_success	0.707
168.53	0.5	stop_success	NA
170.301	0.5	go_success	0.448
172.189	0.5	stop_success	NA
173.826	0.5	go_success	0.45
175.53	0.5	go_success	0.543
177.518	0.5	go_success	0.426
179.289	0.5	stop_success	NA
181.026	0.5	go_success	0.44
182.747	0.5	go_success	0.43
184.702	0.5	go_success	0.553
186.489	0.5	stop_success	NA
188.394	0.5	go_success	0.446
190.131	0.5	go_success	0.615
191.852	0.5	stop_success	NA
193.656	0.5	go_success	0.411
195.511	0.5	go_success	0.677
197.281	0.5	stop_success	NA
199.002	0.5	go_success	0.532
200.94	0.5	go_success	0.579
202.895	0.5	stop_success	NA
204.766	0.5	go_success	0.729
206.437	0.5	stop_success	NA
208.241	0.5	go_success	0.393
210.245	0.5	go_success	0.719
212.033	0.5	go_success	0.737
213.787	0.5	go_success	0.5
215.541	0.5	go_success	0.668
217.345	0.5	go_success	0.787
218.949	0.5	stop_success	NA
220.703	0.5	stop_success	NA
222.34	0.5	go_success	0.61
224.345	0.5	go_success	0.635
226.032	0.5	go_success	0.498
228.004	0.5	go_success	0.376
229.925	0.5	stop_success	NA
231.512	0.5	go_success	0.5
233.433	0.5	go_success	0.654
235.354	0.5	go_success	0.605
237.092	0.5	stop_success	NA
239.03	0.5	go_success	0.619
240.75	0.5	go_success	0.6
242.722	0.5	go_success	0.763
244.526	0.5	stop_success	NA
246.263	0.5	go_success	0.568
248.118	0.5	stop_success	NA
249.839	0.5	go_success	0.563
