onset	duration	trial_type	response_time
0	0.5	go_success	0.9
1.738	0.5	go_success	0.398
3.409	0.5	stop_success	NA
5.313	0.5	go_success	0.335
6.983	0.5	go_success	0.308
8.788	0.5	go_success	0.404
10.542	0.5	stop_success	NA
12.279	0.5	go_success	0.393
14.167	0.5	go_success	0.289
15.954	0.5	go_success	0.515
17.709	0.5	go_success	0.274
19.396	0.5	stop_success	NA
21.15	0.5	stop_success	NA
23.121	0.5	go_success	0.485
24.909	0.5	go_success	0.269
26.713	0.5	go_success	0.305
28.534	0.5	go_success	0.428
30.405	0.5	go_success	0.345
32.176	0.5	stop_success	NA
33.98	0.5	go_success	0.432
35.651	0.5	go_success	0.34
37.338	0.5	go_success	0.391
39.076	0.5	go_success	0.342
40.88	0.5	go_success	0.402
42.784	0.5	stop_success	NA
44.739	0.5	stop_success	NA
46.66	0.5	go_success	0.443
48.431	0.5	go_success	0.316
50.051	0.5	go_success	0.326
51.973	0.5	go_success	0.392
53.794	0.5	stop_success	NA
55.531	0.5	go_success	0.419
57.151	0.5	go_success	0.393
58.822	0.5	stop_success	NA
60.493	0.5	go_success	0.366
62.38	0.5	go_success	0.526
64.018	0.5	go_success	0.427
66.022	0.5	go_success	0.427
67.71	0.5	go_success	0.538
69.33	0.5	go_success	0.28
71.218	0.5	go_success	0.43
72.872	0.5	go_success	0.338
74.86	0.5	go_success	0.522
76.831	0.5	go_success	0.29
78.619	0.5	go_success	0.374
80.339	0.5	go_success	0.608
82.144	0.5	go_success	0.425
83.764	0.5	stop_success	NA
85.485	0.5	go_success	0.384
87.289	0.5	go_success	0.379
88.976	0.5	go_success	0.452
90.864	0.5	go_success	0.46
92.819	0.5	stop_success	NA
94.74	0.5	go_success	0.852
96.644	0.5	stop_success	NA
98.532	0.5	stop_success	NA
100.169	0.5	go_success	0.448
101.924	0.5	go_success	0.281
103.861	0.5	go_success	0.469
105.699	0.5	go_success	0.275
107.52	0.5	go_success	0.302
109.458	0.5	go_success	0.464
111.246	0.5	go_success	0.587
112.849	0.5	go_success	0.377
114.754	0.5	go_success	0.365
116.625	0.5	stop_success	NA
118.312	0.5	go_success	0.446
120.3	0.5	go_success	0.393
122.171	0.5	go_success	0.48
123.825	0.5	go_success	0.6
125.579	0.5	stop_error	0.265
127.2	0.5	go_success	0.399
129.037	0.5	go_success	0.453
130.959	0.5	go_success	0.654
132.579	0.5	go_success	0.449
134.35	0.5	go_success	0.366
136.188	0.5	stop_success	NA
137.808	0.5	go_success	0.376
139.796	0.5	go_success	0.373
141.517	0.5	go_success	0.396
143.505	0.5	stop_success	NA
145.292	0.5	go_success	0.368
147.063	0.5	go_success	0.48
149.001	0.5	stop_error	0.381
150.805	0.5	go_success	0.471
152.443	0.5	go_success	0.479
154.364	0.5	go_success	0.412
156.318	0.5	stop_success	NA
158.039	0.5	go_success	0.44
159.86	0.5	stop_success	NA
161.614	0.5	go_success	0.44
163.268	0.5	stop_success	NA
165.089	0.5	go_success	0.205
166.709	0.5	go_success	0.482
168.547	0.5	stop_success	NA
170.318	0.5	go_success	0.46
172.206	0.5	stop_success	NA
173.843	0.5	go_success	0.571
175.53	0.5	go_success	0.462
177.535	0.5	go_success	0.346
179.306	0.5	stop_error	0.338
181.043	0.5	go_success	0.427
182.764	0.5	go_success	0.568
184.719	0.5	go_success	0.454
186.506	0.5	stop_error	0.315
188.427	0.5	go_success	0.438
190.148	0.5	go_success	0.424
191.869	0.5	stop_success	NA
193.673	0.5	go_success	0.497
195.527	0.5	go_success	0.398
197.315	0.5	stop_error	0.384
199.052	0.5	go_success	0.474
200.957	0.5	go_success	0.534
202.928	0.5	stop_success	NA
204.782	0.5	go_success	0.497
206.453	0.5	stop_success	NA
208.257	0.5	go_success	0.335
210.262	0.5	go_success	0.325
212.033	0.5	go_success	0.497
213.804	0.5	go_success	0.484
215.558	0.5	go_success	0.309
217.362	0.5	go_success	0.612
218.966	0.5	stop_error	0.355
220.72	0.5	stop_error	0.284
222.357	0.5	go_success	0.449
224.362	0.5	go_success	0.46
226.032	0.5	go_success	0.389
228.02	0.5	go_success	0.584
229.958	0.5	stop_success	NA
231.529	0.5	go_success	0.381
233.45	0.5	go_success	0.448
235.371	0.5	go_success	0.417
237.125	0.5	stop_success	NA
239.046	0.5	go_success	0.235
240.767	0.5	go_success	0.407
242.738	0.5	go_success	0.442
244.526	0.5	stop_error	0.818
246.297	0.5	go_success	0.454
248.134	0.5	stop_success	NA
249.839	0.5	go_success	0.418
