onset	duration	trial_type	response_time
0	0.5	go_error	NA
1.737	0.5	go_error	0.074
3.391	0.5	stop_success	NA
5.296	0.5	go_success	0.791
6.966	0.5	go_success	0.386
8.771	0.5	go_success	0.51
10.541	0.5	stop_success	NA
12.279	0.5	go_success	0.501
14.167	0.5	go_success	0.397
15.938	0.5	go_success	0.368
17.708	0.5	go_success	0.361
19.379	0.5	stop_success	NA
21.133	0.5	stop_success	NA
23.105	0.5	go_success	0.366
24.893	0.5	go_success	0.381
26.697	0.5	go_success	0.449
28.534	0.5	go_success	0.38
30.389	0.5	go_success	0.53
32.126	0.5	stop_success	NA
33.981	0.5	go_success	0.489
35.668	0.5	go_success	0.394
37.288	0.5	go_success	0.462
39.043	0.5	go_success	0.463
40.847	0.5	go_success	0.332
42.751	0.5	stop_success	NA
44.706	0.5	stop_success	NA
46.661	0.5	go_success	0.538
48.415	0.5	go_success	0.347
50.069	0.5	go_success	0.432
51.94	0.5	go_success	0.382
53.744	0.5	stop_success	NA
55.498	0.5	go_success	0.471
57.136	0.5	go_success	0.48
58.79	0.5	stop_success	NA
60.494	0.5	go_success	0.479
62.398	0.5	go_success	0.409
64.019	0.5	go_success	0.594
66.007	0.5	go_success	0.41
67.694	0.5	go_success	0.528
69.298	0.5	go_success	0.418
71.203	0.5	go_success	0.37
72.873	0.5	go_success	0.403
74.861	0.5	go_success	0.528
76.799	0.5	go_success	0.363
78.587	0.5	go_success	0.422
80.308	0.5	go_success	0.539
82.129	0.5	go_success	0.445
83.732	0.5	stop_success	NA
85.47	0.5	go_success	0.464
87.308	0.5	go_success	0.392
88.995	0.5	go_success	0.369
90.816	0.5	go_success	0.417
92.804	0.5	stop_success	NA
94.725	0.5	go_success	0.407
96.596	0.5	stop_success	NA
98.534	0.5	stop_success	NA
100.155	0.5	go_success	0.405
101.926	0.5	go_success	0.382
103.88	0.5	go_success	0.333
105.668	0.5	go_success	0.417
107.506	0.5	go_success	0.29
109.46	0.5	go_success	0.473
111.248	0.5	go_success	0.363
112.902	0.5	go_success	0.53
114.806	0.5	go_success	0.36
116.594	0.5	stop_success	NA
118.298	0.5	go_success	0.409
120.286	0.5	go_success	0.381
122.174	0.5	go_success	0.402
123.811	0.5	go_success	0.299
125.599	0.5	stop_success	NA
127.186	0.5	go_success	0.552
129.074	0.5	go_success	0.458
130.911	0.5	go_success	0.32
132.549	0.5	go_success	0.322
134.336	0.5	go_success	0.425
136.191	0.5	stop_success	NA
137.794	0.5	go_success	0.513
139.816	0.5	go_success	0.442
141.537	0.5	go_success	0.417
143.508	0.5	stop_success	NA
145.262	0.5	go_success	0.449
147.05	0.5	go_success	0.398
148.988	0.5	stop_success	NA
150.742	0.5	go_success	0.517
152.463	0.5	go_success	0.387
154.384	0.5	go_success	0.287
156.288	0.5	stop_success	NA
158.009	0.5	go_success	0.531
159.847	0.5	stop_success	NA
161.584	0.5	go_success	0.631
163.255	0.5	stop_success	NA
165.093	0.5	go_success	0.55
166.73	0.5	go_success	0.398
168.568	0.5	stop_success	NA
170.272	0.5	go_success	0.558
172.176	0.5	stop_success	NA
173.83	0.5	go_success	0.585
175.534	0.5	go_success	0.499
177.506	0.5	go_success	0.386
179.327	0.5	stop_success	NA
181.031	0.5	go_success	0.438
182.751	0.5	go_success	0.505
184.689	0.5	go_success	0.567
186.494	0.5	stop_success	NA
188.398	0.5	go_success	0.427
190.119	0.5	go_success	0.596
191.89	0.5	stop_success	NA
193.677	0.5	go_success	0.535
195.498	0.5	go_success	0.497
197.269	0.5	stop_success	NA
198.99	0.5	go_success	0.544
200.945	0.5	go_success	0.423
202.95	0.5	stop_success	NA
204.787	0.5	go_success	0.443
206.475	0.5	stop_success	NA
208.262	0.5	go_success	0.457
210.217	0.5	go_success	0.371
212.004	0.5	go_success	0.421
213.775	0.5	go_success	0.619
215.546	0.5	go_success	0.394
217.351	0.5	go_success	0.581
218.988	0.5	stop_success	NA
220.725	0.5	stop_success	NA
222.346	0.5	go_success	0.479
224.334	0.5	go_success	0.478
226.021	0.5	go_success	0.568
228.009	0.5	go_success	0.465
229.93	0.5	stop_success	NA
231.534	0.5	go_success	0.49
233.472	0.5	go_success	0.54
235.343	0.5	go_success	0.407
237.081	0.5	stop_success	NA
239.019	0.5	go_success	0.492
240.756	0.5	go_success	0.467
242.728	0.5	go_success	0.37
244.549	0.5	stop_success	NA
246.286	0.5	go_success	0.536
248.157	0.5	stop_success	NA
249.811	0.5	go_success	0.455
