onset	duration	trial_type	response_time
0	0.5	go_success	0.778
1.739	0.5	go_success	0.344
3.394	0.5	stop_success	NA
5.3	0.5	go_success	0.428
6.972	0.5	go_success	0.307
8.778	0.5	go_success	0.397
10.551	0.5	stop_success	NA
12.29	0.5	go_success	0.375
14.162	0.5	go_success	0.283
15.951	0.5	go_success	0.419
17.707	0.5	go_success	0.252
19.396	0.5	stop_success	NA
21.152	0.5	stop_success	NA
23.108	0.5	go_success	0.222
24.914	0.5	go_success	0.214
26.703	0.5	go_success	0.214
28.542	0.5	go_success	0.409
30.398	0.5	go_success	0.435
32.171	0.5	stop_success	NA
33.976	0.5	go_success	0.434
35.649	0.5	go_success	0.314
37.337	0.5	go_success	0.408
39.076	0.5	go_success	0.269
40.882	0.5	go_success	0.28
42.772	0.5	stop_success	NA
44.745	0.5	stop_success	NA
46.668	0.5	go_success	0.314
48.423	0.5	go_success	0.298
50.045	0.5	go_success	0.28
51.968	0.5	go_success	0.298
53.791	0.5	stop_success	NA
55.513	0.5	go_success	0.408
57.152	0.5	go_success	0.375
58.807	0.5	stop_success	NA
60.496	0.5	go_success	0.241
62.385	0.5	go_success	0.335
64.024	0.5	go_success	0.368
66.03	0.5	go_success	0.423
67.702	0.5	go_success	0.286
69.341	0.5	go_success	0.323
71.214	0.5	go_success	0.414
72.869	0.5	go_success	0.292
74.859	0.5	go_success	0.39
76.815	0.5	go_success	0.313
78.604	0.5	go_success	0.405
80.343	0.5	go_success	0.412
82.149	0.5	go_success	0.26
83.771	0.5	stop_success	NA
85.477	0.5	go_success	0.501
87.299	0.5	go_success	0.342
88.971	0.5	go_success	0.407
90.861	0.5	go_success	0.378
92.817	0.5	stop_success	NA
94.74	0.5	go_success	0.409
96.646	0.5	stop_success	NA
98.536	0.5	stop_success	NA
100.174	0.5	go_success	0.393
101.913	0.5	go_success	0.354
103.853	0.5	go_success	0.326
105.709	0.5	go_success	0.375
107.515	0.5	go_success	0.31
109.454	0.5	go_success	0.272
111.243	0.5	go_success	0.295
112.849	0.5	go_success	0.387
114.755	0.5	go_success	0.409
116.628	0.5	stop_success	NA
118.316	0.5	go_success	0.296
120.306	0.5	go_success	0.382
122.179	0.5	go_success	0.309
123.817	0.5	go_success	0.382
125.573	0.5	stop_success	NA
127.195	0.5	go_success	0.424
129.034	0.5	go_success	0.679
130.957	0.5	go_success	0.48
132.562	0.5	go_success	0.384
134.335	0.5	go_success	0.4
136.191	0.5	stop_success	NA
137.796	0.5	go_success	0.387
139.786	0.5	go_success	0.338
141.508	0.5	go_success	0.346
143.498	0.5	stop_success	NA
145.304	0.5	go_success	0.355
147.043	0.5	go_success	0.39
148.999	0.5	stop_success	NA
150.771	0.5	go_success	0.371
152.444	0.5	go_success	0.359
154.366	0.5	go_success	0.374
156.323	0.5	stop_success	NA
158.045	0.5	go_success	0.399
159.868	0.5	stop_error	0.374
161.623	0.5	go_success	0.488
163.279	0.5	stop_success	NA
165.101	0.5	go_success	0.267
166.706	0.5	go_success	0.442
168.546	0.5	stop_success	NA
170.301	0.5	go_success	0.428
172.191	0.5	stop_success	NA
173.846	0.5	go_success	0.417
175.535	0.5	go_success	0.315
177.525	0.5	go_success	0.433
179.297	0.5	stop_success	NA
181.036	0.5	go_success	0.412
182.758	0.5	go_success	0.351
184.731	0.5	go_success	0.496
186.504	0.5	stop_success	NA
188.393	0.5	go_success	0.28
190.149	0.5	go_success	0.293
191.871	0.5	stop_success	NA
193.677	0.5	go_success	0.366
195.533	0.5	go_success	0.399
197.306	0.5	stop_success	NA
199.011	0.5	go_success	0.951
200.951	0.5	go_success	0.387
202.924	0.5	stop_success	NA
204.78	0.5	go_success	0.39
206.452	0.5	stop_success	NA
208.258	0.5	go_success	0.431
210.264	0.5	go_success	0.312
212.037	0.5	go_success	0.364
213.809	0.5	go_success	0.257
215.548	0.5	go_success	0.326
217.371	0.5	go_success	0.359
218.959	0.5	stop_success	NA
220.715	0.5	stop_success	NA
222.353	0.5	go_success	0.442
224.36	0.5	go_success	0.377
226.032	0.5	go_success	0.339
228.005	0.5	go_success	0.377
229.945	0.5	stop_success	NA
231.517	0.5	go_success	0.443
233.456	0.5	go_success	0.371
235.379	0.5	go_success	0.322
237.118	0.5	stop_success	NA
239.041	0.5	go_success	0.465
240.763	0.5	go_success	0.333
242.736	0.5	go_success	0.311
244.525	0.5	stop_success	NA
246.281	0.5	go_success	0.424
248.137	0.5	stop_success	NA
249.842	0.5	go_success	0.418
