onset	duration	trial_type	response_time
0	0.5	go_success	0.687
1.737	0.5	go_success	0.439
3.391	0.5	stop_success	NA
5.295	0.5	go_success	0.507
6.966	0.5	go_success	0.661
8.77	0.5	go_success	0.46
10.541	0.5	stop_success	NA
12.278	0.5	go_success	0.549
14.15	0.5	go_success	0.358
15.937	0.5	go_success	0.427
17.691	0.5	go_success	0.36
19.379	0.5	stop_success	NA
21.133	0.5	stop_success	NA
23.104	0.5	go_success	0.4
24.892	0.5	go_success	0.385
26.696	0.5	go_success	0.434
28.533	0.5	go_success	0.414
30.388	0.5	go_success	0.373
32.159	0.5	stop_success	NA
33.963	0.5	go_success	0.498
35.65	0.5	go_success	0.314
37.321	0.5	go_success	0.339
39.058	0.5	go_success	0.305
40.879	0.5	go_success	0.37
42.767	0.5	stop_success	NA
44.722	0.5	stop_success	NA
46.66	0.5	go_success	0.384
48.414	0.5	go_success	0.359
50.034	0.5	go_success	0.464
51.972	0.5	go_success	0.391
53.776	0.5	stop_success	NA
55.514	0.5	go_success	0.738
57.151	0.5	go_success	0.452
58.805	0.5	stop_success	NA
60.492	0.5	go_success	0.516
62.38	0.5	go_success	0.424
64.017	0.5	go_success	0.46
66.005	0.5	go_success	0.395
67.692	0.5	go_success	0.474
69.33	0.5	go_success	0.424
71.201	0.5	go_success	0.394
72.855	0.5	go_success	0.423
74.843	0.5	go_success	0.499
76.814	0.5	go_success	0.465
78.602	0.5	go_success	0.389
80.322	0.5	go_success	0.646
82.143	0.5	go_success	0.488
83.764	0.5	stop_success	NA
85.468	0.5	go_success	0.614
87.289	0.5	go_success	0.484
88.976	0.5	go_success	0.449
90.847	0.5	go_success	0.386
92.802	0.5	stop_success	NA
94.74	0.5	go_success	0.481
96.644	0.5	stop_success	NA
98.532	0.5	stop_success	NA
100.152	0.5	go_success	0.532
101.906	0.5	go_success	0.417
103.844	0.5	go_success	0.377
105.699	0.5	go_success	0.427
107.52	0.5	go_success	0.396
109.458	0.5	go_success	0.456
111.228	0.5	go_success	0.338
112.832	0.5	go_success	0.445
114.753	0.5	go_success	0.474
116.625	0.5	stop_success	NA
118.295	0.5	go_success	0.431
120.283	0.5	go_success	0.391
122.171	0.5	go_success	0.493
123.808	0.5	go_success	0.414
125.579	0.5	stop_success	NA
127.183	0.5	go_success	0.527
129.037	0.5	go_success	0.355
130.958	0.5	go_success	0.319
132.545	0.5	go_success	0.484
134.333	0.5	go_success	0.373
136.187	0.5	stop_success	NA
137.791	0.5	go_success	0.612
139.779	0.5	go_success	0.298
141.5	0.5	go_success	0.541
143.505	0.5	stop_success	NA
145.292	0.5	go_success	0.476
147.046	0.5	go_success	0.315
148.984	0.5	stop_success	NA
150.755	0.5	go_success	0.571
152.442	0.5	go_success	0.427
154.347	0.5	go_success	0.496
156.318	0.5	stop_success	NA
158.022	0.5	go_success	0.484
159.86	0.5	stop_success	NA
161.597	0.5	go_success	0.443
163.251	0.5	stop_success	NA
165.089	0.5	go_success	0.384
166.693	0.5	go_success	0.431
168.53	0.5	stop_success	NA
170.301	0.5	go_success	0.424
172.172	0.5	stop_success	NA
173.843	0.5	go_success	0.43
175.53	0.5	go_success	0.376
177.518	0.5	go_success	0.333
179.289	0.5	stop_success	NA
181.026	0.5	go_success	0.42
182.747	0.5	go_success	0.43
184.718	0.5	go_success	0.376
186.489	0.5	stop_success	NA
188.394	0.5	go_success	0.299
190.131	0.5	go_success	0.42
191.852	0.5	stop_success	NA
193.656	0.5	go_success	0.48
195.527	0.5	go_success	0.383
197.298	0.5	stop_success	NA
199.002	0.5	go_success	0.448
200.957	0.5	go_success	0.371
202.911	0.5	stop_success	NA
204.766	0.5	go_success	0.498
206.453	0.5	stop_success	NA
208.241	0.5	go_success	0.32
210.262	0.5	go_success	0.375
212.016	0.5	go_success	0.661
213.787	0.5	go_success	0.306
215.541	0.5	go_success	0.41
217.345	0.5	go_success	0.567
218.949	0.5	stop_success	NA
220.703	0.5	stop_success	NA
222.34	0.5	go_success	0.463
224.345	0.5	go_success	0.457
226.033	0.5	go_success	0.392
228.004	0.5	go_success	0.49
229.942	0.5	stop_success	NA
231.512	0.5	go_success	0.518
233.433	0.5	go_success	0.441
235.371	0.5	go_success	0.466
237.109	0.5	stop_success	NA
239.03	0.5	go_success	0.49
240.751	0.5	go_success	0.43
242.722	0.5	go_success	0.384
244.526	0.5	stop_success	NA
246.264	0.5	go_success	0.529
248.118	0.5	stop_success	NA
249.839	0.5	go_success	0.41
