onset	duration	trial_type	response_time
0	0.5	go_success	1.48
1.733	0.5	go_success	0.557
3.4	0.5	stop_success	NA
5.293	0.5	go_success	0.432
6.973	0.5	go_success	0.357
8.773	0.5	go_success	0.396
10.546	0.5	stop_success	NA
12.279	0.5	go_success	0.458
14.159	0.5	go_success	0.365
15.946	0.5	go_success	0.305
17.706	0.5	go_success	0.33
19.386	0.5	stop_success	NA
21.146	0.5	stop_success	NA
23.105	0.5	go_success	0.335
24.905	0.5	go_success	0.396
26.705	0.5	go_success	0.467
28.532	0.5	go_success	0.485
30.399	0.5	go_success	0.294
32.118	0.5	stop_success	NA
33.972	0.5	go_success	0.3
35.638	0.5	go_success	0.488
37.278	0.5	go_success	0.357
39.038	0.5	go_success	0.384
40.838	0.5	go_success	0.266
42.731	0.5	stop_success	NA
44.718	0.5	stop_success	NA
46.652	0.5	go_success	0.284
48.411	0.5	go_success	0.531
50.038	0.5	go_success	0.284
51.918	0.5	go_success	0.32
53.744	0.5	stop_success	NA
55.504	0.5	go_success	0.494
57.104	0.5	go_success	0.367
58.757	0.5	stop_success	NA
60.491	0.5	go_success	0.267
62.37	0.5	go_success	0.24
64.01	0.5	go_success	0.385
65.97	0.5	go_success	0.324
67.664	0.5	go_success	0.392
69.29	0.5	go_success	0.3
71.17	0.5	go_success	0.352
72.863	0.5	go_success	0.322
74.85	0.5	go_success	0.365
76.77	0.5	go_success	0.281
78.57	0.5	go_success	0.249
80.29	0.5	go_success	0.384
82.103	0.5	go_success	0.455
83.716	0.5	stop_success	NA
85.476	0.5	go_success	0.459
87.276	0.5	go_success	0.289
88.969	0.5	go_success	0.336
90.796	0.5	go_success	0.359
92.769	0.5	stop_success	NA
94.716	0.5	go_success	0.28
96.596	0.5	stop_success	NA
98.516	0.5	stop_success	NA
100.169	0.5	go_success	0.366
101.902	0.5	go_success	0.308
103.849	0.5	go_success	0.266
105.649	0.5	go_success	0.298
107.475	0.5	go_success	0.292
109.408	0.5	go_success	0.306
111.195	0.5	go_success	0.297
112.835	0.5	go_success	0.393
114.741	0.5	go_success	0.313
116.568	0.5	stop_success	NA
118.301	0.5	go_success	0.295
120.261	0.5	go_success	0.263
122.128	0.5	go_success	0.368
123.768	0.5	go_success	0.313
125.568	0.5	stop_success	NA
127.194	0.5	go_success	0.518
129.021	0.5	go_success	0.276
130.901	0.5	go_success	0.251
132.514	0.5	go_success	0.383
134.301	0.5	go_success	0.29
136.141	0.5	stop_success	NA
137.78	0.5	go_success	0.366
139.767	0.5	go_success	0.318
141.5	0.5	go_success	0.298
143.5	0.5	stop_success	NA
145.273	0.5	go_success	0.415
147.007	0.5	go_success	0.341
148.94	0.5	stop_success	NA
150.74	0.5	go_success	0.477
152.433	0.5	go_success	0.275
154.353	0.5	go_success	0.35
156.26	0.5	stop_success	NA
158.02	0.5	go_success	0.334
159.819	0.5	stop_success	NA
161.579	0.5	go_success	0.358
163.219	0.5	stop_success	NA
165.086	0.5	go_success	0.265
166.686	0.5	go_success	0.424
168.526	0.5	stop_success	NA
170.273	0.5	go_success	0.423
172.152	0.5	stop_success	NA
173.819	0.5	go_success	0.278
175.485	0.5	go_success	0.415
177.485	0.5	go_success	0.265
179.285	0.5	stop_success	NA
181.032	0.5	go_success	0.271
182.752	0.5	go_success	0.409
184.672	0.5	go_success	0.244
186.458	0.5	stop_success	NA
188.378	0.5	go_success	0.311
190.085	0.5	go_success	0.392
191.845	0.5	stop_error	0.258
193.671	0.5	go_success	0.502
195.471	0.5	go_success	0.274
197.258	0.5	stop_success	NA
198.991	0.5	go_success	0.303
200.911	0.5	go_success	0.27
202.871	0.5	stop_success	NA
204.777	0.5	go_success	0.306
206.444	0.5	stop_success	NA
208.244	0.5	go_success	0.291
210.204	0.5	go_success	0.306
211.991	0.5	go_success	0.29
213.75	0.5	go_success	0.31
215.497	0.5	go_success	0.281
217.31	0.5	go_success	0.335
218.95	0.5	stop_success	NA
220.71	0.5	stop_success	NA
222.35	0.5	go_success	0.397
224.31	0.5	go_success	0.309
225.99	0.5	go_success	0.467
227.963	0.5	go_success	0.357
229.896	0.5	stop_success	NA
231.523	0.5	go_success	0.448
233.43	0.5	go_success	0.28
235.323	0.5	go_error	0.312
237.069	0.5	stop_success	NA
239.029	0.5	go_success	0.424
240.709	0.5	go_success	0.447
242.682	0.5	go_success	0.268
244.522	0.5	stop_success	NA
246.269	0.5	go_success	0.48
248.122	0.5	stop_success	NA
249.802	0.5	go_success	0.383
