onset	duration	trial_type	response_time
0	0.5	go_error	NA
1.737	0.5	go_success	0.509
3.391	0.5	stop_success	NA
5.296	0.5	go_success	0.525
6.966	0.5	go_success	0.378
8.77	0.5	go_success	0.543
10.541	0.5	stop_success	NA
12.279	0.5	go_success	0.377
14.167	0.5	go_success	0.351
15.938	0.5	go_success	0.325
17.708	0.5	go_success	0.364
19.379	0.5	stop_success	NA
21.133	0.5	stop_success	NA
23.105	0.5	go_success	0.361
24.909	0.5	go_success	0.338
26.697	0.5	go_success	0.43
28.534	0.5	go_success	0.577
30.389	0.5	go_success	0.342
32.143	0.5	stop_success	NA
33.964	0.5	go_success	0.329
35.685	0.5	go_success	0.306
37.305	0.5	go_success	0.342
39.059	0.5	go_success	0.386
40.864	0.5	go_success	0.46
42.751	0.5	stop_success	NA
44.723	0.5	stop_success	NA
46.661	0.5	go_success	0.425
48.448	0.5	go_success	0.308
50.069	0.5	go_success	0.378
51.957	0.5	go_success	0.312
53.761	0.5	stop_error	0.29
55.532	0.5	go_success	0.493
57.136	0.5	go_success	0.469
58.79	0.5	stop_success	NA
60.494	0.5	go_success	0.346
62.398	0.5	go_success	0.359
64.035	0.5	go_success	0.404
66.007	0.5	go_success	0.344
67.694	0.5	go_success	0.45
69.298	0.5	go_success	0.339
71.202	0.5	go_success	0.549
72.89	0.5	go_success	0.313
74.878	0.5	go_success	0.445
76.799	0.5	go_success	0.329
78.603	0.5	go_success	0.333
80.324	0.5	go_success	0.392
82.128	0.5	go_success	0.346
83.749	0.5	stop_success	NA
85.47	0.5	go_success	0.466
87.307	0.5	go_success	0.439
88.995	0.5	go_success	0.413
90.832	0.5	go_success	0.312
92.804	0.5	stop_success	NA
94.725	0.5	go_success	0.444
96.63	0.5	stop_success	NA
98.534	0.5	stop_success	NA
100.171	0.5	go_success	0.528
101.942	0.5	go_success	0.355
103.88	0.5	go_success	0.37
105.684	0.5	go_success	0.377
107.505	0.5	go_success	0.299
109.443	0.5	go_success	0.281
111.231	0.5	go_success	0.32
112.885	0.5	go_success	0.506
114.789	0.5	go_success	0.383
116.61	0.5	stop_success	NA
118.298	0.5	go_success	0.327
120.303	0.5	go_success	0.312
122.174	0.5	go_success	0.429
123.811	0.5	go_success	0.377
125.615	0.5	stop_success	NA
127.202	0.5	go_success	0.395
129.074	0.5	go_success	0.365
130.911	0.5	go_success	0.304
132.548	0.5	go_success	0.395
134.336	0.5	go_success	0.378
136.19	0.5	stop_success	NA
137.778	0.5	go_success	0.421
139.816	0.5	go_success	0.474
141.537	0.5	go_success	0.367
143.508	0.5	stop_success	NA
145.262	0.5	go_success	0.482
147.05	0.5	go_success	0.367
149.004	0.5	stop_success	NA
150.742	0.5	go_success	0.413
152.463	0.5	go_success	0.335
154.384	0.5	go_success	0.411
156.288	0.5	stop_success	NA
158.009	0.5	go_success	0.435
159.847	0.5	stop_success	NA
161.584	0.5	go_success	0.427
163.255	0.5	stop_success	NA
165.093	0.5	go_success	0.399
166.73	0.5	go_success	0.427
168.584	0.5	stop_success	NA
170.272	0.5	go_success	0.432
172.193	0.5	stop_success	NA
173.83	0.5	go_success	0.356
175.551	0.5	go_success	0.539
177.522	0.5	go_success	0.384
179.343	0.5	stop_success	NA
181.047	0.5	go_success	0.483
182.768	0.5	go_success	0.592
184.706	0.5	go_success	0.386
186.494	0.5	stop_success	NA
188.415	0.5	go_success	0.385
190.136	0.5	go_success	0.316
191.89	0.5	stop_success	NA
193.677	0.5	go_success	0.303
195.515	0.5	go_success	0.298
197.303	0.5	stop_success	NA
199.007	0.5	go_success	0.39
200.961	0.5	go_success	0.356
202.916	0.5	stop_success	NA
204.787	0.5	go_success	0.427
206.491	0.5	stop_success	NA
208.262	0.5	go_success	0.334
210.217	0.5	go_success	0.326
212.021	0.5	go_success	0.407
213.792	0.5	go_success	0.499
215.563	0.5	go_success	0.311
217.35	0.5	go_success	0.382
218.988	0.5	stop_success	NA
220.725	0.5	stop_success	NA
222.346	0.5	go_success	0.41
224.35	0.5	go_success	0.39
226.038	0.5	go_success	0.478
228.026	0.5	go_success	0.459
229.93	0.5	stop_success	NA
231.534	0.5	go_success	1.14
233.489	0.5	go_success	0.443
235.343	0.5	go_success	0.488
237.098	0.5	stop_success	NA
239.019	0.5	go_success	0.422
240.756	0.5	go_success	0.577
242.727	0.5	go_success	0.512
244.548	0.5	stop_success	NA
246.286	0.5	go_success	0.451
248.157	0.5	stop_success	NA
249.811	0.5	go_success	0.444
