onset	duration	trial_type	response_time
0	0.5	go_success	0.64
1.739	0.5	go_success	0.554
3.394	0.5	stop_success	NA
5.3	0.5	go_success	0.47
6.989	0.5	go_success	0.451
8.778	0.5	go_success	0.455
10.551	0.5	stop_success	NA
12.29	0.5	go_success	0.402
14.162	0.5	go_success	0.523
15.951	0.5	go_success	0.423
17.707	0.5	go_success	0.386
19.396	0.5	stop_success	NA
21.152	0.5	stop_error	0.534
23.108	0.5	go_success	0.469
24.914	0.5	go_success	0.331
26.72	0.5	go_success	0.42
28.542	0.5	go_success	0.498
30.432	0.5	go_success	0.39
32.171	0.5	stop_success	NA
33.977	0.5	go_success	0.327
35.665	0.5	go_success	0.296
37.337	0.5	go_success	0.323
39.076	0.5	go_success	0.423
40.882	0.5	go_success	0.314
42.772	0.5	stop_success	NA
44.745	0.5	stop_success	NA
46.668	0.5	go_success	0.337
48.423	0.5	go_success	0.344
50.045	0.5	go_success	0.412
51.968	0.5	go_success	0.291
53.807	0.5	stop_success	NA
55.53	0.5	go_success	0.43
57.152	0.5	go_success	0.471
58.824	0.5	stop_success	NA
60.496	0.5	go_success	0.314
62.385	0.5	go_success	0.297
64.024	0.5	go_success	0.421
66.014	0.5	go_success	0.346
67.719	0.5	go_success	0.368
69.341	0.5	go_success	0.315
71.214	0.5	go_success	0.342
72.869	0.5	go_success	0.369
74.859	0.5	go_success	0.473
76.832	0.5	go_success	0.387
78.621	0.5	go_success	0.342
80.343	0.5	go_success	0.535
82.149	0.5	go_success	0.455
83.771	0.5	stop_success	NA
85.477	0.5	go_success	0.446
87.299	0.5	go_success	0.326
88.988	0.5	go_success	0.383
90.861	0.5	go_success	0.373
92.834	0.5	stop_success	NA
94.74	0.5	go_success	0.401
96.646	0.5	stop_success	NA
98.536	0.5	stop_success	NA
100.174	0.5	go_success	0.392
101.913	0.5	go_success	0.514
103.853	0.5	go_success	0.323
105.692	0.5	go_success	0.314
107.532	0.5	go_success	0.299
109.454	0.5	go_success	0.275
111.244	0.5	go_success	0.345
112.849	0.5	go_success	0.473
114.755	0.5	go_success	0.38
116.628	0.5	stop_success	NA
118.316	0.5	go_success	0.346
120.306	0.5	go_success	0.381
122.179	0.5	go_success	0.376
123.818	0.5	go_success	0.383
125.59	0.5	stop_success	NA
127.195	0.5	go_success	0.462
129.051	0.5	go_success	0.622
130.957	0.5	go_success	0.378
132.579	0.5	go_success	0.39
134.352	0.5	go_success	0.301
136.191	0.5	stop_success	NA
137.813	0.5	go_success	0.384
139.786	0.5	go_success	0.391
141.508	0.5	go_success	0.375
143.515	0.5	stop_success	NA
145.287	0.5	go_success	0.336
147.06	0.5	go_success	0.297
148.999	0.5	stop_success	NA
150.772	0.5	go_success	0.54
152.444	0.5	go_success	0.308
154.367	0.5	go_success	0.389
156.323	0.5	stop_success	NA
158.045	0.5	go_success	0.41
159.868	0.5	stop_success	NA
161.607	0.5	go_success	0.408
163.262	0.5	stop_success	NA
165.101	0.5	go_success	0.501
166.707	0.5	go_success	0.394
168.546	0.5	stop_success	NA
170.318	0.5	go_success	0.406
172.208	0.5	stop_success	NA
173.846	0.5	go_success	0.408
175.535	0.5	go_success	0.269
177.542	0.5	go_success	0.383
179.297	0.5	stop_success	NA
181.036	0.5	go_success	0.373
182.759	0.5	go_success	0.467
184.715	0.5	go_success	0.439
186.504	0.5	stop_success	NA
188.41	0.5	go_success	0.346
190.149	0.5	go_success	0.495
191.872	0.5	stop_success	NA
193.677	0.5	go_success	0.314
195.533	0.5	go_success	0.311
197.306	0.5	stop_success	NA
199.028	0.5	go_success	0.574
200.968	0.5	go_success	0.363
202.924	0.5	stop_success	NA
204.78	0.5	go_success	0.517
206.452	0.5	stop_success	NA
208.258	0.5	go_success	0.425
210.264	0.5	go_success	0.325
212.037	0.5	go_success	0.496
213.809	0.5	go_success	0.301
215.548	0.5	go_success	0.333
217.371	0.5	go_success	0.439
218.976	0.5	stop_success	NA
220.715	0.5	stop_success	NA
222.354	0.5	go_success	0.468
224.36	0.5	go_success	0.424
226.032	0.5	go_success	0.463
228.022	0.5	go_success	0.439
229.945	0.5	stop_success	NA
231.533	0.5	go_success	0.381
233.456	0.5	go_success	0.344
235.379	0.5	go_success	0.457
237.118	0.5	stop_success	NA
239.041	0.5	go_success	0.441
240.763	0.5	go_success	0.372
242.736	0.5	go_success	0.391
244.542	0.5	stop_success	NA
246.281	0.5	go_success	0.481
248.137	0.5	stop_success	NA
249.843	0.5	go_success	0.406
