onset	duration	trial_type	response_time
0	0.5	go_success	0.889
1.72	0.5	go_success	0.642
3.391	0.5	stop_success	NA
5.296	0.5	go_success	0.445
6.966	0.5	go_success	0.391
8.77	0.5	go_success	0.46
10.525	0.5	stop_success	NA
12.279	0.5	go_success	0.425
14.15	0.5	go_success	0.503
15.937	0.5	go_success	0.452
17.691	0.5	go_success	0.431
19.379	0.5	stop_success	NA
21.133	0.5	stop_success	NA
23.104	0.5	go_success	0.309
24.892	0.5	go_success	0.371
26.696	0.5	go_success	0.436
28.517	0.5	go_success	0.452
30.388	0.5	go_success	0.484
32.159	0.5	stop_success	NA
33.963	0.5	go_success	0.381
35.634	0.5	go_success	0.377
37.321	0.5	go_success	0.392
39.059	0.5	go_success	0.328
40.863	0.5	go_success	0.382
42.767	0.5	stop_success	NA
44.722	0.5	stop_success	NA
46.643	0.5	go_success	0.391
48.414	0.5	go_success	0.379
50.034	0.5	go_success	0.379
51.956	0.5	go_success	0.338
53.777	0.5	stop_success	NA
55.514	0.5	go_success	0.6
57.135	0.5	go_success	0.392
58.805	0.5	stop_success	NA
60.476	0.5	go_success	0.333
62.364	0.5	go_success	0.37
64.001	0.5	go_success	0.368
66.005	0.5	go_success	0.346
67.693	0.5	go_success	0.397
69.313	0.5	go_success	0.31
71.201	0.5	go_success	0.368
72.855	0.5	go_success	0.32
74.843	0.5	go_success	0.391
76.814	0.5	go_success	0.281
78.602	0.5	go_success	0.314
80.323	0.5	go_success	0.38
82.127	0.5	go_success	0.389
83.747	0.5	stop_success	NA
85.468	0.5	go_success	0.335
87.272	0.5	go_success	0.388
88.96	0.5	go_success	0.39
90.831	0.5	go_success	0.401
92.802	0.5	stop_success	NA
94.723	0.5	go_success	0.409
96.628	0.5	stop_success	NA
98.532	0.5	stop_success	NA
100.153	0.5	go_success	0.396
101.907	0.5	go_success	0.329
103.845	0.5	go_success	0.422
105.699	0.5	go_success	0.385
107.503	0.5	go_success	0.41
109.441	0.5	go_success	0.312
111.229	0.5	go_success	0.345
112.833	0.5	go_success	0.476
114.737	0.5	go_success	0.367
116.608	0.5	stop_error	0.755
118.346	0.5	go_success	0.498
120.283	0.5	go_success	0.393
122.155	0.5	go_success	0.46
123.808	0.5	go_success	0.456
125.563	0.5	stop_success	NA
127.183	0.5	go_success	0.394
129.021	0.5	go_success	0.388
130.942	0.5	go_success	0.446
132.562	0.5	go_success	0.461
134.333	0.5	go_success	0.374
136.171	0.5	stop_success	NA
137.791	0.5	go_success	0.447
139.779	0.5	go_success	0.379
141.5	0.5	go_success	0.38
143.488	0.5	stop_success	NA
145.276	0.5	go_success	0.415
147.03	0.5	go_success	0.302
148.985	0.5	stop_success	NA
150.755	0.5	go_success	0.343
152.426	0.5	go_success	0.359
154.347	0.5	go_success	0.443
156.302	0.5	stop_success	NA
158.022	0.5	go_success	0.321
159.843	0.5	stop_success	NA
161.581	0.5	go_success	0.423
163.251	0.5	stop_success	NA
165.072	0.5	go_success	0.316
166.693	0.5	go_success	0.34
168.531	0.5	stop_success	NA
170.285	0.5	go_success	0.426
172.173	0.5	stop_success	NA
173.826	0.5	go_success	0.304
175.53	0.5	go_success	0.317
177.518	0.5	go_success	0.294
179.289	0.5	stop_success	NA
181.027	0.5	go_success	0.276
182.747	0.5	go_success	0.459
184.719	0.5	go_success	0.439
186.473	0.5	stop_success	NA
188.394	0.5	go_success	0.294
190.132	0.5	go_success	0.361
191.852	0.5	stop_success	NA
193.657	0.5	go_success	0.324
195.511	0.5	go_success	0.386
197.298	0.5	stop_success	NA
199.002	0.5	go_success	0.404
200.94	0.5	go_success	0.377
202.912	0.5	stop_success	NA
204.766	0.5	go_success	0.461
206.453	0.5	stop_success	NA
208.241	0.5	go_success	0.394
210.246	0.5	go_success	0.388
212.017	0.5	go_success	0.445
213.787	0.5	go_success	0.557
215.525	0.5	go_success	0.38
217.346	0.5	go_success	0.442
218.95	0.5	stop_success	NA
220.704	0.5	stop_success	NA
222.341	0.5	go_success	0.427
224.346	0.5	go_success	0.391
226.016	0.5	go_success	0.434
228.004	0.5	go_success	0.412
229.942	0.5	stop_success	NA
231.513	0.5	go_success	0.366
233.434	0.5	go_success	0.387
235.355	0.5	go_success	0.451
237.109	0.5	stop_success	NA
239.014	0.5	go_success	0.424
240.751	0.5	go_success	0.379
242.722	0.5	go_success	0.391
244.527	0.5	stop_success	NA
246.264	0.5	go_success	0.397
248.118	0.5	stop_success	NA
249.822	0.5	go_success	0.314
