onset	duration	trial_type	response_time
0	0.5	go_success	0.681
1.737	0.5	go_success	0.381
3.407	0.5	stop_success	NA
5.312	0.5	go_success	0.328
6.982	0.5	go_success	0.379
8.787	0.5	go_success	0.455
10.541	0.5	stop_success	NA
12.295	0.5	go_success	0.385
14.166	0.5	go_success	0.402
15.954	0.5	go_success	0.337
17.708	0.5	go_success	0.307
19.395	0.5	stop_success	NA
21.149	0.5	stop_success	NA
23.121	0.5	go_success	0.322
24.908	0.5	go_success	0.3
26.713	0.5	go_success	0.387
28.534	0.5	go_success	0.496
30.438	0.5	go_success	0.281
32.159	0.5	stop_success	NA
33.98	0.5	go_success	0.259
35.684	0.5	go_success	0.317
37.304	0.5	go_success	0.341
39.075	0.5	go_success	0.476
40.88	0.5	go_success	0.475
42.767	0.5	stop_success	NA
44.722	0.5	stop_error	0.276
46.693	0.5	go_success	0.623
48.448	0.5	go_success	0.317
50.085	0.5	go_success	0.32
51.956	0.5	go_success	0.31
53.76	0.5	stop_success	NA
55.514	0.5	go_success	0.413
57.152	0.5	go_success	0.34
58.806	0.5	stop_success	NA
60.51	0.5	go_success	0.286
62.414	0.5	go_success	0.275
64.051	0.5	go_success	0.447
66.023	0.5	go_success	0.362
67.71	0.5	go_success	0.379
69.314	0.5	go_success	0.334
71.202	0.5	go_success	0.424
72.889	0.5	go_success	0.331
74.877	0.5	go_success	0.444
76.815	0.5	go_success	0.393
78.603	0.5	go_success	0.265
80.34	0.5	go_success	0.287
82.144	0.5	go_success	0.415
83.748	0.5	stop_success	NA
85.486	0.5	go_success	0.459
87.307	0.5	go_success	0.387
89.011	0.5	go_success	0.488
90.832	0.5	go_success	0.389
92.82	0.5	stop_success	NA
94.724	0.5	go_success	0.328
96.646	0.5	stop_success	NA
98.55	0.5	stop_success	NA
100.187	0.5	go_success	0.311
101.942	0.5	go_success	0.416
103.896	0.5	go_success	0.328
105.701	0.5	go_success	0.285
107.522	0.5	go_success	0.297
109.459	0.5	go_success	0.401
111.247	0.5	go_success	0.373
112.868	0.5	go_success	0.411
114.822	0.5	go_success	0.462
116.627	0.5	stop_success	NA
118.314	0.5	go_success	0.343
120.319	0.5	go_success	0.33
122.19	0.5	go_success	0.369
123.86	0.5	go_success	0.409
125.648	0.5	stop_success	NA
127.202	0.5	go_success	0.438
129.09	0.5	go_success	0.279
130.927	0.5	go_success	0.343
132.564	0.5	go_success	0.385
134.352	0.5	go_success	0.489
136.223	0.5	stop_success	NA
137.81	0.5	go_success	0.414
139.832	0.5	go_success	0.368
141.569	0.5	go_success	0.338
143.524	0.5	stop_success	NA
145.278	0.5	go_success	0.408
147.066	0.5	go_success	0.451
149.004	0.5	stop_success	NA
150.758	0.5	go_success	0.318
152.495	0.5	go_success	0.365
154.4	0.5	go_success	0.405
156.304	0.5	stop_success	NA
158.025	0.5	go_success	0.285
159.846	0.5	stop_success	NA
161.6	0.5	go_success	0.375
163.288	0.5	stop_success	NA
165.109	0.5	go_success	0.426
166.746	0.5	go_success	0.408
168.583	0.5	stop_success	NA
170.288	0.5	go_success	0.315
172.192	0.5	stop_success	NA
173.829	0.5	go_success	0.324
175.55	0.5	go_success	0.5
177.538	0.5	go_success	0.371
179.326	0.5	stop_success	NA
181.046	0.5	go_success	0.297
182.767	0.5	go_success	0.525
184.705	0.5	go_success	0.379
186.509	0.5	stop_success	NA
188.397	0.5	go_success	0.281
190.135	0.5	go_success	0.384
191.889	0.5	stop_success	NA
193.693	0.5	go_success	0.342
195.514	0.5	go_success	0.364
197.302	0.5	stop_success	NA
199.006	0.5	go_success	0.297
200.961	0.5	go_success	0.441
202.915	0.5	stop_success	NA
204.786	0.5	go_success	0.276
206.49	0.5	stop_success	NA
208.278	0.5	go_success	0.354
210.216	0.5	go_success	0.311
212.02	0.5	go_success	0.355
213.791	0.5	go_success	0.386
215.545	0.5	go_success	0.326
217.366	0.5	go_success	0.377
219.003	0.5	stop_success	NA
220.724	0.5	stop_success	NA
222.361	0.5	go_success	0.368
224.349	0.5	go_success	0.376
226.037	0.5	go_success	0.462
228.025	0.5	go_success	0.451
229.946	0.5	stop_success	NA
231.533	0.5	go_success	0.322
233.488	0.5	go_success	0.38
235.359	0.5	go_success	0.459
237.096	0.5	stop_success	NA
239.034	0.5	go_success	0.349
240.772	0.5	go_success	0.444
242.743	0.5	go_success	0.289
244.564	0.5	stop_success	NA
246.302	0.5	go_success	0.289
248.173	0.5	stop_success	NA
249.81	0.5	go_success	0.32
