onset	duration	trial_type	response_time
0	0.5	go_success	0.938
1.733	0.5	go_success	0.313
3.383	0.5	stop_success	NA
5.3	0.5	go_success	0.754
6.967	0.5	go_success	0.351
8.767	0.5	go_success	0.657
10.533	0.5	stop_error	0.934
12.283	0.5	go_success	0.721
14.15	0.5	go_success	0.457
15.933	0.5	go_success	0.614
17.7	0.5	go_success	0.483
19.383	0.5	stop_error	0.9
21.133	0.5	stop_success	NA
23.1	0.5	go_success	0.357
24.9	0.5	go_error	0.499
26.7	0.5	go_success	0.723
28.533	0.5	go_success	0.716
30.383	0.5	go_success	0.311
32.116	0.5	stop_success	NA
33.966	0.5	go_success	0.338
35.633	0.5	go_success	0.616
37.283	0.5	go_success	0.63
39.033	0.5	go_success	0.529
40.833	0.5	go_success	0.606
42.733	0.5	stop_success	NA
44.716	0.5	stop_error	1.273
46.649	0.5	go_success	1.034
48.416	0.5	go_success	0.535
50.032	0.5	go_success	0.317
51.916	0.5	go_success	0.318
53.732	0.5	stop_success	NA
55.499	0.5	go_success	0.619
57.099	0.5	go_success	0.384
58.766	0.5	stop_success	NA
60.482	0.5	go_success	0.277
62.366	0.5	go_success	0.582
63.999	0.5	go_success	0.484
65.965	0.5	go_success	0.421
67.665	0.5	go_success	0.547
69.282	0.5	go_success	0.646
71.165	0.5	go_success	0.503
72.849	0.5	go_success	0.617
74.832	0.5	go_success	0.559
76.765	0.5	go_success	0.643
78.565	0.5	go_success	0.475
80.282	0.5	go_success	0.543
82.098	0.5	go_success	0.457
83.715	0.5	stop_success	NA
85.465	0.5	go_error	0.548
87.282	0.5	go_success	0.58
88.965	0.5	go_success	0.51
90.798	0.5	go_success	0.407
92.765	0.5	stop_success	NA
94.715	0.5	go_success	0.76
96.598	0.5	stop_success	NA
98.515	0.5	stop_error	1.098
100.165	0.5	go_error	NA
101.898	0.5	go_success	0.56
103.848	0.5	go_success	0.643
105.648	0.5	go_success	0.355
107.465	0.5	go_success	0.621
109.415	0.5	go_success	0.602
111.181	0.5	go_success	0.469
112.831	0.5	go_success	0.595
114.748	0.5	go_success	0.413
116.564	0.5	stop_success	NA
118.298	0.5	go_success	0.343
120.248	0.5	go_success	0.57
122.131	0.5	go_success	0.827
123.764	0.5	go_success	0.507
125.564	0.5	stop_success	NA
127.181	0.5	go_success	0.701
129.014	0.5	go_success	0.638
130.897	0.5	go_success	0.885
132.514	0.5	go_success	0.586
134.297	0.5	go_success	0.546
136.147	0.5	stop_success	NA
137.781	0.5	go_success	1.13
139.764	0.5	go_success	0.457
141.497	0.5	go_success	0.449
143.497	0.5	stop_success	NA
145.264	0.5	go_success	0.507
146.997	0.5	go_success	0.602
148.947	0.5	stop_success	NA
150.747	0.5	go_success	0.893
152.43	0.5	go_success	0.555
154.347	0.5	go_success	0.488
156.264	0.5	stop_success	NA
158.014	0.5	go_success	0.798
159.814	0.5	stop_success	NA
161.58	0.5	go_success	0.494
163.213	0.5	stop_success	NA
165.08	0.5	go_success	0.332
166.68	0.5	go_error	0.437
168.53	0.5	stop_success	NA
170.28	0.5	go_success	0.435
172.147	0.5	stop_success	NA
173.813	0.5	go_success	0.347
175.48	0.5	go_success	0.56
177.48	0.5	go_success	0.629
179.28	0.5	stop_success	NA
181.03	0.5	go_success	0.48
182.746	0.5	go_success	0.665
184.663	0.5	go_success	0.698
186.446	0.5	stop_success	NA
188.38	0.5	go_success	0.385
190.08	0.5	go_success	0.291
191.846	0.5	stop_success	NA
193.663	0.5	go_success	0.507
195.463	0.5	go_success	0.301
197.246	0.5	stop_success	NA
198.996	0.5	go_success	0.648
200.896	0.5	go_success	0.646
202.863	0.5	stop_error	0.328
204.779	0.5	go_success	1.093
206.446	0.5	stop_success	NA
208.246	0.5	go_success	0.318
210.196	0.5	go_success	0.434
211.979	0.5	go_success	0.551
213.746	0.5	go_success	0.561
215.496	0.5	go_success	0.655
217.312	0.5	go_success	0.477
218.946	0.5	stop_success	NA
220.712	0.5	stop_success	NA
222.346	0.5	go_success	0.765
224.296	0.5	go_success	0.476
225.979	0.5	go_success	0.667
227.962	0.5	go_success	0.398
229.895	0.5	stop_success	NA
231.512	0.5	go_success	0.411
233.429	0.5	go_success	0.449
235.312	0.5	go_success	0.557
237.062	0.5	stop_success	NA
239.012	0.5	go_success	0.864
240.712	0.5	go_success	0.718
242.678	0.5	go_success	0.342
244.512	0.5	stop_success	NA
246.262	0.5	go_success	0.668
248.112	0.5	stop_success	NA
249.812	0.5	go_success	0.814
