onset	duration	trial_type	response_time
0	0.5	go_success	1.141
1.738	0.5	go_success	0.446
3.392	0.5	stop_success	NA
5.296	0.5	go_success	0.373
6.967	0.5	go_success	0.45
8.771	0.5	go_success	0.563
10.542	0.5	stop_success	NA
12.279	0.5	go_success	0.425
14.167	0.5	go_success	0.423
15.938	0.5	go_success	0.38
17.709	0.5	go_success	0.343
19.38	0.5	stop_success	NA
21.134	0.5	stop_success	NA
23.105	0.5	go_success	0.344
24.91	0.5	go_success	0.316
26.698	0.5	go_success	0.41
28.535	0.5	go_success	0.481
30.389	0.5	go_success	0.541
32.127	0.5	stop_success	NA
33.964	0.5	go_success	0.426
35.635	0.5	go_success	0.481
37.289	0.5	go_success	0.43
39.026	0.5	go_success	0.439
40.831	0.5	go_success	0.405
42.735	0.5	stop_success	NA
44.707	0.5	stop_success	NA
46.661	0.5	go_success	0.612
48.415	0.5	go_success	0.359
50.036	0.5	go_success	0.34
51.924	0.5	go_success	0.53
53.745	0.5	stop_success	NA
55.499	0.5	go_success	0.544
57.103	0.5	go_success	0.581
58.757	0.5	stop_success	NA
60.494	0.5	go_success	0.435
62.365	0.5	go_success	0.488
64.003	0.5	go_success	0.422
65.974	0.5	go_success	0.398
67.661	0.5	go_success	0.646
69.282	0.5	go_success	0.369
71.17	0.5	go_success	0.429
72.857	0.5	go_success	0.488
74.845	0.5	go_success	0.463
76.783	0.5	go_success	0.428
78.571	0.5	go_success	0.417
80.291	0.5	go_success	0.363
82.096	0.5	go_success	0.417
83.716	0.5	stop_success	NA
85.47	0.5	go_success	0.499
87.275	0.5	go_success	0.448
88.962	0.5	go_success	0.471
90.8	0.5	go_success	0.482
92.771	0.5	stop_success	NA
94.726	0.5	go_success	0.465
96.597	0.5	stop_success	NA
98.535	0.5	stop_success	NA
100.156	0.5	go_success	0.442
101.909	0.5	go_success	0.444
103.847	0.5	go_success	0.47
105.652	0.5	go_success	0.545
107.506	0.5	go_success	0.55
109.444	0.5	go_success	0.531
111.232	0.5	go_success	0.635
112.885	0.5	go_success	0.464
114.807	0.5	go_success	0.373
116.644	0.5	stop_success	NA
118.298	0.5	go_success	0.393
120.32	0.5	go_success	0.553
122.191	0.5	go_success	0.456
123.862	0.5	go_success	0.39
125.616	0.5	stop_success	NA
127.236	0.5	go_success	0.472
129.091	0.5	go_success	0.617
130.928	0.5	go_success	0.371
132.516	0.5	go_success	0.372
134.353	0.5	go_success	0.432
136.191	0.5	stop_success	NA
137.795	0.5	go_success	0.44
139.816	0.5	go_success	0.485
141.537	0.5	go_success	0.458
143.508	0.5	stop_success	NA
145.263	0.5	go_success	0.467
147.067	0.5	go_success	0.427
148.988	0.5	stop_success	NA
150.742	0.5	go_success	0.403
152.463	0.5	go_success	0.453
154.401	0.5	go_success	0.382
156.272	0.5	stop_success	NA
158.01	0.5	go_success	0.401
159.831	0.5	stop_success	NA
161.618	0.5	go_success	0.414
163.272	0.5	stop_success	NA
165.093	0.5	go_success	0.348
166.73	0.5	go_success	0.473
168.568	0.5	stop_success	NA
170.272	0.5	go_success	0.442
172.16	0.5	stop_success	NA
173.83	0.5	go_success	0.439
175.535	0.5	go_success	0.478
177.523	0.5	go_success	0.517
179.327	0.5	stop_success	NA
181.048	0.5	go_success	0.405
182.768	0.5	go_success	0.458
184.69	0.5	go_success	1.387
186.511	0.5	stop_success	NA
188.398	0.5	go_success	0.395
190.136	0.5	go_success	0.409
191.907	0.5	stop_success	NA
193.694	0.5	go_success	0.405
195.499	0.5	go_success	0.458
197.253	0.5	stop_success	NA
198.99	0.5	go_success	0.421
200.962	0.5	go_success	0.782
202.916	0.5	stop_success	NA
204.787	0.5	go_success	0.491
206.492	0.5	stop_success	NA
208.279	0.5	go_success	0.382
210.217	0.5	go_success	0.467
212.188	0.5	go_success	0.514
213.759	0.5	go_success	0.524
215.546	0.5	go_success	0.453
217.351	0.5	go_success	0.406
218.988	0.5	stop_success	NA
220.725	0.5	stop_success	NA
222.346	0.5	go_success	0.413
224.317	0.5	go_success	0.42
226.038	0.5	go_success	0.549
228.009	0.5	go_success	0.504
229.931	0.5	stop_success	NA
231.534	0.5	go_success	0.486
233.489	0.5	go_success	0.443
235.344	0.5	go_success	0.389
237.081	0.5	stop_success	NA
239.019	0.5	go_success	0.671
240.773	0.5	go_success	0.562
242.728	0.5	go_success	0.466
244.549	0.5	stop_success	NA
246.286	0.5	go_success	0.482
248.157	0.5	stop_success	NA
249.811	0.5	go_success	0.488
