onset	duration	trial_type	response_time
0	0.5	go_error	NA
1.749	0.5	go_success	0.468
3.399	0.5	stop_error	1.067
5.299	0.5	go_success	0.857
6.983	0.5	go_success	0.574
8.782	0.5	go_success	0.562
10.549	0.5	stop_success	NA
12.282	0.5	go_success	0.651
14.166	0.5	go_success	0.507
15.949	0.5	go_success	0.424
17.715	0.5	go_success	0.361
19.399	0.5	stop_success	NA
21.149	0.5	stop_success	NA
23.115	0.5	go_success	0.51
24.915	0.5	go_success	0.438
26.715	0.5	go_success	0.437
28.532	0.5	go_success	0.516
30.398	0.5	go_success	0.484
32.131	0.5	stop_success	NA
33.981	0.5	go_success	0.326
35.648	0.5	go_success	0.365
37.281	0.5	go_success	0.476
39.031	0.5	go_success	0.338
40.831	0.5	go_success	0.395
42.731	0.5	stop_success	NA
44.714	0.5	stop_success	NA
46.664	0.5	go_success	0.329
48.414	0.5	go_success	0.596
50.047	0.5	go_success	0.335
51.914	0.5	go_success	0.36
53.747	0.5	stop_success	NA
55.514	0.5	go_success	0.347
57.114	0.5	go_success	0.654
58.763	0.5	stop_success	NA
60.497	0.5	go_success	0.414
62.38	0.5	go_success	0.388
64.013	0.5	go_success	0.443
65.98	0.5	go_success	0.372
67.68	0.5	go_success	0.387
69.296	0.5	go_success	0.384
71.18	0.5	go_success	0.356
72.863	0.5	go_success	0.738
74.846	0.5	go_success	0.639
76.779	0.5	go_success	0.45
78.579	0.5	go_success	0.325
80.296	0.5	go_success	0.544
82.096	0.5	go_success	0.639
83.729	0.5	stop_success	NA
85.479	0.5	go_success	0.505
87.279	0.5	go_success	0.39
88.979	0.5	go_success	0.555
90.795	0.5	go_success	0.409
92.779	0.5	stop_success	NA
94.728	0.5	go_success	0.55
96.612	0.5	stop_success	NA
98.528	0.5	stop_success	NA
100.162	0.5	go_success	0.558
101.911	0.5	go_success	0.295
103.845	0.5	go_success	0.32
105.661	0.5	go_success	0.382
107.478	0.5	go_error	0.34
109.411	0.5	go_success	0.489
111.194	0.5	go_success	0.281
112.844	0.5	go_success	0.505
114.744	0.5	go_success	0.407
116.577	0.5	stop_success	NA
118.311	0.5	go_success	0.507
120.261	0.5	go_success	0.286
122.127	0.5	go_success	0.417
123.777	0.5	go_success	0.385
125.577	0.5	stop_success	NA
127.194	0.5	go_success	0.409
129.027	0.5	go_success	0.676
130.91	0.5	go_success	0.41
132.527	0.5	go_success	0.63
134.294	0.5	go_success	0.401
136.143	0.5	stop_success	NA
137.793	0.5	go_success	0.469
139.776	0.5	go_success	0.593
141.493	0.5	go_success	0.745
143.493	0.5	stop_success	NA
145.276	0.5	go_success	0.561
147.009	0.5	go_success	0.357
148.959	0.5	stop_success	NA
150.742	0.5	go_success	0.741
152.442	0.5	go_error	NA
154.359	0.5	go_success	0.416
156.276	0.5	stop_success	NA
158.025	0.5	go_success	0.551
159.825	0.5	stop_success	NA
161.592	0.5	go_success	0.453
163.225	0.5	stop_success	NA
165.092	0.5	go_success	0.654
166.692	0.5	go_success	0.583
168.542	0.5	stop_success	NA
170.292	0.5	go_success	0.408
172.158	0.5	stop_success	NA
173.825	0.5	go_success	0.371
175.491	0.5	go_success	0.433
177.491	0.5	go_success	0.364
179.291	0.5	stop_success	NA
181.041	0.5	go_success	0.466
182.758	0.5	go_success	0.724
184.674	0.5	go_success	0.535
186.457	0.5	stop_success	NA
188.391	0.5	go_success	0.369
190.091	0.5	go_success	0.514
191.857	0.5	stop_success	NA
193.674	0.5	go_success	0.451
195.474	0.5	go_success	0.762
197.257	0.5	stop_success	NA
199.007	0.5	go_success	0.693
200.907	0.5	go_success	0.56
202.873	0.5	stop_success	NA
204.774	0.5	go_success	0.48
206.44	0.5	stop_success	NA
208.256	0.5	go_success	0.435
210.206	0.5	go_success	0.422
211.99	0.5	go_success	0.395
213.756	0.5	go_success	0.479
215.506	0.5	go_success	0.46
217.323	0.5	go_success	0.557
218.956	0.5	stop_success	NA
220.723	0.5	stop_success	NA
222.356	0.5	go_success	0.629
224.306	0.5	go_success	0.565
225.989	0.5	go_success	0.517
227.972	0.5	go_success	0.394
229.905	0.5	stop_success	NA
231.522	0.5	go_success	0.56
233.439	0.5	go_success	0.451
235.322	0.5	go_success	0.48
237.072	0.5	stop_success	NA
239.022	0.5	go_success	0.429
240.722	0.5	go_success	0.466
242.688	0.5	go_success	0.518
244.521	0.5	stop_success	NA
246.272	0.5	go_success	0.544
248.121	0.5	stop_success	NA
249.821	0.5	go_success	0.618
