onset	duration	trial_type	response_time
0	0.5	go_success	0.706
1.722	0.5	go_success	0.386
3.392	0.5	stop_success	NA
5.296	0.5	go_success	0.342
6.967	0.5	go_success	0.3
8.771	0.5	go_success	0.315
10.526	0.5	stop_success	NA
12.28	0.5	go_success	0.373
14.151	0.5	go_success	0.346
15.938	0.5	go_success	0.406
17.693	0.5	go_success	0.317
19.38	0.5	stop_success	NA
21.134	0.5	stop_success	NA
23.105	0.5	go_success	0.25
24.893	0.5	go_success	0.266
26.697	0.5	go_success	0.268
28.518	0.5	go_success	0.379
30.389	0.5	go_success	0.264
32.144	0.5	stop_success	NA
33.965	0.5	go_success	0.246
35.669	0.5	go_success	0.269
37.289	0.5	go_success	0.392
39.043	0.5	go_success	0.338
40.848	0.5	go_success	0.292
42.752	0.5	stop_success	NA
44.707	0.5	stop_success	NA
46.645	0.5	go_success	0.378
48.432	0.5	go_success	0.265
50.053	0.5	go_success	0.287
51.941	0.5	go_success	0.261
53.745	0.5	stop_success	NA
55.499	0.5	go_success	0.462
57.136	0.5	go_success	0.424
58.79	0.5	stop_success	NA
60.478	0.5	go_success	0.31
62.382	0.5	go_success	0.357
64.036	0.5	go_success	0.381
65.991	0.5	go_success	0.388
67.695	0.5	go_success	0.381
69.299	0.5	go_success	0.32
71.187	0.5	go_success	0.385
72.874	0.5	go_success	0.411
74.862	0.5	go_success	0.386
76.8	0.5	go_success	0.349
78.587	0.5	go_success	0.275
80.308	0.5	go_success	0.384
82.113	0.5	go_success	0.384
83.733	0.5	stop_success	NA
85.471	0.5	go_success	0.451
87.292	0.5	go_success	0.224
88.996	0.5	go_success	0.281
90.817	0.5	go_success	0.303
92.805	0.5	stop_success	NA
94.709	0.5	go_success	0.261
96.614	0.5	stop_success	NA
98.535	0.5	stop_success	NA
100.155	0.5	go_success	0.421
101.926	0.5	go_success	0.263
103.864	0.5	go_success	0.272
105.685	0.5	go_success	0.309
107.506	0.5	go_success	0.301
109.444	0.5	go_success	0.31
111.232	0.5	go_success	0.255
112.869	0.5	go_success	0.391
114.774	0.5	go_success	0.371
116.595	0.5	stop_success	NA
118.299	0.5	go_success	0.36
120.287	0.5	go_success	0.381
122.158	0.5	go_success	0.398
123.812	0.5	go_success	0.459
125.599	0.5	stop_success	NA
127.186	0.5	go_success	0.446
129.058	0.5	go_success	0.424
130.895	0.5	go_success	0.346
132.533	0.5	go_success	0.418
134.337	0.5	go_success	0.413
136.175	0.5	stop_success	NA
137.778	0.5	go_success	0.404
139.8	0.5	go_success	0.339
141.521	0.5	go_success	0.344
143.492	0.5	stop_success	NA
145.263	0.5	go_success	0.399
147.034	0.5	go_success	0.389
148.972	0.5	stop_success	NA
150.743	0.5	go_success	0.371
152.463	0.5	go_success	0.304
154.385	0.5	go_success	0.385
156.289	0.5	stop_success	NA
158.01	0.5	go_success	0.423
159.831	0.5	stop_success	NA
161.585	0.5	go_success	0.459
163.256	0.5	stop_success	NA
165.093	0.5	go_success	0.329
166.731	0.5	go_success	0.597
168.568	0.5	stop_success	NA
170.272	0.5	go_success	0.401
172.16	0.5	stop_success	NA
173.814	0.5	go_success	0.301
175.518	0.5	go_success	0.3
177.506	0.5	go_success	0.297
179.311	0.5	stop_success	NA
181.031	0.5	go_success	0.26
182.752	0.5	go_success	0.395
184.69	0.5	go_success	0.337
186.494	0.5	stop_success	NA
188.382	0.5	go_success	0.306
190.12	0.5	go_success	0.404
191.874	0.5	stop_success	NA
193.678	0.5	go_success	0.278
195.499	0.5	go_success	0.336
197.27	0.5	stop_success	NA
198.991	0.5	go_success	0.354
200.945	0.5	go_success	0.268
202.9	0.5	stop_success	NA
204.771	0.5	go_success	0.461
206.475	0.5	stop_success	NA
208.246	0.5	go_success	0.3
210.201	0.5	go_success	0.302
212.005	0.5	go_success	0.47
213.776	0.5	go_success	0.486
215.53	0.5	go_success	0.66
217.334	0.5	go_success	0.534
218.972	0.5	stop_success	NA
220.709	0.5	stop_success	NA
222.346	0.5	go_success	0.632
224.318	0.5	go_success	0.404
226.022	0.5	go_success	0.461
227.993	0.5	go_success	0.401
229.931	0.5	stop_success	NA
231.518	0.5	go_success	0.435
233.473	0.5	go_success	0.266
235.344	0.5	go_success	0.361
237.081	0.5	stop_success	NA
239.019	0.5	go_success	0.448
240.757	0.5	go_success	0.414
242.728	0.5	go_success	0.339
244.549	0.5	stop_success	NA
246.27	0.5	go_success	0.417
248.158	0.5	stop_success	NA
249.795	0.5	go_success	0.421
