onset	duration	trial_type	response_time
0	0.5	go_success	0.988
1.738	0.5	go_success	0.443
3.408	0.5	stop_success	NA
5.313	0.5	go_success	0.489
6.984	0.5	go_success	0.32
8.788	0.5	go_success	0.458
10.542	0.5	stop_success	NA
12.28	0.5	go_success	0.412
14.167	0.5	go_success	0.354
15.955	0.5	go_success	0.447
17.709	0.5	go_success	0.353
19.396	0.5	stop_success	NA
21.151	0.5	stop_success	NA
23.106	0.5	go_success	0.347
24.91	0.5	go_success	0.386
26.714	0.5	go_success	0.435
28.535	0.5	go_success	0.406
30.406	0.5	go_success	0.365
32.16	0.5	stop_success	NA
33.981	0.5	go_success	0.325
35.685	0.5	go_success	0.429
37.306	0.5	go_success	0.386
39.06	0.5	go_success	0.389
40.864	0.5	go_success	0.393
42.769	0.5	stop_success	NA
44.723	0.5	stop_success	NA
46.661	0.5	go_success	0.475
48.449	0.5	go_success	0.433
50.069	0.5	go_success	0.398
51.957	0.5	go_success	0.324
53.762	0.5	stop_success	NA
55.516	0.5	go_success	0.542
57.153	0.5	go_success	0.842
58.807	0.5	stop_success	NA
60.511	0.5	go_success	0.466
62.399	0.5	go_success	0.513
64.053	0.5	go_success	0.415
66.024	0.5	go_success	0.468
67.695	0.5	go_success	0.625
69.315	0.5	go_success	0.418
71.203	0.5	go_success	0.448
72.89	0.5	go_success	0.455
74.878	0.5	go_success	0.536
76.816	0.5	go_success	0.515
78.604	0.5	go_success	0.394
80.325	0.5	go_success	0.414
82.129	0.5	go_success	0.474
83.75	0.5	stop_success	NA
85.487	0.5	go_success	0.535
87.325	0.5	go_success	0.54
89.012	0.5	go_success	0.512
90.833	0.5	go_success	0.414
92.821	0.5	stop_success	NA
94.726	0.5	go_success	0.547
96.63	0.5	stop_success	NA
98.551	0.5	stop_success	NA
100.172	0.5	go_success	0.446
101.943	0.5	go_success	0.4
103.898	0.5	go_success	0.455
105.702	0.5	go_success	0.636
107.523	0.5	go_success	0.473
109.461	0.5	go_success	0.445
111.232	0.5	go_success	0.596
112.886	0.5	go_error	NA
114.773	0.5	go_success	0.448
116.611	0.5	stop_success	NA
118.298	0.5	go_success	0.753
120.303	0.5	go_success	0.883
122.174	0.5	go_success	0.962
123.828	0.5	go_success	0.46
125.616	0.5	stop_success	NA
127.203	0.5	go_success	0.583
129.074	0.5	go_success	0.667
130.912	0.5	go_success	0.553
132.549	0.5	go_success	0.671
134.353	0.5	go_success	0.422
136.191	0.5	stop_success	NA
137.795	0.5	go_success	0.513
139.816	0.5	go_success	0.637
141.537	0.5	go_success	0.454
143.508	0.5	stop_success	NA
145.279	0.5	go_success	0.699
147.05	0.5	go_success	0.488
148.988	0.5	stop_success	NA
150.759	0.5	go_success	0.805
152.48	0.5	go_success	0.557
154.401	0.5	go_success	0.563
156.306	0.5	stop_success	NA
158.026	0.5	go_success	0.514
159.847	0.5	stop_success	NA
161.602	0.5	go_success	0.404
163.272	0.5	stop_success	NA
165.11	0.5	go_success	0.288
166.747	0.5	go_success	0.528
168.585	0.5	stop_success	NA
170.289	0.5	go_success	0.596
172.177	0.5	stop_success	NA
173.831	0.5	go_success	0.417
175.535	0.5	go_success	0.517
177.523	0.5	go_success	0.615
179.327	0.5	stop_success	NA
181.048	0.5	go_success	0.584
182.769	0.5	go_success	0.333
184.707	0.5	go_success	0.472
186.511	0.5	stop_success	NA
188.399	0.5	go_success	0.403
190.136	0.5	go_success	0.493
191.89	0.5	stop_success	NA
193.695	0.5	go_success	0.596
195.516	0.5	go_success	0.569
197.303	0.5	stop_success	NA
199.007	0.5	go_success	0.586
200.962	0.5	go_success	0.578
202.916	0.5	stop_success	NA
204.788	0.5	go_success	0.605
206.492	0.5	stop_success	NA
208.279	0.5	go_success	0.624
210.234	0.5	go_success	0.838
212.038	0.5	go_success	0.605
213.809	0.5	go_error	NA
215.53	0.5	go_success	0.408
217.368	0.5	go_success	0.875
219.005	0.5	stop_success	NA
220.742	0.5	stop_success	NA
222.363	0.5	go_success	0.609
224.351	0.5	go_success	0.749
226.055	0.5	go_success	0.568
228.026	0.5	go_success	0.515
229.947	0.5	stop_success	NA
231.551	0.5	go_success	0.577
233.489	0.5	go_success	0.739
235.36	0.5	go_success	0.502
237.115	0.5	stop_success	NA
239.036	0.5	go_success	0.528
240.773	0.5	go_success	0.582
242.745	0.5	go_success	0.541
244.566	0.5	stop_success	NA
246.303	0.5	go_success	0.75
248.174	0.5	stop_success	NA
249.811	0.5	go_success	0.474
