onset	duration	trial_type	response_time
0	0.5	go_success	0.596
1.737	0.5	go_success	0.322
3.391	0.5	stop_success	NA
5.296	0.5	go_success	0.479
6.966	0.5	go_success	0.365
8.771	0.5	go_success	0.41
10.525	0.5	stop_success	NA
12.279	0.5	go_success	0.388
14.15	0.5	go_success	0.279
15.938	0.5	go_success	0.333
17.692	0.5	go_success	0.257
19.379	0.5	stop_success	NA
21.133	0.5	stop_success	NA
23.104	0.5	go_success	0.373
24.892	0.5	go_success	0.291
26.696	0.5	go_success	0.316
28.517	0.5	go_success	0.419
30.388	0.5	go_success	0.319
32.159	0.5	stop_success	NA
33.963	0.5	go_success	0.335
35.634	0.5	go_success	0.291
37.321	0.5	go_success	0.274
39.075	0.5	go_success	0.378
40.863	0.5	go_success	0.288
42.767	0.5	stop_success	NA
44.722	0.5	stop_success	NA
46.643	0.5	go_success	0.339
48.414	0.5	go_success	0.336
50.035	0.5	go_success	0.298
51.956	0.5	go_success	0.295
53.777	0.5	stop_success	NA
55.514	0.5	go_success	0.359
57.151	0.5	go_success	0.449
58.805	0.5	stop_success	NA
60.493	0.5	go_success	0.34
62.364	0.5	go_success	0.496
64.018	0.5	go_success	0.366
66.006	0.5	go_success	0.388
67.693	0.5	go_success	0.302
69.33	0.5	go_success	0.365
71.201	0.5	go_success	0.287
72.855	0.5	go_success	0.41
74.843	0.5	go_success	0.306
76.814	0.5	go_error	0.315
78.602	0.5	go_success	0.422
80.323	0.5	go_success	0.389
82.127	0.5	go_success	0.389
83.747	0.5	stop_success	NA
85.468	0.5	go_success	0.408
87.289	0.5	go_success	0.425
88.96	0.5	go_success	0.335
90.848	0.5	go_success	0.377
92.802	0.5	stop_success	NA
94.723	0.5	go_success	0.326
96.628	0.5	stop_success	NA
98.532	0.5	stop_success	NA
100.153	0.5	go_success	0.323
101.907	0.5	go_success	0.41
103.845	0.5	go_success	0.333
105.683	0.5	go_success	0.33
107.503	0.5	go_success	0.334
109.441	0.5	go_success	0.458
111.229	0.5	go_success	0.292
112.833	0.5	go_success	0.485
114.754	0.5	go_success	0.375
116.608	0.5	stop_success	NA
118.312	0.5	go_success	0.293
120.284	0.5	go_success	0.28
122.171	0.5	go_success	0.295
123.809	0.5	go_success	0.428
125.563	0.5	stop_success	NA
127.183	0.5	go_success	0.603
129.021	0.5	go_success	0.34
130.942	0.5	go_success	0.304
132.563	0.5	go_success	0.316
134.333	0.5	go_success	0.379
136.188	0.5	stop_success	NA
137.792	0.5	go_success	0.38
139.78	0.5	go_success	0.431
141.5	0.5	go_success	0.481
143.488	0.5	stop_success	NA
145.293	0.5	go_success	0.309
147.03	0.5	go_success	0.442
148.985	0.5	stop_success	NA
150.755	0.5	go_success	0.389
152.426	0.5	go_success	0.333
154.347	0.5	go_success	0.277
156.302	0.5	stop_success	NA
158.023	0.5	go_success	0.315
159.844	0.5	stop_success	NA
161.598	0.5	go_success	0.366
163.268	0.5	stop_success	NA
165.073	0.5	go_success	0.374
166.693	0.5	go_success	0.502
168.531	0.5	stop_success	NA
170.302	0.5	go_success	0.4
172.189	0.5	stop_success	NA
173.827	0.5	go_success	0.355
175.531	0.5	go_success	0.383
177.519	0.5	go_success	0.352
179.289	0.5	stop_success	NA
181.027	0.5	go_success	0.366
182.748	0.5	go_success	0.419
184.702	0.5	go_success	0.391
186.49	0.5	stop_success	NA
188.394	0.5	go_success	0.356
190.132	0.5	go_success	0.48
191.853	0.5	stop_success	NA
193.657	0.5	go_success	0.331
195.511	0.5	go_success	0.422
197.299	0.5	stop_success	NA
199.003	0.5	go_success	0.416
200.941	0.5	go_success	0.395
202.912	0.5	stop_success	NA
204.766	0.5	go_success	0.335
206.453	0.5	stop_success	NA
208.241	0.5	go_success	0.273
210.246	0.5	go_success	0.453
212.017	0.5	go_success	0.388
213.787	0.5	go_success	0.372
215.542	0.5	go_success	0.33
217.346	0.5	go_success	0.356
218.95	0.5	stop_success	NA
220.704	0.5	stop_success	NA
222.341	0.5	go_success	0.372
224.346	0.5	go_success	0.387
226.016	0.5	go_success	0.384
228.004	0.5	go_success	0.366
229.942	0.5	stop_success	NA
231.513	0.5	go_success	0.392
233.434	0.5	go_success	0.318
235.355	0.5	go_success	0.311
237.109	0.5	stop_success	NA
239.03	0.5	go_success	0.403
240.751	0.5	go_success	0.418
242.722	0.5	go_success	0.384
244.527	0.5	stop_error	0.285
246.281	0.5	go_success	0.526
248.118	0.5	stop_success	NA
249.822	0.5	go_success	0.424
