onset	duration	trial_type	response_time
0	0.5	go_success	0.779
1.737	0.5	go_success	0.543
3.392	0.5	stop_success	NA
5.296	0.5	go_success	0.436
6.983	0.5	go_success	0.3
8.787	0.5	go_success	0.376
10.542	0.5	stop_success	NA
12.279	0.5	go_success	0.349
14.167	0.5	go_success	0.348
15.954	0.5	go_success	0.442
17.708	0.5	go_success	0.431
19.396	0.5	stop_success	NA
21.15	0.5	stop_success	NA
23.104	0.5	go_success	0.359
24.909	0.5	go_success	0.439
26.713	0.5	go_success	0.467
28.534	0.5	go_success	0.424
30.405	0.5	go_success	0.285
32.176	0.5	stop_success	NA
33.98	0.5	go_success	0.387
35.651	0.5	go_success	0.352
37.338	0.5	go_success	0.39
39.075	0.5	go_success	0.38
40.88	0.5	go_success	0.451
42.768	0.5	stop_success	NA
44.739	0.5	stop_success	NA
46.66	0.5	go_success	0.337
48.431	0.5	go_success	0.394
50.051	0.5	go_success	0.345
51.973	0.5	go_success	0.393
53.794	0.5	stop_success	NA
55.531	0.5	go_success	0.442
57.151	0.5	go_success	0.458
58.805	0.5	stop_success	NA
60.493	0.5	go_success	0.29
62.38	0.5	go_success	0.285
64.018	0.5	go_success	0.427
66.022	0.5	go_success	0.398
67.71	0.5	go_success	0.278
69.33	0.5	go_success	0.342
71.218	0.5	go_success	0.337
72.872	0.5	go_success	0.294
74.86	0.5	go_success	0.363
76.831	0.5	go_success	0.393
78.602	0.5	go_success	0.274
80.339	0.5	go_success	0.37
82.144	0.5	go_success	0.335
83.764	0.5	stop_success	NA
85.485	0.5	go_success	0.336
87.289	0.5	go_success	0.274
88.976	0.5	go_success	0.287
90.848	0.5	go_success	0.298
92.819	0.5	stop_success	NA
94.74	0.5	go_success	0.355
96.645	0.5	stop_success	NA
98.549	0.5	stop_success	NA
100.17	0.5	go_success	0.356
101.924	0.5	go_success	0.33
103.862	0.5	go_success	0.309
105.699	0.5	go_success	0.283
107.52	0.5	go_success	0.318
109.458	0.5	go_success	0.379
111.246	0.5	go_success	0.309
112.849	0.5	go_success	0.395
114.754	0.5	go_success	0.313
116.625	0.5	stop_error	0.398
118.346	0.5	go_success	0.493
120.3	0.5	go_success	0.275
122.171	0.5	go_success	0.325
123.825	0.5	go_success	0.399
125.579	0.5	stop_success	NA
127.2	0.5	go_success	0.399
129.038	0.5	go_success	0.297
130.959	0.5	go_success	0.336
132.563	0.5	go_success	0.464
134.35	0.5	go_success	0.328
136.188	0.5	stop_success	NA
137.808	0.5	go_success	0.356
139.78	0.5	go_success	0.367
141.517	0.5	go_success	0.333
143.505	0.5	stop_success	NA
145.293	0.5	go_success	0.359
147.047	0.5	go_success	0.274
149.001	0.5	stop_success	NA
150.772	0.5	go_success	0.344
152.443	0.5	go_success	0.358
154.364	0.5	go_success	0.473
156.319	0.5	stop_success	NA
158.039	0.5	go_success	0.409
159.86	0.5	stop_success	NA
161.598	0.5	go_success	0.316
163.268	0.5	stop_success	NA
165.089	0.5	go_success	0.294
166.71	0.5	go_success	0.513
168.547	0.5	stop_success	NA
170.318	0.5	go_success	0.408
172.189	0.5	stop_success	NA
173.843	0.5	go_success	0.342
175.531	0.5	go_success	0.315
177.535	0.5	go_success	0.303
179.306	0.5	stop_success	NA
181.027	0.5	go_success	0.301
182.764	0.5	go_success	0.557
184.719	0.5	go_error	0.221
186.506	0.5	stop_success	NA
188.411	0.5	go_success	0.32
190.148	0.5	go_success	0.402
191.869	0.5	stop_success	NA
193.673	0.5	go_success	0.427
195.528	0.5	go_success	0.386
197.299	0.5	stop_success	NA
199.019	0.5	go_success	0.402
200.957	0.5	go_success	0.327
202.929	0.5	stop_success	NA
204.783	0.5	go_success	0.424
206.454	0.5	stop_success	NA
208.258	0.5	go_success	0.29
210.263	0.5	go_success	0.407
212.033	0.5	go_success	0.434
213.804	0.5	go_success	0.334
215.542	0.5	go_success	0.379
217.363	0.5	go_success	0.367
218.966	0.5	stop_success	NA
220.721	0.5	stop_success	NA
222.358	0.5	go_success	0.429
224.362	0.5	go_success	0.383
226.033	0.5	go_success	0.439
228.021	0.5	go_success	0.384
229.959	0.5	stop_success	NA
231.529	0.5	go_success	0.416
233.451	0.5	go_success	0.311
235.372	0.5	go_success	0.398
237.11	0.5	stop_success	NA
239.047	0.5	go_success	0.418
240.768	0.5	go_success	0.405
242.739	0.5	go_success	0.386
244.543	0.5	stop_success	NA
246.281	0.5	go_success	0.378
248.135	0.5	stop_success	NA
249.839	0.5	go_success	0.365
