onset	duration	trial_type	response_time
0	0.5	go_success	0.793
1.737	0.5	go_success	0.434
3.391	0.5	stop_success	NA
5.296	0.5	go_success	0.451
6.983	0.5	go_success	0.358
8.771	0.5	go_success	0.386
10.541	0.5	stop_success	NA
12.279	0.5	go_success	0.344
14.167	0.5	go_success	0.473
15.954	0.5	go_success	0.415
17.708	0.5	go_success	0.429
19.396	0.5	stop_success	NA
21.134	0.5	stop_success	NA
23.104	0.5	go_success	0.384
24.909	0.5	go_success	0.429
26.713	0.5	go_success	0.36
28.534	0.5	go_success	0.683
30.405	0.5	go_success	0.411
32.159	0.5	stop_success	NA
33.963	0.5	go_success	0.295
35.651	0.5	go_success	0.426
37.338	0.5	go_success	0.397
39.059	0.5	go_success	0.403
40.88	0.5	go_success	0.41
42.767	0.5	stop_success	NA
44.722	0.5	stop_success	NA
46.66	0.5	go_success	0.432
48.414	0.5	go_success	0.478
50.051	0.5	go_success	0.524
51.973	0.5	go_success	0.459
53.793	0.5	stop_success	NA
55.514	0.5	go_success	0.499
57.151	0.5	go_success	0.515
58.822	0.5	stop_success	NA
60.493	0.5	go_success	0.4
62.38	0.5	go_success	0.389
64.018	0.5	go_success	0.491
66.006	0.5	go_success	0.409
67.71	0.5	go_success	0.532
69.33	0.5	go_success	0.4
71.218	0.5	go_success	0.448
72.872	0.5	go_success	0.49
74.86	0.5	go_success	0.416
76.831	0.5	go_success	0.453
78.602	0.5	go_success	0.406
80.339	0.5	go_success	0.393
82.144	0.5	go_success	0.323
83.747	0.5	stop_success	NA
85.469	0.5	go_success	0.416
87.289	0.5	go_success	0.422
88.976	0.5	go_success	0.44
90.864	0.5	go_success	0.478
92.836	0.5	stop_success	NA
94.74	0.5	go_success	0.401
96.645	0.5	stop_success	NA
98.532	0.5	stop_success	NA
100.17	0.5	go_success	0.423
101.924	0.5	go_success	0.428
103.845	0.5	go_success	0.445
105.699	0.5	go_success	0.454
107.52	0.5	go_success	0.43
109.458	0.5	go_success	0.447
111.229	0.5	go_success	0.388
112.849	0.5	go_success	0.449
114.754	0.5	go_success	0.434
116.625	0.5	stop_success	NA
118.312	0.5	go_success	0.348
120.3	0.5	go_success	0.373
122.171	0.5	go_success	0.463
123.809	0.5	go_success	0.439
125.579	0.5	stop_success	NA
127.183	0.5	go_success	0.465
129.038	0.5	go_success	0.48
130.959	0.5	go_success	0.404
132.563	0.5	go_success	0.497
134.333	0.5	go_success	0.335
136.188	0.5	stop_success	NA
137.808	0.5	go_success	0.436
139.78	0.5	go_success	0.351
141.5	0.5	go_success	0.42
143.505	0.5	stop_success	NA
145.276	0.5	go_success	0.428
147.047	0.5	go_success	0.421
148.985	0.5	stop_success	NA
150.756	0.5	go_success	0.386
152.443	0.5	go_success	0.414
154.364	0.5	go_success	0.355
156.319	0.5	stop_success	NA
158.023	0.5	go_success	0.613
159.86	0.5	stop_success	NA
161.598	0.5	go_success	0.352
163.252	0.5	stop_success	NA
165.089	0.5	go_success	0.307
166.694	0.5	go_success	0.458
168.547	0.5	stop_success	NA
170.318	0.5	go_success	0.407
172.189	0.5	stop_success	NA
173.843	0.5	go_success	0.395
175.531	0.5	go_success	0.492
177.535	0.5	go_success	0.438
179.306	0.5	stop_success	NA
181.027	0.5	go_success	0.394
182.748	0.5	go_success	0.469
184.719	0.5	go_success	0.515
186.507	0.5	stop_success	NA
188.394	0.5	go_success	0.41
190.132	0.5	go_success	0.41
191.852	0.5	stop_success	NA
193.673	0.5	go_success	0.417
195.528	0.5	go_success	0.388
197.299	0.5	stop_success	NA
199.019	0.5	go_success	0.348
200.957	0.5	go_success	0.393
202.912	0.5	stop_success	NA
204.783	0.5	go_success	0.476
206.454	0.5	stop_success	NA
208.241	0.5	go_success	0.267
210.263	0.5	go_success	0.385
212.033	0.5	go_success	0.437
213.804	0.5	go_success	0.403
215.542	0.5	go_success	0.336
217.363	0.5	go_success	0.56
218.966	0.5	stop_success	NA
220.704	0.5	stop_success	NA
222.358	0.5	go_success	0.429
224.346	0.5	go_success	0.381
226.033	0.5	go_success	0.46
228.004	0.5	go_success	0.381
229.942	0.5	stop_success	NA
231.529	0.5	go_success	0.361
233.451	0.5	go_success	0.419
235.372	0.5	go_success	0.468
237.109	0.5	stop_success	NA
239.047	0.5	go_success	0.418
240.751	0.5	go_success	0.383
242.739	0.5	go_success	0.38
244.527	0.5	stop_success	NA
246.281	0.5	go_success	0.387
248.135	0.5	stop_success	NA
249.839	0.5	go_success	0.403
