onset	duration	trial_type	response_time
0	0.5	go_error	NA
1.738	0.5	go_success	1.428
3.408	0.5	stop_success	NA
5.313	0.5	go_success	0.823
6.983	0.5	go_error	NA
8.788	0.5	go_error	NA
10.542	0.5	stop_success	NA
12.28	0.5	go_error	NA
14.167	0.5	go_success	0.65
15.955	0.5	go_error	NA
17.709	0.5	go_success	0.527
19.396	0.5	stop_success	NA
21.15	0.5	stop_success	NA
23.122	0.5	go_error	NA
24.909	0.5	go_success	0.678
26.714	0.5	go_error	NA
28.535	0.5	go_error	NA
30.406	0.5	go_success	0.513
32.126	0.5	stop_success	NA
33.981	0.5	go_error	NA
35.652	0.5	go_success	0.63
37.289	0.5	go_error	NA
39.043	0.5	go_success	0.609
40.881	0.5	go_error	NA
42.752	0.5	stop_success	NA
44.74	0.5	stop_success	NA
46.678	0.5	go_success	0.511
48.465	0.5	go_error	NA
50.052	0.5	go_success	0.587
51.957	0.5	go_error	NA
53.745	0.5	stop_success	NA
55.515	0.5	go_error	NA
57.119	0.5	go_error	NA
58.773	0.5	stop_success	NA
60.511	0.5	go_success	0.561
62.415	0.5	go_error	NA
64.019	0.5	go_error	NA
65.99	0.5	go_error	NA
67.678	0.5	go_success	0.625
69.315	0.5	go_error	NA
71.186	0.5	go_error	NA
72.873	0.5	go_success	0.684
74.895	0.5	go_success	0.703
76.816	0.5	go_error	NA
78.587	0.5	go_error	NA
80.308	0.5	go_success	0.332
82.145	0.5	go_success	1.182
83.766	0.5	stop_success	NA
85.487	0.5	go_success	0.517
87.324	0.5	go_error	NA
88.978	0.5	go_success	1.126
90.85	0.5	go_error	NA
92.787	0.5	stop_success	NA
94.742	0.5	go_success	0.5
96.647	0.5	stop_success	NA
98.551	0.5	stop_success	NA
100.188	0.5	go_success	0.613
101.943	0.5	go_error	NA
103.864	0.5	go_success	0.684
105.702	0.5	go_error	NA
107.489	0.5	go_error	NA
109.427	0.5	go_error	NA
111.215	0.5	go_success	0.635
112.885	0.5	go_error	NA
114.773	0.5	go_success	0.631
116.611	0.5	stop_success	NA
118.298	0.5	go_error	NA
120.286	0.5	go_success	0.543
122.174	0.5	go_error	NA
123.795	0.5	go_success	0.524
125.616	0.5	stop_success	NA
127.203	0.5	go_success	0.648
129.074	0.5	go_error	NA
130.912	0.5	go_success	0.469
132.549	0.5	go_success	0.563
134.353	0.5	go_error	NA
136.174	0.5	stop_success	NA
137.795	0.5	go_error	NA
139.799	0.5	go_error	NA
141.52	0.5	go_success	0.821
143.508	0.5	stop_success	NA
145.279	0.5	go_success	0.575
147.067	0.5	go_error	NA
148.971	0.5	stop_success	NA
150.759	0.5	go_error	0.579
152.479	0.5	go_success	0.788
154.401	0.5	go_success	0.595
156.305	0.5	stop_success	NA
158.026	0.5	go_success	0.539
159.847	0.5	stop_success	NA
161.601	0.5	go_success	0.473
163.272	0.5	stop_success	NA
165.11	0.5	go_error	NA
166.713	0.5	go_error	NA
168.551	0.5	stop_success	NA
170.289	0.5	go_error	NA
172.16	0.5	stop_success	NA
173.83	0.5	go_success	0.523
175.534	0.5	go_error	NA
177.489	0.5	go_success	0.706
179.343	0.5	stop_success	NA
181.047	0.5	go_error	NA
182.752	0.5	go_error	NA
184.673	0.5	go_success	0.511
186.51	0.5	stop_success	NA
188.398	0.5	go_error	NA
190.102	0.5	go_error	NA
191.873	0.5	stop_success	NA
193.694	0.5	go_success	0.501
195.515	0.5	go_error	NA
197.269	0.5	stop_success	NA
199.007	0.5	go_error	NA
200.928	0.5	go_success	0.565
202.916	0.5	stop_success	NA
204.787	0.5	go_success	0.537
206.491	0.5	stop_success	NA
208.262	0.5	go_error	NA
210.2	0.5	go_success	0.895
212.021	0.5	go_success	0.755
213.792	0.5	go_error	NA
215.53	0.5	go_success	1.259
217.351	0.5	go_error	NA
218.971	0.5	stop_success	NA
220.725	0.5	stop_success	NA
222.362	0.5	go_success	0.704
224.35	0.5	go_success	0.625
226.038	0.5	go_error	NA
227.976	0.5	go_error	NA
229.914	0.5	stop_success	NA
231.534	0.5	go_error	NA
233.455	0.5	go_success	0.684
235.36	0.5	go_error	NA
237.081	0.5	stop_success	NA
239.035	0.5	go_success	0.501
240.773	0.5	go_error	NA
242.711	0.5	go_error	NA
244.532	0.5	stop_success	NA
246.286	0.5	go_success	0.712
248.174	0.5	stop_success	NA
249.811	0.5	go_error	NA
