onset	duration	trial_type	response_time
0	0.5	go_success	0.59
1.738	0.5	go_success	0.675
3.408	0.5	stop_success	NA
5.313	0.5	go_success	0.517
6.983	0.5	go_success	0.578
8.788	0.5	go_success	0.552
10.542	0.5	stop_success	NA
12.279	0.5	go_success	0.484
14.167	0.5	go_success	0.554
15.955	0.5	go_success	0.562
17.709	0.5	go_success	0.444
19.396	0.5	stop_success	NA
21.15	0.5	stop_success	NA
23.105	0.5	go_success	0.401
24.909	0.5	go_success	0.464
26.714	0.5	go_success	0.552
28.535	0.5	go_success	0.476
30.406	0.5	go_success	0.459
32.16	0.5	stop_success	NA
33.981	0.5	go_success	0.294
35.685	0.5	go_success	0.395
37.306	0.5	go_success	0.416
39.06	0.5	go_success	0.428
40.864	0.5	go_success	0.443
42.752	0.5	stop_success	NA
44.723	0.5	stop_success	NA
46.661	0.5	go_success	0.518
48.449	0.5	go_success	0.302
50.069	0.5	go_success	0.402
51.94	0.5	go_success	0.411
53.761	0.5	stop_success	NA
55.516	0.5	go_success	0.353
57.136	0.5	go_success	0.39
58.79	0.5	stop_success	NA
60.494	0.5	go_success	0.495
62.415	0.5	go_success	0.398
64.036	0.5	go_success	0.375
66.007	0.5	go_success	0.313
67.695	0.5	go_success	0.337
69.298	0.5	go_success	0.411
71.203	0.5	go_success	0.375
72.89	0.5	go_success	0.431
74.878	0.5	go_success	0.536
76.8	0.5	go_success	0.452
78.604	0.5	go_success	0.398
80.325	0.5	go_success	0.417
82.129	0.5	go_success	0.34
83.749	0.5	stop_success	NA
85.487	0.5	go_success	0.527
87.325	0.5	go_success	0.465
88.995	0.5	go_success	0.493
90.833	0.5	go_success	0.378
92.804	0.5	stop_success	NA
94.726	0.5	go_success	0.434
96.63	0.5	stop_success	NA
98.535	0.5	stop_success	NA
100.172	0.5	go_success	0.377
101.926	0.5	go_success	0.391
103.881	0.5	go_success	0.363
105.685	0.5	go_success	0.485
107.523	0.5	go_success	0.473
109.461	0.5	go_success	0.385
111.232	0.5	go_success	0.441
112.885	0.5	go_success	0.837
114.79	0.5	go_success	0.45
116.611	0.5	stop_success	NA
118.298	0.5	go_success	0.312
120.303	0.5	go_success	0.574
122.174	0.5	go_success	0.408
123.811	0.5	go_success	0.473
125.616	0.5	stop_success	NA
127.203	0.5	go_success	0.567
129.074	0.5	go_success	0.529
130.912	0.5	go_success	0.42
132.549	0.5	go_success	0.43
134.353	0.5	go_success	0.533
136.191	0.5	stop_success	NA
137.795	0.5	go_success	0.418
139.816	0.5	go_success	0.456
141.537	0.5	go_success	0.435
143.508	0.5	stop_success	NA
145.279	0.5	go_success	0.53
147.05	0.5	go_success	0.464
148.988	0.5	stop_success	NA
150.759	0.5	go_success	0.449
152.463	0.5	go_success	0.661
154.401	0.5	go_success	0.642
156.305	0.5	stop_success	NA
158.026	0.5	go_success	0.467
159.847	0.5	stop_success	NA
161.601	0.5	go_success	0.327
163.272	0.5	stop_success	NA
165.093	0.5	go_success	0.463
166.73	0.5	go_success	0.417
168.585	0.5	stop_success	NA
170.289	0.5	go_success	0.455
172.177	0.5	stop_success	NA
173.831	0.5	go_success	0.386
175.535	0.5	go_success	0.541
177.523	0.5	go_success	0.558
179.327	0.5	stop_success	NA
181.048	0.5	go_success	0.29
182.768	0.5	go_success	0.455
184.706	0.5	go_success	0.31
186.511	0.5	stop_success	NA
188.399	0.5	go_success	0.361
190.136	0.5	go_success	0.394
191.89	0.5	stop_success	NA
193.694	0.5	go_success	0.478
195.515	0.5	go_success	0.503
197.286	0.5	stop_success	NA
199.007	0.5	go_success	0.361
200.962	0.5	go_success	0.439
202.916	0.5	stop_success	NA
204.788	0.5	go_success	0.475
206.492	0.5	stop_success	NA
208.263	0.5	go_success	0.385
210.217	0.5	go_success	0.457
212.021	0.5	go_success	0.276
213.792	0.5	go_success	0.523
215.547	0.5	go_success	0.461
217.351	0.5	go_success	0.547
218.988	0.5	stop_success	NA
220.725	0.5	stop_success	NA
222.363	0.5	go_success	0.613
224.334	0.5	go_success	0.398
226.038	0.5	go_success	0.496
228.01	0.5	go_success	0.491
229.931	0.5	stop_success	NA
231.535	0.5	go_success	0.435
233.489	0.5	go_success	0.465
235.36	0.5	go_success	0.653
237.098	0.5	stop_success	NA
239.036	0.5	go_success	0.575
240.757	0.5	go_success	0.548
242.745	0.5	go_success	0.481
244.566	0.5	stop_success	NA
246.286	0.5	go_success	0.382
248.157	0.5	stop_success	NA
249.811	0.5	go_success	0.518
