onset	duration	trial_type	response_time
0	0.5	go_success	1.085
1.738	0.5	go_success	0.347
3.391	0.5	stop_success	NA
5.296	0.5	go_success	0.379
6.967	0.5	go_success	0.276
8.771	0.5	go_success	0.358
10.542	0.5	stop_success	NA
12.279	0.5	go_success	0.373
14.15	0.5	go_success	0.298
15.938	0.5	go_success	0.305
17.692	0.5	go_success	0.281
19.379	0.5	stop_success	NA
21.134	0.5	stop_success	NA
23.105	0.5	go_success	0.287
24.893	0.5	go_success	0.277
26.697	0.5	go_success	0.285
28.535	0.5	go_success	0.396
30.389	0.5	go_success	0.342
32.143	0.5	stop_success	NA
33.964	0.5	go_success	0.264
35.668	0.5	go_success	0.325
37.289	0.5	go_success	0.311
39.043	0.5	go_success	0.327
40.847	0.5	go_success	0.316
42.752	0.5	stop_success	NA
44.706	0.5	stop_success	NA
46.645	0.5	go_success	0.289
48.432	0.5	go_success	0.257
50.069	0.5	go_success	0.323
51.94	0.5	go_success	0.246
53.745	0.5	stop_success	NA
55.499	0.5	go_success	0.408
57.119	0.5	go_success	0.342
58.79	0.5	stop_success	NA
60.494	0.5	go_success	0.264
62.399	0.5	go_success	0.25
64.036	0.5	go_success	0.326
65.99	0.5	go_success	0.33
67.678	0.5	go_success	0.381
69.298	0.5	go_success	0.265
71.186	0.5	go_success	0.342
72.873	0.5	go_success	0.256
74.862	0.5	go_success	0.4
76.799	0.5	go_success	0.25
78.587	0.5	go_success	0.242
80.308	0.5	go_success	0.385
82.112	0.5	go_success	0.355
83.733	0.5	stop_success	NA
85.47	0.5	go_success	0.4
87.308	0.5	go_success	0.356
88.979	0.5	go_success	0.25
90.816	0.5	go_success	0.265
92.804	0.5	stop_success	NA
94.709	0.5	go_success	0.336
96.613	0.5	stop_success	NA
98.518	0.5	stop_success	NA
100.155	0.5	go_success	0.336
101.926	0.5	go_success	0.272
103.864	0.5	go_success	0.262
105.668	0.5	go_success	0.292
107.506	0.5	go_success	0.234
109.444	0.5	go_success	0.309
111.231	0.5	go_success	0.252
112.869	0.5	go_success	0.399
114.773	0.5	go_success	0.295
116.594	0.5	stop_success	NA
118.298	0.5	go_success	0.294
120.286	0.5	go_success	0.253
122.157	0.5	go_success	0.409
123.811	0.5	go_success	0.315
125.599	0.5	stop_success	NA
127.186	0.5	go_success	0.41
129.057	0.5	go_success	0.297
130.912	0.5	go_success	0.276
132.532	0.5	go_success	0.403
134.336	0.5	go_success	0.265
136.174	0.5	stop_success	NA
137.778	0.5	go_success	0.441
139.799	0.5	go_success	0.38
141.537	0.5	go_success	0.33
143.508	0.5	stop_success	NA
145.262	0.5	go_success	0.286
147.05	0.5	go_success	0.415
148.988	0.5	stop_success	NA
150.742	0.5	go_success	0.407
152.463	0.5	go_success	0.369
154.384	0.5	go_success	0.397
156.289	0.5	stop_success	NA
158.009	0.5	go_success	0.34
159.847	0.5	stop_success	NA
161.585	0.5	go_success	0.364
163.255	0.5	stop_success	NA
165.093	0.5	go_success	0.454
166.73	0.5	go_success	0.441
168.568	0.5	stop_success	NA
170.272	0.5	go_success	0.41
172.16	0.5	stop_success	NA
173.814	0.5	go_success	0.318
175.518	0.5	go_success	0.647
177.506	0.5	go_success	0.283
179.31	0.5	stop_success	NA
181.031	0.5	go_success	0.276
182.752	0.5	go_success	0.445
184.69	0.5	go_success	0.548
186.494	0.5	stop_success	NA
188.382	0.5	go_success	0.254
190.119	0.5	go_success	0.393
191.873	0.5	stop_success	NA
193.678	0.5	go_success	0.265
195.499	0.5	go_success	0.326
197.286	0.5	stop_success	NA
198.99	0.5	go_success	0.486
200.945	0.5	go_success	0.385
202.916	0.5	stop_success	NA
204.771	0.5	go_success	0.407
206.475	0.5	stop_success	NA
208.246	0.5	go_success	0.258
210.217	0.5	go_success	0.351
212.005	0.5	go_success	0.697
213.775	0.5	go_success	0.458
215.53	0.5	go_success	0.303
217.334	0.5	go_success	0.33
218.971	0.5	stop_success	NA
220.709	0.5	stop_success	NA
222.346	0.5	go_success	0.375
224.317	0.5	go_success	0.411
226.021	0.5	go_success	0.63
227.993	0.5	go_success	0.398
229.931	0.5	stop_success	NA
231.518	0.5	go_success	0.411
233.472	0.5	go_success	0.286
235.343	0.5	go_success	0.369
237.098	0.5	stop_success	NA
239.019	0.5	go_success	0.419
240.74	0.5	go_success	0.382
242.728	0.5	go_success	0.256
244.549	0.5	stop_success	NA
246.269	0.5	go_success	0.356
248.157	0.5	stop_success	NA
249.795	0.5	go_success	0.317
