onset	duration	trial_type	response_time
0	0.5	go_error	NA
1.737	0.5	go_error	NA
3.408	0.5	stop_success	NA
5.312	0.5	go_success	0.535
6.983	0.5	go_success	0.547
8.787	0.5	go_error	0.576
10.541	0.5	stop_success	NA
12.295	0.5	go_error	0.349
14.166	0.5	go_error	0.654
15.954	0.5	go_error	0.588
17.708	0.5	go_error	0.505
19.396	0.5	stop_success	NA
21.15	0.5	stop_success	NA
23.121	0.5	go_error	0.259
24.909	0.5	go_error	0.411
26.713	0.5	go_error	0.568
28.534	0.5	go_error	0.464
30.405	0.5	go_error	0.265
32.143	0.5	stop_success	NA
33.98	0.5	go_error	0.312
35.684	0.5	go_error	0.449
37.305	0.5	go_error	0.463
39.076	0.5	go_error	0.437
40.88	0.5	go_error	0.421
42.768	0.5	stop_success	NA
44.723	0.5	stop_success	NA
46.677	0.5	go_error	0.389
48.465	0.5	go_error	0.376
50.085	0.5	go_error	0.385
51.956	0.5	go_error	0.267
53.761	0.5	stop_success	NA
55.515	0.5	go_success	0.339
57.152	0.5	go_error	0.478
58.806	0.5	stop_success	NA
60.51	0.5	go_error	0.455
62.415	0.5	go_error	0.469
64.052	0.5	go_error	0.408
66.023	0.5	go_error	0.331
67.711	0.5	go_error	0.362
69.314	0.5	go_error	0.444
71.219	0.5	go_error	0.331
72.906	0.5	go_error	0.403
74.878	0.5	go_error	0.414
76.816	0.5	go_error	0.448
78.603	0.5	go_error	0.42
80.341	0.5	go_error	0.464
82.145	0.5	go_error	0.313
83.765	0.5	stop_success	NA
85.486	0.5	go_error	0.502
87.324	0.5	go_error	0.534
89.011	0.5	go_error	0.368
90.832	0.5	go_error	0.333
92.82	0.5	stop_success	NA
94.725	0.5	go_success	0.402
96.646	0.5	stop_success	NA
98.534	0.5	stop_success	NA
100.188	0.5	go_error	0.316
101.942	0.5	go_error	0.498
103.897	0.5	go_error	0.496
105.701	0.5	go_error	0.391
107.522	0.5	go_error	0.625
109.46	0.5	go_error	0.472
111.231	0.5	go_error	0.981
112.885	0.5	go_error	0.581
114.806	0.5	go_error	0.274
116.61	0.5	stop_success	NA
118.298	0.5	go_error	0.335
120.302	0.5	go_error	0.397
122.173	0.5	go_error	0.348
123.811	0.5	go_error	0.331
125.615	0.5	stop_success	NA
127.202	0.5	go_error	0.447
129.073	0.5	go_error	0.494
130.911	0.5	go_error	0.371
132.548	0.5	go_error	0.407
134.336	0.5	go_error	0.309
136.19	0.5	stop_error	0.226
137.827	0.5	go_success	0.366
139.815	0.5	go_error	0.445
141.536	0.5	go_error	0.466
143.508	0.5	stop_success	NA
145.278	0.5	go_error	0.466
147.049	0.5	go_error	0.507
149.004	0.5	stop_success	NA
150.758	0.5	go_error	0.419
152.479	0.5	go_error	0.421
154.4	0.5	go_error	0.994
156.288	0.5	stop_success	NA
158.025	0.5	go_error	0.493
159.846	0.5	stop_success	NA
161.601	0.5	go_error	0.369
163.271	0.5	stop_success	NA
165.092	0.5	go_error	0.429
166.746	0.5	go_error	0.538
168.584	0.5	stop_success	NA
170.288	0.5	go_error	0.435
172.176	0.5	stop_success	NA
173.83	0.5	go_error	0.307
175.534	0.5	go_error	0.462
177.522	0.5	go_error	0.386
179.326	0.5	stop_success	NA
181.047	0.5	go_error	0.391
182.768	0.5	go_error	0.312
184.706	0.5	go_error	0.372
186.51	0.5	stop_success	NA
188.398	0.5	go_error	0.361
190.135	0.5	go_error	0.44
191.889	0.5	stop_success	NA
193.694	0.5	go_error	0.518
195.515	0.5	go_error	0.566
197.285	0.5	stop_success	NA
199.006	0.5	go_success	0.383
200.961	0.5	go_error	0.558
202.916	0.5	stop_success	NA
204.787	0.5	go_error	0.242
206.491	0.5	stop_success	NA
208.262	0.5	go_error	0.337
210.216	0.5	go_error	0.406
212.021	0.5	go_error	0.401
213.791	0.5	go_error	0.392
215.546	0.5	go_error	0.363
217.35	0.5	go_error	0.375
218.987	0.5	stop_success	NA
220.725	0.5	stop_success	NA
222.362	0.5	go_error	0.345
224.333	0.5	go_error	0.369
226.037	0.5	go_error	0.452
228.009	0.5	go_error	0.389
229.947	0.5	stop_success	NA
231.534	0.5	go_error	0.477
233.488	0.5	go_error	0.429
235.359	0.5	go_error	0.398
237.097	0.5	stop_success	NA
239.035	0.5	go_error	0.448
240.756	0.5	go_error	0.395
242.744	0.5	go_error	0.266
244.565	0.5	stop_success	NA
246.285	0.5	go_error	0.436
248.173	0.5	stop_success	NA
249.81	0.5	go_error	0.39
