onset	duration	trial_type	response_time
0	0.5	go_success	0.718
1.733	0.5	go_success	0.468
3.386	0.5	stop_success	NA
5.293	0.5	go_success	0.536
6.973	0.5	go_success	0.296
8.773	0.5	go_success	0.468
10.533	0.5	stop_success	NA
12.279	0.5	go_success	0.499
14.159	0.5	go_success	0.681
15.946	0.5	go_success	0.377
17.706	0.5	go_success	0.315
19.386	0.5	stop_success	NA
21.132	0.5	stop_success	NA
23.105	0.5	go_success	0.405
24.905	0.5	go_success	0.319
26.705	0.5	go_success	0.444
28.532	0.5	go_success	0.404
30.398	0.5	go_success	0.393
32.118	0.5	stop_success	NA
33.971	0.5	go_success	0.419
35.638	0.5	go_success	0.411
37.278	0.5	go_success	0.311
39.025	0.5	go_success	0.464
40.824	0.5	go_success	0.45
42.731	0.5	stop_success	NA
44.718	0.5	stop_success	NA
46.651	0.5	go_success	0.388
48.411	0.5	go_success	0.293
50.037	0.5	go_success	0.351
51.917	0.5	go_success	0.285
53.744	0.5	stop_success	NA
55.504	0.5	go_success	0.498
57.104	0.5	go_success	0.472
58.757	0.5	stop_success	NA
60.49	0.5	go_success	0.408
62.37	0.5	go_success	0.354
64.01	0.5	go_success	0.378
65.97	0.5	go_success	0.342
67.663	0.5	go_success	0.354
69.29	0.5	go_success	0.43
71.17	0.5	go_success	0.327
72.85	0.5	go_success	0.439
74.836	0.5	go_success	0.483
76.769	0.5	go_success	0.36
78.569	0.5	go_success	0.497
80.289	0.5	go_success	0.442
82.089	0.5	go_success	0.379
83.716	0.5	stop_success	NA
85.476	0.5	go_success	0.382
87.276	0.5	go_success	0.342
88.969	0.5	go_success	0.269
90.795	0.5	go_success	0.425
92.769	0.5	stop_success	NA
94.715	0.5	go_success	0.371
96.595	0.5	stop_success	NA
98.515	0.5	stop_success	NA
100.155	0.5	go_success	0.402
101.902	0.5	go_success	0.275
103.848	0.5	go_success	0.381
105.648	0.5	go_success	0.321
107.475	0.5	go_success	0.283
109.408	0.5	go_success	0.376
111.182	0.5	go_success	0.272
112.834	0.5	go_success	0.523
114.741	0.5	go_success	0.403
116.568	0.5	stop_success	NA
118.301	0.5	go_success	0.374
120.248	0.5	go_success	0.436
122.127	0.5	go_success	0.411
123.767	0.5	go_success	0.412
125.567	0.5	stop_success	NA
127.18	0.5	go_success	0.41
129.02	0.5	go_success	0.544
130.9	0.5	go_success	0.589
132.513	0.5	go_success	0.349
134.287	0.5	go_success	0.336
136.14	0.5	stop_success	NA
137.78	0.5	go_success	0.489
139.766	0.5	go_success	0.342
141.486	0.5	go_success	0.379
143.486	0.5	stop_success	NA
145.273	0.5	go_success	0.424
147.006	0.5	go_success	0.319
148.939	0.5	stop_success	NA
150.739	0.5	go_success	0.415
152.42	0.5	go_success	0.302
154.339	0.5	go_success	0.419
156.259	0.5	stop_success	NA
158.019	0.5	go_success	0.369
159.819	0.5	stop_success	NA
161.579	0.5	go_success	0.488
163.219	0.5	stop_success	NA
165.085	0.5	go_success	0.313
166.685	0.5	go_success	0.294
168.525	0.5	stop_success	NA
170.272	0.5	go_success	0.532
172.138	0.5	stop_success	NA
173.818	0.5	go_success	0.393
175.485	0.5	go_success	0.361
177.485	0.5	go_success	0.313
179.285	0.5	stop_success	NA
181.031	0.5	go_success	0.313
182.738	0.5	go_success	0.292
184.671	0.5	go_success	0.496
186.458	0.5	stop_success	NA
188.377	0.5	go_success	0.377
190.084	0.5	go_success	0.345
191.844	0.5	stop_success	NA
193.671	0.5	go_success	0.451
195.47	0.5	go_success	0.319
197.257	0.5	stop_success	NA
198.99	0.5	go_success	0.444
200.91	0.5	go_success	0.446
202.87	0.5	stop_success	NA
204.777	0.5	go_success	0.449
206.443	0.5	stop_success	NA
208.243	0.5	go_success	0.334
210.203	0.5	go_success	0.376
211.977	0.5	go_success	0.368
213.75	0.5	go_success	0.309
215.496	0.5	go_success	0.336
217.309	0.5	go_success	0.437
218.949	0.5	stop_success	NA
220.709	0.5	stop_success	NA
222.349	0.5	go_success	0.485
224.296	0.5	go_success	0.325
225.989	0.5	go_success	0.578
227.962	0.5	go_success	0.408
229.896	0.5	stop_success	NA
231.522	0.5	go_success	0.473
233.429	0.5	go_success	0.333
235.322	0.5	go_success	0.426
237.069	0.5	stop_success	NA
239.015	0.5	go_success	0.446
240.708	0.5	go_success	0.326
242.682	0.5	go_success	0.377
244.509	0.5	stop_success	NA
246.268	0.5	go_success	0.364
248.108	0.5	stop_success	NA
249.801	0.5	go_success	0.382
