onset	duration	trial_type	response_time
0	0.5	go_success	1.271
1.749	0.5	go_success	0.451
3.399	0.5	stop_error	0.707
5.299	0.5	go_success	0.448
6.982	0.5	go_success	0.26
8.782	0.5	go_success	0.43
10.549	0.5	stop_success	NA
12.282	0.5	go_success	0.404
14.165	0.5	go_success	0.36
15.949	0.5	go_success	0.312
17.715	0.5	go_success	0.263
19.399	0.5	stop_success	NA
21.148	0.5	stop_success	NA
23.115	0.5	go_success	0.245
24.915	0.5	go_success	0.261
26.715	0.5	go_success	0.361
28.532	0.5	go_success	0.423
30.398	0.5	go_success	0.407
32.131	0.5	stop_success	NA
33.981	0.5	go_success	0.313
35.648	0.5	go_success	0.399
37.282	0.5	go_success	0.369
39.031	0.5	go_success	0.283
40.832	0.5	go_success	0.348
42.731	0.5	stop_success	NA
44.714	0.5	stop_success	NA
46.664	0.5	go_success	0.533
48.414	0.5	go_success	0.293
50.047	0.5	go_success	0.322
51.93	0.5	go_success	0.327
53.747	0.5	stop_success	NA
55.514	0.5	go_success	0.326
57.113	0.5	go_success	0.426
58.763	0.5	stop_success	NA
60.497	0.5	go_success	0.291
62.38	0.5	go_success	0.318
64.013	0.5	go_success	0.539
65.98	0.5	go_success	0.315
67.68	0.5	go_success	0.337
69.296	0.5	go_success	0.264
71.179	0.5	go_success	0.378
72.863	0.5	go_success	0.274
74.846	0.5	go_success	0.459
76.779	0.5	go_success	0.29
78.579	0.5	go_success	0.269
80.296	0.5	go_success	0.357
82.112	0.5	go_success	0.336
83.729	0.5	stop_success	NA
85.479	0.5	go_success	0.331
87.295	0.5	go_success	0.423
88.979	0.5	go_success	0.308
90.796	0.5	go_success	0.361
92.778	0.5	stop_success	NA
94.728	0.5	go_success	0.254
96.612	0.5	stop_success	NA
98.528	0.5	stop_success	NA
100.178	0.5	go_success	0.433
101.911	0.5	go_success	0.3
103.845	0.5	go_success	0.313
105.661	0.5	go_success	0.367
107.478	0.5	go_success	0.37
109.411	0.5	go_success	0.268
111.194	0.5	go_success	0.26
112.844	0.5	go_success	0.46
114.744	0.5	go_success	0.271
116.577	0.5	stop_error	0.399
118.311	0.5	go_success	0.449
120.26	0.5	go_success	0.339
122.128	0.5	go_success	0.554
123.777	0.5	go_success	0.403
125.577	0.5	stop_success	NA
127.193	0.5	go_success	0.405
129.027	0.5	go_success	0.364
130.91	0.5	go_success	0.312
132.527	0.5	go_success	0.48
134.31	0.5	go_success	0.415
136.143	0.5	stop_success	NA
137.793	0.5	go_success	0.499
139.776	0.5	go_success	0.545
141.509	0.5	go_success	0.381
143.493	0.5	stop_success	NA
145.276	0.5	go_success	0.377
147.009	0.5	go_success	0.403
148.959	0.5	stop_success	NA
150.743	0.5	go_success	0.374
152.442	0.5	go_success	0.402
154.359	0.5	go_success	0.417
156.275	0.5	stop_success	NA
158.025	0.5	go_success	0.355
159.825	0.5	stop_error	0.292
161.592	0.5	go_success	0.472
163.225	0.5	stop_success	NA
165.092	0.5	go_success	0.506
166.692	0.5	go_success	0.498
168.541	0.5	stop_success	NA
170.291	0.5	go_success	0.532
172.158	0.5	stop_success	NA
173.825	0.5	go_success	0.401
175.491	0.5	go_success	0.399
177.491	0.5	go_success	0.468
179.291	0.5	stop_success	NA
181.041	0.5	go_success	0.322
182.757	0.5	go_success	0.577
184.674	0.5	go_success	0.423
186.457	0.5	stop_success	NA
188.391	0.5	go_success	0.405
190.09	0.5	go_success	0.426
191.857	0.5	stop_success	NA
193.674	0.5	go_success	0.656
195.474	0.5	go_success	0.601
197.257	0.5	stop_success	NA
199.007	0.5	go_success	0.363
200.907	0.5	go_success	0.355
202.873	0.5	stop_success	NA
204.79	0.5	go_success	0.508
206.456	0.5	stop_success	NA
208.256	0.5	go_success	0.382
210.206	0.5	go_success	0.312
211.989	0.5	go_success	0.38
213.756	0.5	go_success	0.43
215.506	0.5	go_success	0.314
217.323	0.5	go_success	0.366
218.956	0.5	stop_success	NA
220.722	0.5	stop_success	NA
222.356	0.5	go_success	0.418
224.306	0.5	go_success	0.439
225.989	0.5	go_success	0.304
227.972	0.5	go_success	0.502
229.905	0.5	stop_success	NA
231.522	0.5	go_success	0.448
233.438	0.5	go_success	0.312
235.322	0.5	go_success	0.456
237.072	0.5	stop_success	NA
239.022	0.5	go_success	0.482
240.721	0.5	go_success	0.434
242.688	0.5	go_success	0.276
244.521	0.5	stop_success	NA
246.288	0.5	go_success	0.378
248.121	0.5	stop_success	NA
249.821	0.5	go_success	0.402
