onset	duration	trial_type	response_time
0	0.5	go_error	NA
1.737	0.5	go_error	NA
3.392	0.5	stop_success	NA
5.296	0.5	go_success	0.437
6.983	0.5	go_success	0.468
8.787	0.5	go_success	0.548
10.542	0.5	stop_success	NA
12.279	0.5	go_success	0.521
14.167	0.5	go_success	0.294
15.954	0.5	go_success	0.313
17.708	0.5	go_success	0.278
19.396	0.5	stop_success	NA
21.15	0.5	stop_success	NA
23.104	0.5	go_success	0.372
24.909	0.5	go_success	0.326
26.713	0.5	go_success	0.335
28.534	0.5	go_success	0.379
30.405	0.5	go_success	0.415
32.159	0.5	stop_success	NA
33.98	0.5	go_success	0.343
35.651	0.5	go_success	0.273
37.338	0.5	go_success	0.293
39.075	0.5	go_success	0.309
40.88	0.5	go_success	0.292
42.768	0.5	stop_success	NA
44.739	0.5	stop_success	NA
46.66	0.5	go_success	0.334
48.431	0.5	go_success	0.311
50.068	0.5	go_success	0.289
51.956	0.5	go_success	0.353
53.794	0.5	stop_success	NA
55.531	0.5	go_success	0.397
57.151	0.5	go_success	0.343
58.822	0.5	stop_success	NA
60.493	0.5	go_success	0.228
62.38	0.5	go_success	0.341
64.034	0.5	go_success	0.331
66.022	0.5	go_success	0.309
67.71	0.5	go_success	0.391
69.33	0.5	go_success	0.306
71.218	0.5	go_success	0.3
72.889	0.5	go_success	0.245
74.86	0.5	go_success	0.27
76.831	0.5	go_success	0.37
78.619	0.5	go_success	0.275
80.339	0.5	go_success	0.312
82.144	0.5	go_error	0.317
83.764	0.5	stop_success	NA
85.485	0.5	go_success	0.282
87.289	0.5	go_success	0.326
88.993	0.5	go_success	0.311
90.848	0.5	go_success	0.384
92.819	0.5	stop_success	NA
94.74	0.5	go_success	0.291
96.645	0.5	stop_success	NA
98.532	0.5	stop_success	NA
100.17	0.5	go_success	0.379
101.924	0.5	go_success	0.413
103.878	0.5	go_success	0.346
105.699	0.5	go_success	0.323
107.52	0.5	go_success	0.394
109.458	0.5	go_success	0.265
111.246	0.5	go_success	0.351
112.849	0.5	go_success	0.298
114.771	0.5	go_success	0.392
116.625	0.5	stop_success	NA
118.329	0.5	go_success	0.291
120.3	0.5	go_success	0.298
122.171	0.5	go_success	0.398
123.825	0.5	go_success	0.37
125.596	0.5	stop_success	NA
127.2	0.5	go_success	0.285
129.054	0.5	go_success	0.395
130.942	0.5	go_success	0.382
132.563	0.5	go_success	0.391
134.35	0.5	go_success	0.378
136.188	0.5	stop_success	NA
137.808	0.5	go_success	0.378
139.78	0.5	go_success	0.501
141.517	0.5	go_success	0.281
143.522	0.5	stop_success	NA
145.293	0.5	go_success	0.295
147.047	0.5	go_success	0.377
149.001	0.5	stop_success	NA
150.772	0.5	go_success	0.341
152.443	0.5	go_success	0.359
154.381	0.5	go_success	0.384
156.319	0.5	stop_success	NA
158.039	0.5	go_success	0.303
159.86	0.5	stop_success	NA
161.614	0.5	go_success	0.4
163.268	0.5	stop_success	NA
165.089	0.5	go_success	0.418
166.71	0.5	go_success	0.465
168.564	0.5	stop_success	NA
170.302	0.5	go_success	0.497
172.189	0.5	stop_success	NA
173.843	0.5	go_success	0.475
175.531	0.5	go_success	0.404
177.535	0.5	go_success	0.279
179.306	0.5	stop_success	NA
181.027	0.5	go_success	0.323
182.781	0.5	go_success	0.459
184.719	0.5	go_success	0.455
186.506	0.5	stop_success	NA
188.395	0.5	go_success	0.359
190.148	0.5	go_success	0.782
191.869	0.5	stop_success	NA
193.673	0.5	go_success	0.306
195.528	0.5	go_success	0.374
197.299	0.5	stop_success	NA
199.019	0.5	go_success	0.395
200.957	0.5	go_success	0.386
202.912	0.5	stop_success	NA
204.783	0.5	go_success	0.288
206.454	0.5	stop_success	NA
208.258	0.5	go_success	0.334
210.246	0.5	go_success	0.521
212.033	0.5	go_success	0.401
213.804	0.5	go_success	0.375
215.542	0.5	go_success	0.276
217.363	0.5	go_success	0.406
218.966	0.5	stop_success	NA
220.72	0.5	stop_success	NA
222.358	0.5	go_success	0.342
224.362	0.5	go_success	0.556
226.033	0.5	go_success	0.375
228.004	0.5	go_success	0.331
229.942	0.5	stop_success	NA
231.529	0.5	go_success	0.517
233.467	0.5	go_success	0.41
235.372	0.5	go_success	0.465
237.126	0.5	stop_success	NA
239.047	0.5	go_success	0.285
240.768	0.5	go_success	0.45
242.739	0.5	go_success	0.281
244.543	0.5	stop_success	NA
246.281	0.5	go_success	0.254
248.152	0.5	stop_success	NA
249.822	0.5	go_success	0.268
