onset	duration	trial_type	response_time
0	0.5	go_success	0.533
1.721	0.5	go_success	0.361
3.392	0.5	stop_success	NA
5.296	0.5	go_success	0.438
6.967	0.5	go_success	0.249
8.771	0.5	go_success	0.613
10.525	0.5	stop_success	NA
12.279	0.5	go_success	0.381
14.15	0.5	go_success	0.276
15.938	0.5	go_success	0.321
17.692	0.5	go_success	0.352
19.379	0.5	stop_success	NA
21.134	0.5	stop_success	NA
23.105	0.5	go_success	0.363
24.892	0.5	go_success	0.36
26.697	0.5	go_success	0.422
28.518	0.5	go_success	0.369
30.389	0.5	go_success	0.513
32.16	0.5	stop_success	NA
33.964	0.5	go_success	0.357
35.634	0.5	go_success	0.33
37.322	0.5	go_success	0.271
39.059	0.5	go_success	0.389
40.863	0.5	go_success	0.285
42.768	0.5	stop_success	NA
44.723	0.5	stop_error	0.356
46.66	0.5	go_success	0.535
48.415	0.5	go_success	0.468
50.035	0.5	go_success	0.456
51.956	0.5	go_success	0.415
53.777	0.5	stop_success	NA
55.515	0.5	go_success	0.497
57.152	0.5	go_success	0.486
58.806	0.5	stop_success	NA
60.477	0.5	go_success	0.32
62.364	0.5	go_success	0.316
64.018	0.5	go_success	0.338
66.006	0.5	go_success	0.386
67.71	0.5	go_success	0.508
69.331	0.5	go_success	0.374
71.202	0.5	go_success	0.377
72.856	0.5	go_success	0.417
74.844	0.5	go_success	0.287
76.815	0.5	go_success	0.412
78.602	0.5	go_success	0.375
80.323	0.5	go_success	0.294
82.127	0.5	go_success	0.327
83.748	0.5	stop_success	NA
85.469	0.5	go_success	0.384
87.29	0.5	go_success	0.339
88.977	0.5	go_success	0.357
90.831	0.5	go_success	0.328
92.803	0.5	stop_success	NA
94.741	0.5	go_success	0.406
96.628	0.5	stop_success	NA
98.516	0.5	stop_success	NA
100.153	0.5	go_success	0.425
101.907	0.5	go_success	0.389
103.845	0.5	go_success	0.355
105.683	0.5	go_success	0.373
107.521	0.5	go_success	0.335
109.442	0.5	go_success	0.333
111.229	0.5	go_success	0.326
112.833	0.5	go_success	0.401
114.738	0.5	go_success	0.336
116.609	0.5	stop_success	NA
118.313	0.5	go_success	0.276
120.301	0.5	go_success	0.294
122.172	0.5	go_success	0.32
123.812	0.5	go_success	0.423
125.563	0.5	stop_success	NA
127.184	0.5	go_success	0.321
129.038	0.5	go_success	0.322
130.926	0.5	go_success	0.391
132.563	0.5	go_success	0.313
134.334	0.5	go_success	0.377
136.188	0.5	stop_success	NA
137.792	0.5	go_success	0.445
139.78	0.5	go_success	0.379
141.501	0.5	go_success	0.351
143.506	0.5	stop_success	NA
145.276	0.5	go_success	0.4
147.047	0.5	go_success	0.403
148.985	0.5	stop_success	NA
150.756	0.5	go_success	0.424
152.427	0.5	go_success	0.46
154.348	0.5	go_success	0.413
156.302	0.5	stop_success	NA
158.023	0.5	go_success	0.41
159.861	0.5	stop_success	NA
161.598	0.5	go_success	0.331
163.252	0.5	stop_success	NA
165.073	0.5	go_success	0.422
166.694	0.5	go_success	0.525
168.531	0.5	stop_success	NA
170.285	0.5	go_success	0.283
172.19	0.5	stop_success	NA
173.827	0.5	go_success	0.418
175.531	0.5	go_success	0.939
177.519	0.5	go_success	0.412
179.29	0.5	stop_success	NA
181.027	0.5	go_success	0.319
182.748	0.5	go_success	0.366
184.703	0.5	go_success	0.326
186.49	0.5	stop_success	NA
188.395	0.5	go_success	0.269
190.132	0.5	go_success	0.449
191.853	0.5	stop_success	NA
193.657	0.5	go_success	0.405
195.512	0.5	go_success	0.451
197.299	0.5	stop_success	NA
199.003	0.5	go_success	0.288
200.941	0.5	go_success	0.388
202.912	0.5	stop_success	NA
204.767	0.5	go_success	0.384
206.454	0.5	stop_success	NA
208.242	0.5	go_success	0.245
210.23	0.5	go_success	0.881
212.017	0.5	go_success	0.442
213.788	0.5	go_success	0.41
215.542	0.5	go_success	0.403
217.346	0.5	go_success	0.261
218.95	0.5	stop_success	NA
220.704	0.5	stop_success	NA
222.342	0.5	go_success	0.415
224.346	0.5	go_success	0.475
226.034	0.5	go_success	0.365
228.005	0.5	go_success	0.385
229.943	0.5	stop_success	NA
231.513	0.5	go_success	0.403
233.434	0.5	go_success	0.344
235.356	0.5	go_success	0.38
237.11	0.5	stop_success	NA
239.031	0.5	go_success	0.304
240.752	0.5	go_success	0.438
242.723	0.5	go_success	0.343
244.527	0.5	stop_success	NA
246.265	0.5	go_success	0.3
248.119	0.5	stop_success	NA
249.823	0.5	go_success	0.244
