onset	duration	trial_type	response_time
0	0.5	go_success	0.612
1.737	0.5	go_success	0.329
3.391	0.5	stop_success	NA
5.296	0.5	go_success	0.462
6.966	0.5	go_success	0.265
8.77	0.5	go_success	0.471
10.541	0.5	stop_success	NA
12.279	0.5	go_success	0.464
14.15	0.5	go_success	0.42
15.937	0.5	go_success	0.418
17.691	0.5	go_success	0.366
19.379	0.5	stop_success	NA
21.133	0.5	stop_success	NA
23.104	0.5	go_success	0.419
24.892	0.5	go_success	0.387
26.696	0.5	go_success	0.297
28.534	0.5	go_success	0.428
30.388	0.5	go_success	0.49
32.159	0.5	stop_success	NA
33.963	0.5	go_success	0.331
35.65	0.5	go_success	0.408
37.321	0.5	go_success	0.395
39.075	0.5	go_success	0.384
40.863	0.5	go_success	0.472
42.767	0.5	stop_success	NA
44.722	0.5	stop_success	NA
46.66	0.5	go_success	0.645
48.414	0.5	go_success	0.42
50.034	0.5	go_success	0.357
51.956	0.5	go_success	0.278
53.777	0.5	stop_success	NA
55.514	0.5	go_success	0.396
57.151	0.5	go_success	0.415
58.805	0.5	stop_success	NA
60.492	0.5	go_success	0.356
62.38	0.5	go_success	0.286
64.017	0.5	go_success	0.332
66.022	0.5	go_success	0.303
67.693	0.5	go_success	0.401
69.33	0.5	go_success	0.333
71.201	0.5	go_success	0.364
72.855	0.5	go_success	0.377
74.843	0.5	go_success	0.414
76.814	0.5	go_success	0.273
78.602	0.5	go_success	0.294
80.323	0.5	go_success	0.381
82.127	0.5	go_success	0.312
83.747	0.5	stop_success	NA
85.468	0.5	go_success	0.464
87.289	0.5	go_success	0.568
88.976	0.5	go_success	0.48
90.847	0.5	go_success	0.388
92.802	0.5	stop_success	NA
94.723	0.5	go_success	0.472
96.628	0.5	stop_success	NA
98.532	0.5	stop_success	NA
100.153	0.5	go_success	0.574
101.907	0.5	go_success	0.279
103.845	0.5	go_success	0.466
105.699	0.5	go_success	0.389
107.503	0.5	go_success	0.388
109.458	0.5	go_success	0.315
111.229	0.5	go_success	0.35
112.849	0.5	go_success	0.431
114.754	0.5	go_success	0.37
116.608	0.5	stop_success	NA
118.312	0.5	go_success	0.556
120.283	0.5	go_success	0.342
122.171	0.5	go_success	0.452
123.808	0.5	go_success	0.387
125.563	0.5	stop_success	NA
127.183	0.5	go_success	0.44
129.021	0.5	go_success	0.401
130.942	0.5	go_success	0.395
132.546	0.5	go_success	0.543
134.333	0.5	go_success	0.381
136.188	0.5	stop_success	NA
137.791	0.5	go_success	0.417
139.779	0.5	go_success	0.416
141.5	0.5	go_success	0.379
143.488	0.5	stop_success	NA
145.292	0.5	go_success	0.521
147.03	0.5	go_success	0.475
148.984	0.5	stop_success	NA
150.755	0.5	go_success	0.495
152.426	0.5	go_success	0.384
154.347	0.5	go_success	0.407
156.302	0.5	stop_success	NA
158.022	0.5	go_success	0.492
159.843	0.5	stop_success	NA
161.598	0.5	go_success	0.45
163.251	0.5	stop_success	NA
165.089	0.5	go_success	0.35
166.693	0.5	go_success	0.497
168.531	0.5	stop_success	NA
170.301	0.5	go_success	0.446
172.189	0.5	stop_success	NA
173.826	0.5	go_success	0.367
175.53	0.5	go_success	0.375
177.518	0.5	go_success	0.337
179.289	0.5	stop_success	NA
181.027	0.5	go_success	0.336
182.747	0.5	go_success	0.611
184.719	0.5	go_success	0.387
186.49	0.5	stop_success	NA
188.394	0.5	go_success	0.396
190.131	0.5	go_success	0.364
191.852	0.5	stop_success	NA
193.656	0.5	go_success	0.524
195.511	0.5	go_success	0.399
197.298	0.5	stop_success	NA
199.002	0.5	go_success	0.485
200.94	0.5	go_success	0.402
202.912	0.5	stop_success	NA
204.766	0.5	go_success	0.527
206.453	0.5	stop_success	NA
208.241	0.5	go_success	0.399
210.246	0.5	go_success	0.5
212.016	0.5	go_success	0.438
213.787	0.5	go_success	0.384
215.541	0.5	go_success	0.372
217.346	0.5	go_success	0.414
218.949	0.5	stop_success	NA
220.704	0.5	stop_success	NA
222.341	0.5	go_success	0.395
224.346	0.5	go_success	0.453
226.016	0.5	go_success	0.469
228.004	0.5	go_success	0.377
229.942	0.5	stop_success	NA
231.512	0.5	go_success	0.526
233.434	0.5	go_success	0.313
235.355	0.5	go_success	0.417
237.109	0.5	stop_success	NA
239.03	0.5	go_success	0.404
240.751	0.5	go_success	0.332
242.722	0.5	go_success	0.479
244.526	0.5	stop_success	NA
246.264	0.5	go_success	0.549
248.118	0.5	stop_success	NA
249.822	0.5	go_success	0.426
