onset	duration	trial_type	response_time
0	0.5	go_success	0.914
1.738	0.5	go_success	0.408
3.392	0.5	stop_success	NA
5.296	0.5	go_success	0.672
6.967	0.5	go_success	0.282
8.771	0.5	go_success	0.534
10.542	0.5	stop_success	NA
12.279	0.5	go_success	0.389
14.151	0.5	go_success	0.282
15.938	0.5	go_success	0.288
17.692	0.5	go_success	0.262
19.38	0.5	stop_success	NA
21.134	0.5	stop_success	NA
23.105	0.5	go_success	0.34
24.893	0.5	go_success	0.268
26.697	0.5	go_success	0.294
28.534	0.5	go_success	0.426
30.389	0.5	go_success	0.287
32.16	0.5	stop_success	NA
33.964	0.5	go_success	0.264
35.651	0.5	go_success	0.356
37.322	0.5	go_success	0.265
39.059	0.5	go_success	0.279
40.88	0.5	go_success	0.241
42.768	0.5	stop_success	NA
44.723	0.5	stop_success	NA
46.661	0.5	go_error	0.411
48.415	0.5	go_success	0.566
50.035	0.5	go_success	0.478
51.956	0.5	go_success	0.337
53.777	0.5	stop_success	NA
55.515	0.5	go_success	0.421
57.152	0.5	go_success	0.486
58.806	0.5	stop_success	NA
60.493	0.5	go_success	0.303
62.381	0.5	go_success	0.471
64.018	0.5	go_success	0.444
66.023	0.5	go_success	0.3
67.693	0.5	go_success	0.389
69.331	0.5	go_success	0.405
71.202	0.5	go_success	0.348
72.856	0.5	go_success	0.271
74.844	0.5	go_success	0.667
76.815	0.5	go_success	0.266
78.603	0.5	go_success	0.257
80.323	0.5	go_success	0.543
82.128	0.5	go_success	0.466
83.765	0.5	stop_success	NA
85.469	0.5	go_success	0.544
87.29	0.5	go_success	0.301
88.977	0.5	go_success	0.304
90.848	0.5	go_success	0.264
92.803	0.5	stop_success	NA
94.724	0.5	go_success	0.251
96.629	0.5	stop_success	NA
98.533	0.5	stop_success	NA
100.153	0.5	go_error	0.384
101.907	0.5	go_success	0.496
103.845	0.5	go_success	0.316
105.7	0.5	go_success	0.384
107.504	0.5	go_success	0.393
109.459	0.5	go_success	0.271
111.229	0.5	go_success	0.306
112.85	0.5	go_success	0.508
114.754	0.5	go_success	0.297
116.609	0.5	stop_success	NA
118.313	0.5	go_success	0.404
120.284	0.5	go_success	0.459
122.172	0.5	go_success	0.455
123.809	0.5	go_success	0.442
125.563	0.5	stop_success	NA
127.184	0.5	go_success	0.442
129.038	0.5	go_success	0.486
130.943	0.5	go_success	0.491
132.563	0.5	go_success	0.521
134.334	0.5	go_success	0.401
136.188	0.5	stop_success	NA
137.792	0.5	go_success	0.64
139.78	0.5	go_success	0.52
141.501	0.5	go_success	0.331
143.506	0.5	stop_success	NA
145.277	0.5	go_success	0.411
147.047	0.5	go_success	0.406
148.985	0.5	stop_success	NA
150.756	0.5	go_success	0.399
152.443	0.5	go_success	0.326
154.348	0.5	go_success	0.587
156.302	0.5	stop_success	NA
158.023	0.5	go_success	0.435
159.844	0.5	stop_success	NA
161.598	0.5	go_success	0.368
163.269	0.5	stop_success	NA
165.09	0.5	go_success	0.513
166.694	0.5	go_success	0.561
168.531	0.5	stop_success	NA
170.302	0.5	go_success	0.537
172.19	0.5	stop_success	NA
173.827	0.5	go_success	0.379
175.531	0.5	go_success	0.515
177.519	0.5	go_success	0.318
179.29	0.5	stop_success	NA
181.027	0.5	go_success	0.454
182.748	0.5	go_success	0.543
184.719	0.5	go_success	0.313
186.49	0.5	stop_success	NA
188.395	0.5	go_success	0.393
190.132	0.5	go_success	0.591
191.853	0.5	stop_success	NA
193.657	0.5	go_success	0.242
195.512	0.5	go_success	0.411
197.299	0.5	stop_success	NA
199.003	0.5	go_success	0.414
200.941	0.5	go_success	0.348
202.912	0.5	stop_success	NA
204.767	0.5	go_success	0.398
206.454	0.5	stop_success	NA
208.242	0.5	go_success	0.461
210.246	0.5	go_success	0.324
212.017	0.5	go_success	0.528
213.788	0.5	go_success	0.381
215.542	0.5	go_success	0.33
217.363	0.5	go_success	0.442
218.95	0.5	stop_success	NA
220.704	0.5	stop_success	NA
222.342	0.5	go_success	0.432
224.346	0.5	go_success	0.432
226.017	0.5	go_success	0.479
228.005	0.5	go_success	0.431
229.943	0.5	stop_success	NA
231.513	0.5	go_success	0.467
233.434	0.5	go_success	0.368
235.356	0.5	go_success	0.387
237.11	0.5	stop_success	NA
239.031	0.5	go_success	0.581
240.752	0.5	go_success	0.375
242.74	0.5	go_success	0.458
244.527	0.5	stop_success	NA
246.265	0.5	go_success	0.511
248.119	0.5	stop_success	NA
249.823	0.5	go_success	0.53
