onset	duration	trial_type	response_time
0	0.5	go_success	0.672
1.737	0.5	go_success	0.269
3.391	0.5	stop_success	NA
5.296	0.5	go_success	0.495
6.966	0.5	go_success	0.375
8.77	0.5	go_success	0.525
10.525	0.5	stop_success	NA
12.279	0.5	go_success	0.377
14.15	0.5	go_success	0.355
15.937	0.5	go_success	0.374
17.691	0.5	go_success	0.367
19.379	0.5	stop_success	NA
21.133	0.5	stop_success	NA
23.104	0.5	go_success	0.36
24.892	0.5	go_success	0.394
26.696	0.5	go_success	0.379
28.534	0.5	go_success	0.407
30.388	0.5	go_success	0.302
32.159	0.5	stop_success	NA
33.963	0.5	go_success	0.314
35.634	0.5	go_success	0.339
37.321	0.5	go_success	0.389
39.059	0.5	go_success	0.279
40.863	0.5	go_success	0.379
42.767	0.5	stop_success	NA
44.722	0.5	stop_success	NA
46.643	0.5	go_success	0.32
48.414	0.5	go_success	0.385
50.034	0.5	go_success	0.352
51.956	0.5	go_success	0.269
53.777	0.5	stop_success	NA
55.514	0.5	go_success	0.339
57.134	0.5	go_success	0.414
58.805	0.5	stop_success	NA
60.492	0.5	go_success	0.336
62.363	0.5	go_success	0.379
64.017	0.5	go_success	0.416
66.005	0.5	go_success	0.393
67.693	0.5	go_success	0.354
69.33	0.5	go_success	0.292
71.201	0.5	go_success	0.318
72.855	0.5	go_success	0.354
74.843	0.5	go_success	0.401
76.814	0.5	go_success	0.322
78.602	0.5	go_success	0.289
80.322	0.5	go_success	0.385
82.127	0.5	go_success	0.375
83.747	0.5	stop_success	NA
85.468	0.5	go_success	0.364
87.289	0.5	go_success	0.345
88.96	0.5	go_success	0.283
90.831	0.5	go_success	0.339
92.802	0.5	stop_success	NA
94.723	0.5	go_success	0.245
96.628	0.5	stop_success	NA
98.532	0.5	stop_success	NA
100.153	0.5	go_success	0.35
101.907	0.5	go_success	0.27
103.845	0.5	go_success	0.284
105.682	0.5	go_success	0.293
107.52	0.5	go_success	0.293
109.458	0.5	go_success	0.272
111.229	0.5	go_success	0.274
112.832	0.5	go_success	0.439
114.737	0.5	go_success	0.324
116.625	0.5	stop_success	NA
118.329	0.5	go_success	0.265
120.284	0.5	go_success	0.306
122.171	0.5	go_success	0.37
123.808	0.5	go_success	0.308
125.563	0.5	stop_success	NA
127.183	0.5	go_success	0.385
129.021	0.5	go_success	0.344
130.942	0.5	go_success	0.311
132.562	0.5	go_success	0.458
134.333	0.5	go_success	0.311
136.188	0.5	stop_error	0.258
137.825	0.5	go_success	0.43
139.779	0.5	go_success	0.411
141.5	0.5	go_success	0.366
143.488	0.5	stop_success	NA
145.276	0.5	go_success	0.419
147.047	0.5	go_success	0.232
148.984	0.5	stop_success	NA
150.755	0.5	go_success	0.315
152.426	0.5	go_success	0.47
154.347	0.5	go_success	0.439
156.302	0.5	stop_success	NA
158.022	0.5	go_success	0.318
159.86	0.5	stop_success	NA
161.581	0.5	go_success	0.345
163.251	0.5	stop_success	NA
165.089	0.5	go_success	0.265
166.693	0.5	go_success	0.41
168.531	0.5	stop_success	NA
170.301	0.5	go_success	0.329
172.189	0.5	stop_success	NA
173.843	0.5	go_success	0.325
175.53	0.5	go_success	0.333
177.518	0.5	go_success	0.35
179.289	0.5	stop_success	NA
181.027	0.5	go_success	0.286
182.747	0.5	go_success	0.431
184.702	0.5	go_success	0.381
186.49	0.5	stop_success	NA
188.394	0.5	go_success	0.272
190.131	0.5	go_success	0.401
191.852	0.5	stop_success	NA
193.656	0.5	go_success	0.225
195.528	0.5	go_success	0.291
197.298	0.5	stop_success	NA
199.002	0.5	go_success	0.327
200.94	0.5	go_success	0.353
202.912	0.5	stop_success	NA
204.766	0.5	go_success	0.346
206.453	0.5	stop_success	NA
208.241	0.5	go_success	0.296
210.246	0.5	go_success	0.397
212.017	0.5	go_success	0.43
213.787	0.5	go_success	0.335
215.541	0.5	go_success	0.258
217.346	0.5	go_success	0.348
218.949	0.5	stop_success	NA
220.704	0.5	stop_success	NA
222.341	0.5	go_error	0.292
224.345	0.5	go_success	0.386
226.017	0.5	go_success	0.339
228.004	0.5	go_success	0.375
229.942	0.5	stop_success	NA
231.512	0.5	go_success	0.351
233.434	0.5	go_success	0.384
235.355	0.5	go_success	0.319
237.109	0.5	stop_success	NA
239.03	0.5	go_success	0.288
240.751	0.5	go_success	0.371
242.722	0.5	go_success	0.32
244.526	0.5	stop_success	NA
246.264	0.5	go_success	0.405
248.118	0.5	stop_success	NA
249.822	0.5	go_success	0.411
