onset	duration	trial_type	response_time
0	0.5	go_error	NA
1.733	0.5	go_error	NA
3.4	0.5	stop_success	NA
5.294	0.5	go_success	0.334
6.973	0.5	go_success	0.379
8.773	0.5	go_success	0.508
10.546	0.5	stop_success	NA
12.279	0.5	go_success	0.346
14.159	0.5	go_success	0.367
15.946	0.5	go_success	0.536
17.706	0.5	go_success	0.323
19.386	0.5	stop_success	NA
21.146	0.5	stop_success	NA
23.106	0.5	go_success	0.27
24.905	0.5	go_success	0.326
26.705	0.5	go_success	0.402
28.532	0.5	go_success	0.483
30.399	0.5	go_success	0.372
32.118	0.5	stop_success	NA
33.972	0.5	go_success	0.446
35.638	0.5	go_success	0.385
37.278	0.5	go_success	0.337
39.038	0.5	go_success	0.297
40.838	0.5	go_success	0.313
42.731	0.5	stop_success	NA
44.718	0.5	stop_success	NA
46.664	0.5	go_success	0.335
48.411	0.5	go_success	0.383
50.038	0.5	go_success	0.299
51.918	0.5	go_success	0.406
53.744	0.5	stop_success	NA
55.504	0.5	go_success	0.381
57.104	0.5	go_success	0.367
58.758	0.5	stop_success	NA
60.49	0.5	go_success	0.406
62.37	0.5	go_success	0.31
64.01	0.5	go_success	0.331
65.97	0.5	go_success	0.379
67.663	0.5	go_success	0.334
69.29	0.5	go_success	0.331
71.17	0.5	go_success	0.388
72.863	0.5	go_success	0.31
74.85	0.5	go_success	0.323
76.783	0.5	go_success	0.301
78.57	0.5	go_success	0.299
80.29	0.5	go_success	0.373
82.103	0.5	go_success	0.329
83.716	0.5	stop_success	NA
85.476	0.5	go_success	0.332
87.276	0.5	go_success	0.354
88.969	0.5	go_success	0.28
90.796	0.5	go_success	0.291
92.782	0.5	stop_success	NA
94.716	0.5	go_success	0.312
96.595	0.5	stop_success	NA
98.515	0.5	stop_success	NA
100.169	0.5	go_success	0.29
101.902	0.5	go_success	0.513
103.848	0.5	go_success	0.286
105.648	0.5	go_success	0.37
107.475	0.5	go_success	0.282
109.408	0.5	go_success	0.246
111.195	0.5	go_success	0.313
112.835	0.5	go_success	0.294
114.741	0.5	go_success	0.29
116.568	0.5	stop_success	NA
118.301	0.5	go_success	0.348
120.261	0.5	go_success	0.309
122.128	0.5	go_success	0.312
123.767	0.5	go_success	0.293
125.567	0.5	stop_success	NA
127.194	0.5	go_success	0.508
129.021	0.5	go_success	0.274
130.9	0.5	go_success	0.244
132.514	0.5	go_error	0.306
134.3	0.5	go_success	0.347
136.14	0.5	stop_success	NA
137.78	0.5	go_success	0.407
139.767	0.5	go_success	0.532
141.5	0.5	go_success	0.393
143.5	0.5	stop_success	NA
145.273	0.5	go_success	0.357
147.006	0.5	go_success	0.366
148.953	0.5	stop_success	NA
150.74	0.5	go_success	0.309
152.433	0.5	go_success	0.267
154.353	0.5	go_success	0.346
156.26	0.5	stop_success	NA
158.019	0.5	go_success	0.249
159.819	0.5	stop_success	NA
161.579	0.5	go_success	0.324
163.219	0.5	stop_success	NA
165.086	0.5	go_success	0.324
166.699	0.5	go_success	0.402
168.539	0.5	stop_success	NA
170.285	0.5	go_success	0.319
172.152	0.5	stop_success	NA
173.832	0.5	go_success	0.251
175.485	0.5	go_success	0.302
177.485	0.5	go_success	0.248
179.285	0.5	stop_success	NA
181.031	0.5	go_success	0.291
182.751	0.5	go_success	0.435
184.671	0.5	go_success	0.28
186.458	0.5	stop_success	NA
188.378	0.5	go_success	0.3
190.098	0.5	go_success	0.289
191.844	0.5	stop_success	NA
193.671	0.5	go_success	0.249
195.471	0.5	go_success	0.282
197.257	0.5	stop_success	NA
198.991	0.5	go_success	0.304
200.91	0.5	go_success	0.404
202.87	0.5	stop_error	0.257
204.777	0.5	go_success	0.435
206.444	0.5	stop_success	NA
208.243	0.5	go_success	0.285
210.203	0.5	go_success	0.351
211.99	0.5	go_success	0.395
213.75	0.5	go_success	0.547
215.496	0.5	go_success	0.263
217.31	0.5	go_success	0.328
218.95	0.5	stop_success	NA
220.71	0.5	stop_success	NA
222.349	0.5	go_success	0.287
224.309	0.5	go_success	0.34
225.989	0.5	go_success	0.288
227.963	0.5	go_success	0.356
229.896	0.5	stop_success	NA
231.522	0.5	go_success	0.347
233.429	0.5	go_success	0.272
235.322	0.5	go_success	0.409
237.069	0.5	stop_success	NA
239.029	0.5	go_success	0.272
240.709	0.5	go_error	0.326
242.682	0.5	go_success	0.27
244.522	0.5	stop_success	NA
246.269	0.5	go_success	0.327
248.122	0.5	stop_success	NA
249.815	0.5	go_success	0.337
