onset	duration	trial_type	response_time
0	0.5	go_success	0.527
1.733	0.5	go_success	0.374
3.399	0.5	stop_success	NA
5.306	0.5	go_success	0.494
6.973	0.5	go_success	0.467
8.773	0.5	go_success	0.42
10.546	0.5	stop_success	NA
12.279	0.5	go_success	0.355
14.159	0.5	go_success	0.334
15.946	0.5	go_success	0.304
17.705	0.5	go_success	0.34
19.385	0.5	stop_success	NA
21.145	0.5	stop_success	NA
23.105	0.5	go_success	0.391
24.905	0.5	go_success	0.262
26.705	0.5	go_success	0.254
28.532	0.5	go_success	0.443
30.398	0.5	go_success	0.286
32.118	0.5	stop_success	NA
33.971	0.5	go_success	0.378
35.638	0.5	go_success	0.326
37.278	0.5	go_success	0.276
39.038	0.5	go_success	0.261
40.838	0.5	go_success	0.441
42.731	0.5	stop_error	0.277
44.718	0.5	stop_success	NA
46.664	0.5	go_success	0.494
48.411	0.5	go_success	0.375
50.037	0.5	go_success	0.292
51.917	0.5	go_success	0.401
53.744	0.5	stop_success	NA
55.504	0.5	go_success	0.484
57.104	0.5	go_success	0.441
58.77	0.5	stop_success	NA
60.49	0.5	go_success	0.301
62.37	0.5	go_success	0.328
64.01	0.5	go_success	0.375
65.97	0.5	go_success	0.425
67.663	0.5	go_success	0.417
69.29	0.5	go_success	0.275
71.17	0.5	go_success	0.388
72.863	0.5	go_success	0.322
74.849	0.5	go_success	0.44
76.783	0.5	go_success	0.293
78.569	0.5	go_success	0.366
80.289	0.5	go_success	0.453
82.102	0.5	go_success	0.309
83.716	0.5	stop_success	NA
85.476	0.5	go_success	0.422
87.276	0.5	go_success	0.506
88.969	0.5	go_success	0.395
90.795	0.5	go_success	0.296
92.782	0.5	stop_success	NA
94.716	0.5	go_success	0.351
96.595	0.5	stop_success	NA
98.515	0.5	stop_success	NA
100.168	0.5	go_success	0.438
101.901	0.5	go_success	0.335
103.848	0.5	go_success	0.256
105.648	0.5	go_success	0.297
107.475	0.5	go_success	0.291
109.408	0.5	go_success	0.329
111.194	0.5	go_success	0.357
112.834	0.5	go_success	0.515
114.741	0.5	go_success	0.396
116.568	0.5	stop_success	NA
118.301	0.5	go_success	0.318
120.261	0.5	go_success	0.364
122.127	0.5	go_success	0.421
123.767	0.5	go_success	0.526
125.567	0.5	stop_success	NA
127.194	0.5	go_success	0.397
129.021	0.5	go_success	0.42
130.9	0.5	go_success	0.32
132.514	0.5	go_success	0.475
134.3	0.5	go_success	0.323
136.14	0.5	stop_success	NA
137.78	0.5	go_success	0.395
139.767	0.5	go_success	0.361
141.5	0.5	go_success	0.415
143.499	0.5	stop_success	NA
145.273	0.5	go_success	0.491
147.006	0.5	go_success	0.38
148.953	0.5	stop_success	NA
150.739	0.5	go_success	0.555
152.432	0.5	go_success	0.307
154.352	0.5	go_success	0.493
156.272	0.5	stop_success	NA
158.019	0.5	go_success	0.487
159.819	0.5	stop_success	NA
161.579	0.5	go_success	0.391
163.219	0.5	stop_success	NA
165.085	0.5	go_success	0.373
166.698	0.5	go_success	0.469
168.538	0.5	stop_success	NA
170.285	0.5	go_success	0.432
172.151	0.5	stop_error	0.315
173.831	0.5	go_success	0.569
175.485	0.5	go_success	0.419
177.485	0.5	go_success	0.517
179.284	0.5	stop_success	NA
181.031	0.5	go_success	0.41
182.751	0.5	go_success	0.452
184.671	0.5	go_success	0.45
186.457	0.5	stop_success	NA
188.377	0.5	go_success	0.433
190.097	0.5	go_success	0.717
191.844	0.5	stop_success	NA
193.67	0.5	go_success	0.328
195.47	0.5	go_success	0.348
197.257	0.5	stop_success	NA
198.991	0.5	go_success	0.401
200.91	0.5	go_success	0.36
202.87	0.5	stop_success	NA
204.777	0.5	go_success	0.513
206.443	0.5	stop_success	NA
208.243	0.5	go_success	0.4
210.203	0.5	go_success	0.436
211.99	0.5	go_success	0.54
213.75	0.5	go_success	0.48
215.496	0.5	go_success	0.534
217.309	0.5	go_success	0.424
218.949	0.5	stop_success	NA
220.709	0.5	stop_success	NA
222.349	0.5	go_success	0.447
224.309	0.5	go_success	0.566
225.989	0.5	go_success	0.556
227.962	0.5	go_success	0.347
229.895	0.5	stop_success	NA
231.522	0.5	go_success	0.531
233.429	0.5	go_success	0.578
235.322	0.5	go_success	0.551
237.068	0.5	stop_success	NA
239.028	0.5	go_success	0.403
240.708	0.5	go_success	0.298
242.682	0.5	go_success	0.334
244.521	0.5	stop_success	NA
246.281	0.5	go_success	0.499
248.121	0.5	stop_success	NA
249.814	0.5	go_success	0.414
