onset	duration	trial_type	response_time
0	0.5	go_success	0.48
1.738	0.5	go_success	0.372
3.391	0.5	stop_success	NA
5.296	0.5	go_success	0.452
6.967	0.5	go_success	0.368
8.771	0.5	go_success	0.463
10.525	0.5	stop_success	NA
12.279	0.5	go_success	0.379
14.15	0.5	go_success	0.271
15.938	0.5	go_success	0.366
17.692	0.5	go_success	0.433
19.379	0.5	stop_success	NA
21.133	0.5	stop_error	0.404
23.105	0.5	go_success	0.422
24.892	0.5	go_success	0.369
26.696	0.5	go_success	0.427
28.518	0.5	go_success	0.421
30.422	0.5	go_success	0.413
32.159	0.5	stop_success	NA
33.964	0.5	go_success	0.296
35.634	0.5	go_success	0.368
37.321	0.5	go_success	0.387
39.059	0.5	go_success	0.551
40.863	0.5	go_success	0.442
42.768	0.5	stop_success	NA
44.722	0.5	stop_success	NA
46.643	0.5	go_success	0.348
48.414	0.5	go_success	0.233
50.035	0.5	go_success	0.293
51.956	0.5	go_success	0.324
53.777	0.5	stop_success	NA
55.514	0.5	go_success	0.358
57.135	0.5	go_success	0.337
58.789	0.5	stop_error	0.368
60.493	0.5	go_success	0.31
62.381	0.5	go_success	0.39
64.018	0.5	go_success	0.355
66.006	0.5	go_success	0.292
67.71	0.5	go_success	0.407
69.33	0.5	go_success	0.435
71.201	0.5	go_success	0.398
72.855	0.5	go_success	0.421
74.843	0.5	go_success	0.374
76.815	0.5	go_success	0.324
78.602	0.5	go_success	0.419
80.323	0.5	go_success	0.584
82.127	0.5	go_success	0.339
83.731	0.5	stop_success	NA
85.468	0.5	go_success	0.341
87.273	0.5	go_success	0.359
88.977	0.5	go_success	0.411
90.848	0.5	go_success	0.319
92.819	0.5	stop_error	0.388
94.757	0.5	go_success	0.404
96.645	0.5	stop_success	NA
98.532	0.5	stop_success	NA
100.153	0.5	go_success	0.368
101.907	0.5	go_success	0.333
103.845	0.5	go_success	0.314
105.683	0.5	go_success	0.304
107.52	0.5	go_success	0.364
109.441	0.5	go_success	0.39
111.229	0.5	go_success	0.252
112.833	0.5	go_success	0.393
114.754	0.5	go_success	0.353
116.608	0.5	stop_success	NA
118.296	0.5	go_success	0.31
120.3	0.5	go_success	0.336
122.171	0.5	go_success	0.365
123.809	0.5	go_success	0.385
125.563	0.5	stop_success	NA
127.183	0.5	go_success	0.378
129.038	0.5	go_success	0.421
130.942	0.5	go_success	0.381
132.563	0.5	go_success	0.377
134.333	0.5	go_success	0.371
136.188	0.5	stop_success	NA
137.808	0.5	go_success	0.46
139.78	0.5	go_success	0.373
141.5	0.5	go_success	0.34
143.488	0.5	stop_success	NA
145.276	0.5	go_success	0.287
147.047	0.5	go_success	0.315
148.985	0.5	stop_success	NA
150.756	0.5	go_success	0.31
152.426	0.5	go_success	0.351
154.347	0.5	go_success	0.334
156.302	0.5	stop_success	NA
158.023	0.5	go_success	0.31
159.86	0.5	stop_success	NA
161.598	0.5	go_success	0.405
163.252	0.5	stop_success	NA
165.089	0.5	go_success	0.356
166.693	0.5	go_success	0.418
168.531	0.5	stop_success	NA
170.302	0.5	go_success	0.355
172.189	0.5	stop_success	NA
173.827	0.5	go_success	0.351
175.531	0.5	go_success	0.536
177.519	0.5	go_success	0.425
179.289	0.5	stop_success	NA
181.027	0.5	go_success	0.359
182.75	0.5	go_success	0.429
184.702	0.5	go_success	0.385
186.49	0.5	stop_success	NA
188.394	0.5	go_success	0.262
190.132	0.5	go_success	0.353
191.852	0.5	stop_success	NA
193.657	0.5	go_success	0.297
195.511	0.5	go_success	0.436
197.282	0.5	stop_success	NA
199.003	0.5	go_error	0.324
200.941	0.5	go_success	0.483
202.895	0.5	stop_success	NA
204.766	0.5	go_success	0.486
206.437	0.5	stop_success	NA
208.241	0.5	go_success	0.313
210.246	0.5	go_success	0.463
212.033	0.5	go_success	0.516
213.787	0.5	go_success	0.383
215.542	0.5	go_success	0.399
217.363	0.5	go_success	0.466
218.95	0.5	stop_success	NA
220.704	0.5	stop_success	NA
222.341	0.5	go_success	1.397
224.346	0.5	go_success	0.391
226.033	0.5	go_success	0.481
228.004	0.5	go_success	0.377
229.926	0.5	stop_success	NA
231.513	0.5	go_success	0.429
233.434	0.5	go_success	0.362
235.355	0.5	go_success	0.407
237.092	0.5	stop_success	NA
239.03	0.5	go_success	0.349
240.751	0.5	go_success	0.519
242.722	0.5	go_success	0.327
244.527	0.5	stop_success	NA
246.264	0.5	go_success	0.885
248.118	0.5	stop_success	NA
249.839	0.5	go_success	0.667
