onset	duration	trial_type	response_time
0	0.5	go_error	1.368
1.738	0.5	go_error	1.35
3.392	0.5	stop_success	NA
5.296	0.5	go_error	NA
6.984	0.5	go_error	NA
8.771	0.5	go_error	1.124
10.542	0.5	stop_success	NA
12.28	0.5	go_error	1.373
14.167	0.5	go_error	1.444
15.955	0.5	go_error	1.355
17.709	0.5	go_error	1.264
19.397	0.5	stop_success	NA
21.151	0.5	stop_success	NA
23.105	0.5	go_error	1.026
24.91	0.5	go_error	1.411
26.714	0.5	go_error	NA
28.535	0.5	go_error	NA
30.406	0.5	go_error	0.706
32.127	0.5	stop_success	NA
33.965	0.5	go_error	1.042
35.685	0.5	go_error	NA
37.289	0.5	go_success	0.448
39.06	0.5	go_success	1.283
40.864	0.5	go_error	NA
42.735	0.5	stop_error	0.437
44.757	0.5	stop_success	NA
46.661	0.5	go_error	0.975
48.449	0.5	go_error	NA
50.036	0.5	go_success	0.126
51.941	0.5	go_success	0.471
53.762	0.5	stop_success	NA
55.499	0.5	go_error	0.13
57.136	0.5	go_error	NA
58.774	0.5	stop_success	NA
60.494	0.5	go_error	0.584
62.399	0.5	go_error	1.352
64.036	0.5	go_error	NA
65.974	0.5	go_error	0.549
67.695	0.5	go_error	NA
69.299	0.5	go_success	1.354
71.203	0.5	go_error	NA
72.857	0.5	go_error	1.347
74.879	0.5	go_error	NA
76.783	0.5	go_error	NA
78.571	0.5	go_error	NA
80.308	0.5	go_error	NA
82.112	0.5	go_error	NA
83.716	0.5	stop_error	0.085
85.504	0.5	go_error	NA
87.291	0.5	go_error	NA
88.979	0.5	go_success	1.095
90.833	0.5	go_error	NA
92.788	0.5	stop_success	NA
94.726	0.5	go_success	0.093
96.63	0.5	stop_success	NA
98.552	0.5	stop_success	NA
100.172	0.5	go_error	NA
101.91	0.5	go_error	1.15
103.881	0.5	go_error	1.239
105.685	0.5	go_error	1.244
107.523	0.5	go_error	1.033
109.461	0.5	go_error	1.075
111.248	0.5	go_error	0.887
112.886	0.5	go_error	NA
114.773	0.5	go_error	NA
116.578	0.5	stop_success	NA
118.299	0.5	go_error	NA
120.27	0.5	go_success	0.055
122.174	0.5	go_error	1.486
123.812	0.5	go_error	NA
125.583	0.5	stop_success	NA
127.203	0.5	go_error	NA
129.041	0.5	go_error	1.183
130.912	0.5	go_error	NA
132.516	0.5	go_error	NA
134.32	0.5	go_success	0.346
136.191	0.5	stop_success	NA
137.795	0.5	go_error	NA
139.783	0.5	go_error	NA
141.504	0.5	go_error	0.926
143.509	0.5	stop_success	NA
145.279	0.5	go_error	NA
147.034	0.5	go_error	1.156
148.988	0.5	stop_success	NA
150.759	0.5	go_error	NA
152.446	0.5	go_error	0.922
154.384	0.5	go_error	NA
156.272	0.5	stop_success	NA
158.026	0.5	go_error	0.793
159.847	0.5	stop_success	NA
161.602	0.5	go_error	0.96
163.272	0.5	stop_success	NA
165.093	0.5	go_error	NA
166.714	0.5	go_error	-0.011
168.585	0.5	stop_success	NA
170.289	0.5	go_error	1.001
172.177	0.5	stop_success	NA
173.831	0.5	go_error	1.198
175.535	0.5	go_error	1.333
177.523	0.5	go_error	0.858
179.327	0.5	stop_success	NA
181.048	0.5	go_error	0.846
182.785	0.5	go_error	NA
184.673	0.5	go_error	0.773
186.511	0.5	stop_success	NA
188.399	0.5	go_error	NA
190.103	0.5	go_error	0.087
191.907	0.5	stop_success	NA
193.695	0.5	go_error	0.998
195.516	0.5	go_error	NA
197.27	0.5	stop_error	0.854
199.041	0.5	go_error	NA
200.928	0.5	go_error	0.755
202.917	0.5	stop_success	NA
204.788	0.5	go_error	NA
206.458	0.5	stop_success	NA
208.263	0.5	go_error	0.775
210.234	0.5	go_error	1.467
212.022	0.5	go_error	NA
213.759	0.5	go_error	1.133
215.563	0.5	go_error	1.298
217.368	0.5	go_error	NA
218.971	0.5	stop_success	NA
220.742	0.5	stop_success	NA
222.363	0.5	go_error	NA
224.317	0.5	go_error	0.351
226.038	0.5	go_error	1.126
228.026	0.5	go_error	NA
229.914	0.5	stop_success	NA
231.535	0.5	go_error	NA
233.456	0.5	go_error	0.934
235.36	0.5	go_error	NA
237.081	0.5	stop_success	NA
239.036	0.5	go_error	NA
240.723	0.5	go_error	1.018
242.728	0.5	go_error	NA
244.532	0.5	stop_success	NA
246.286	0.5	go_error	NA
248.141	0.5	stop_error	0.904
249.828	0.5	go_error	NA
