onset	duration	trial_type	response_time
0	0.5	go_success	0.651
1.721	0.5	go_success	0.253
3.392	0.5	stop_success	NA
5.296	0.5	go_success	0.356
6.967	0.5	go_success	0.271
8.771	0.5	go_success	0.362
10.525	0.5	stop_success	NA
12.279	0.5	go_success	0.341
14.151	0.5	go_success	0.365
15.938	0.5	go_success	0.288
17.692	0.5	go_success	0.369
19.38	0.5	stop_success	NA
21.134	0.5	stop_success	NA
23.105	0.5	go_success	0.324
24.893	0.5	go_success	0.431
26.697	0.5	go_success	0.356
28.518	0.5	go_success	0.361
30.389	0.5	go_success	0.316
32.16	0.5	stop_success	NA
33.964	0.5	go_success	0.307
35.651	0.5	go_success	0.289
37.322	0.5	go_success	0.385
39.076	0.5	go_success	0.241
40.864	0.5	go_success	0.274
42.768	0.5	stop_success	NA
44.723	0.5	stop_success	NA
46.644	0.5	go_success	0.343
48.415	0.5	go_success	0.24
50.035	0.5	go_success	0.365
51.956	0.5	go_success	0.219
53.777	0.5	stop_success	NA
55.515	0.5	go_success	0.339
57.152	0.5	go_success	0.325
58.806	0.5	stop_success	NA
60.477	0.5	go_success	0.259
62.381	0.5	go_success	0.347
64.018	0.5	go_success	0.327
66.023	0.5	go_success	0.383
67.694	0.5	go_success	0.341
69.331	0.5	go_success	0.276
71.202	0.5	go_success	0.319
72.856	0.5	go_success	0.243
74.844	0.5	go_error	0.231
76.815	0.5	go_success	0.308
78.603	0.5	go_success	0.268
80.323	0.5	go_success	0.38
82.128	0.5	go_success	0.326
83.748	0.5	stop_success	NA
85.469	0.5	go_success	0.368
87.29	0.5	go_success	0.29
88.977	0.5	go_success	0.302
90.848	0.5	go_success	0.297
92.819	0.5	stop_success	NA
94.724	0.5	go_success	0.284
96.628	0.5	stop_error	0.318
98.55	0.5	stop_success	NA
100.153	0.5	go_success	0.513
101.908	0.5	go_success	0.295
103.846	0.5	go_success	0.338
105.683	0.5	go_success	0.323
107.504	0.5	go_success	0.313
109.442	0.5	go_success	0.308
111.23	0.5	go_success	0.263
112.833	0.5	go_success	0.37
114.755	0.5	go_success	0.385
116.609	0.5	stop_success	NA
118.313	0.5	go_success	0.279
120.284	0.5	go_success	0.302
122.172	0.5	go_success	0.362
123.809	0.5	go_success	0.374
125.563	0.5	stop_success	NA
127.184	0.5	go_success	0.332
129.038	0.5	go_success	0.276
130.943	0.5	go_success	0.238
132.563	0.5	go_success	0.322
134.334	0.5	go_success	0.269
136.188	0.5	stop_success	NA
137.792	0.5	go_success	0.294
139.78	0.5	go_success	0.415
141.501	0.5	go_success	0.296
143.506	0.5	stop_success	NA
145.277	0.5	go_success	0.412
147.047	0.5	go_success	0.308
148.985	0.5	stop_success	NA
150.756	0.5	go_success	0.326
152.444	0.5	go_success	0.514
154.348	0.5	go_success	0.308
156.303	0.5	stop_success	NA
158.04	0.5	go_success	0.397
159.844	0.5	stop_success	NA
161.598	0.5	go_success	0.324
163.252	0.5	stop_success	NA
165.073	0.5	go_success	0.286
166.694	0.5	go_success	0.459
168.531	0.5	stop_success	NA
170.302	0.5	go_success	0.321
172.19	0.5	stop_success	NA
173.827	0.5	go_success	0.248
175.531	0.5	go_success	0.378
177.519	0.5	go_success	0.293
179.29	0.5	stop_success	NA
181.028	0.5	go_success	0.307
182.748	0.5	go_success	0.381
184.703	0.5	go_success	0.25
186.49	0.5	stop_success	NA
188.395	0.5	go_success	0.346
190.132	0.5	go_success	0.392
191.853	0.5	stop_success	NA
193.657	0.5	go_success	0.332
195.512	0.5	go_success	0.387
197.299	0.5	stop_success	NA
199.003	0.5	go_success	0.397
200.941	0.5	go_success	0.548
202.913	0.5	stop_success	NA
204.767	0.5	go_success	0.406
206.454	0.5	stop_success	NA
208.242	0.5	go_success	0.239
210.247	0.5	go_success	0.277
212.034	0.5	go_success	0.369
213.788	0.5	go_success	0.224
215.542	0.5	go_success	0.295
217.347	0.5	go_success	0.275
218.95	0.5	stop_success	NA
220.705	0.5	stop_success	NA
222.342	0.5	go_success	0.269
224.346	0.5	go_success	0.256
226.034	0.5	go_success	0.384
228.005	0.5	go_success	0.328
229.943	0.5	stop_success	NA
231.513	0.5	go_success	0.311
233.435	0.5	go_success	0.314
235.372	0.5	go_success	0.379
237.11	0.5	stop_error	0.376
239.064	0.5	go_success	0.361
240.752	0.5	go_success	0.294
242.723	0.5	go_success	0.263
244.527	0.5	stop_success	NA
246.265	0.5	go_success	0.386
248.119	0.5	stop_success	NA
249.823	0.5	go_success	0.35
