onset	duration	trial_type	response_time
0	0.5	go_success	0.94
1.739	0.5	go_success	0.544
3.395	0.5	stop_success	NA
5.301	0.5	go_success	0.602
6.973	0.5	go_success	0.617
8.779	0.5	go_success	0.583
10.551	0.5	stop_success	NA
12.29	0.5	go_success	0.627
14.163	0.5	go_success	0.634
15.952	0.5	go_success	0.468
17.708	0.5	go_success	0.44
19.396	0.5	stop_success	NA
21.152	0.5	stop_success	NA
23.108	0.5	go_success	0.657
24.914	0.5	go_success	0.472
26.704	0.5	go_success	0.478
28.543	0.5	go_success	0.599
30.399	0.5	go_success	0.448
32.171	0.5	stop_success	NA
33.977	0.5	go_success	0.437
35.666	0.5	go_success	0.543
37.338	0.5	go_success	0.438
39.077	0.5	go_success	0.391
40.883	0.5	go_success	0.379
42.772	0.5	stop_success	NA
44.729	0.5	stop_success	NA
46.668	0.5	go_success	0.408
48.424	0.5	go_success	0.403
50.063	0.5	go_success	0.519
51.985	0.5	go_success	0.556
53.808	0.5	stop_success	NA
55.513	0.5	go_success	0.624
57.152	0.5	go_success	0.582
58.824	0.5	stop_success	NA
60.496	0.5	go_success	0.571
62.386	0.5	go_success	0.367
64.024	0.5	go_success	0.573
66.014	0.5	go_success	0.416
67.72	0.5	go_success	0.479
69.342	0.5	go_success	0.59
71.214	0.5	go_success	0.516
72.87	0.5	go_success	0.552
74.86	0.5	go_success	0.462
76.833	0.5	go_success	0.488
78.605	0.5	go_success	0.474
80.344	0.5	go_success	0.489
82.15	0.5	go_success	0.393
83.755	0.5	stop_success	NA
85.477	0.5	go_success	0.548
87.3	0.5	go_success	0.628
88.972	0.5	go_success	0.436
90.861	0.5	go_success	0.407
92.834	0.5	stop_success	NA
94.741	0.5	go_success	0.407
96.647	0.5	stop_success	NA
98.553	0.5	stop_success	NA
100.175	0.5	go_success	0.419
101.914	0.5	go_success	0.496
103.853	0.5	go_success	0.55
105.693	0.5	go_success	0.423
107.532	0.5	go_success	0.429
109.455	0.5	go_success	0.378
111.227	0.5	go_success	0.691
112.849	0.5	go_success	0.442
114.755	0.5	go_success	0.444
116.628	0.5	stop_success	NA
118.317	0.5	go_success	0.577
120.307	0.5	go_success	0.492
122.18	0.5	go_success	0.471
123.818	0.5	go_success	0.423
125.591	0.5	stop_success	NA
127.196	0.5	go_success	0.549
129.052	0.5	go_success	0.496
130.958	0.5	go_success	0.444
132.58	0.5	go_success	0.413
134.336	0.5	go_success	0.518
136.192	0.5	stop_success	NA
137.813	0.5	go_success	0.572
139.787	0.5	go_success	0.405
141.509	0.5	go_success	0.613
143.499	0.5	stop_success	NA
145.288	0.5	go_success	0.54
147.06	0.5	go_success	0.419
149	0.5	stop_success	NA
150.755	0.5	go_success	0.454
152.444	0.5	go_success	0.556
154.367	0.5	go_success	0.495
156.323	0.5	stop_success	NA
158.029	0.5	go_success	0.454
159.868	0.5	stop_success	NA
161.607	0.5	go_success	0.495
163.263	0.5	stop_success	NA
165.102	0.5	go_success	0.411
166.707	0.5	go_success	0.464
168.546	0.5	stop_success	NA
170.319	0.5	go_success	0.508
172.208	0.5	stop_success	NA
173.847	0.5	go_success	0.39
175.536	0.5	go_success	0.657
177.542	0.5	go_success	0.337
179.298	0.5	stop_success	NA
181.037	0.5	go_success	0.377
182.759	0.5	go_success	0.435
184.715	0.5	go_success	0.44
186.505	0.5	stop_success	NA
188.394	0.5	go_success	0.498
190.133	0.5	go_success	0.447
191.855	0.5	stop_success	NA
193.678	0.5	go_success	0.431
195.534	0.5	go_success	0.514
197.29	0.5	stop_success	NA
199.012	0.5	go_success	0.51
200.951	0.5	go_success	0.561
202.908	0.5	stop_success	NA
204.78	0.5	go_success	0.463
206.453	0.5	stop_success	NA
208.258	0.5	go_success	0.368
210.265	0.5	go_success	0.398
212.054	0.5	go_success	0.444
213.81	0.5	go_success	0.483
215.549	0.5	go_success	0.477
217.371	0.5	go_success	0.506
218.976	0.5	stop_success	NA
220.715	0.5	stop_success	NA
222.354	0.5	go_success	0.515
224.344	0.5	go_success	0.437
226.033	0.5	go_success	0.496
228.006	0.5	go_success	0.467
229.945	0.5	stop_success	NA
231.518	0.5	go_success	0.503
233.457	0.5	go_success	0.529
235.38	0.5	go_success	0.443
237.119	0.5	stop_success	NA
239.042	0.5	go_success	0.505
240.764	0.5	go_success	0.566
242.737	0.5	go_success	0.317
244.543	0.5	stop_success	NA
246.282	0.5	go_success	0.452
248.138	0.5	stop_success	NA
249.843	0.5	go_success	0.523
