onset	duration	trial_type	response_time
0	0.5	go_success	0.799
1.737	0.5	go_error	0.648
3.391	0.5	stop_error	1.249
5.296	0.5	go_error	0.804
6.967	0.5	go_error	1.674
8.771	0.5	go_error	NA
10.542	0.5	stop_error	0.062
12.279	0.5	go_success	0.626
14.167	0.5	go_success	0.265
15.938	0.5	go_success	0.259
17.709	0.5	go_success	0.323
19.379	0.5	stop_success	NA
21.134	0.5	stop_success	NA
23.105	0.5	go_success	0.336
24.909	0.5	go_success	0.364
26.714	0.5	go_success	0.324
28.535	0.5	go_success	0.505
30.422	0.5	go_success	0.481
32.16	0.5	stop_success	NA
33.981	0.5	go_success	0.638
35.685	0.5	go_success	0.391
37.289	0.5	go_success	0.286
39.076	0.5	go_success	0.356
40.864	0.5	go_success	0.412
42.752	0.5	stop_success	NA
44.707	0.5	stop_success	NA
46.661	0.5	go_success	0.369
48.432	0.5	go_success	0.299
50.069	0.5	go_success	0.377
51.94	0.5	go_success	0.299
53.761	0.5	stop_success	NA
55.499	0.5	go_success	0.422
57.136	0.5	go_success	0.433
58.79	0.5	stop_success	NA
60.494	0.5	go_success	0.357
62.398	0.5	go_success	0.379
64.036	0.5	go_success	0.517
66.007	0.5	go_success	0.398
67.711	0.5	go_success	0.362
69.315	0.5	go_success	0.312
71.203	0.5	go_success	0.377
72.89	0.5	go_error	0.369
74.878	0.5	go_success	0.524
76.816	0.5	go_success	0.51
78.604	0.5	go_success	0.469
80.325	0.5	go_success	0.491
82.129	0.5	go_success	0.453
83.749	0.5	stop_success	NA
85.47	0.5	go_success	0.545
87.324	0.5	go_success	0.513
88.995	0.5	go_success	0.35
90.833	0.5	go_success	0.365
92.804	0.5	stop_success	NA
94.725	0.5	go_success	0.4
96.63	0.5	stop_success	NA
98.535	0.5	stop_success	NA
100.172	0.5	go_success	0.504
101.926	0.5	go_success	0.393
103.881	0.5	go_success	0.296
105.685	0.5	go_success	0.349
107.523	0.5	go_success	0.331
109.461	0.5	go_success	0.317
111.248	0.5	go_success	0.327
112.885	0.5	go_success	0.577
114.79	0.5	go_success	0.461
116.611	0.5	stop_success	NA
118.298	0.5	go_success	0.335
120.303	0.5	go_success	0.342
122.191	0.5	go_success	0.438
123.828	0.5	go_success	0.447
125.616	0.5	stop_success	NA
127.186	0.5	go_success	0.549
129.057	0.5	go_success	0.483
130.912	0.5	go_success	0.297
132.549	0.5	go_success	0.387
134.336	0.5	go_success	0.439
136.191	0.5	stop_success	NA
137.778	0.5	go_success	0.498
139.816	0.5	go_success	0.452
141.537	0.5	go_success	0.361
143.508	0.5	stop_success	NA
145.262	0.5	go_success	0.457
147.05	0.5	go_success	0.31
148.988	0.5	stop_success	NA
150.759	0.5	go_success	0.424
152.463	0.5	go_success	0.306
154.384	0.5	go_success	0.382
156.289	0.5	stop_success	NA
158.01	0.5	go_success	0.43
159.847	0.5	stop_success	NA
161.601	0.5	go_success	0.501
163.255	0.5	stop_success	NA
165.093	0.5	go_success	0.344
166.73	0.5	go_success	0.523
168.568	0.5	stop_success	NA
170.272	0.5	go_success	0.583
172.177	0.5	stop_success	NA
173.83	0.5	go_success	0.349
175.534	0.5	go_success	0.451
177.506	0.5	go_success	0.377
179.327	0.5	stop_success	NA
181.048	0.5	go_success	0.346
182.768	0.5	go_success	0.522
184.69	0.5	go_success	0.334
186.511	0.5	stop_success	NA
188.398	0.5	go_success	0.448
190.119	0.5	go_success	0.473
191.89	0.5	stop_success	NA
193.678	0.5	go_success	0.362
195.499	0.5	go_success	0.369
197.286	0.5	stop_success	NA
198.99	0.5	go_success	0.444
200.945	0.5	go_success	0.427
202.916	0.5	stop_success	NA
204.787	0.5	go_success	0.541
206.475	0.5	stop_success	NA
208.262	0.5	go_success	0.405
210.217	0.5	go_success	0.404
212.021	0.5	go_success	0.45
213.776	0.5	go_success	0.52
215.546	0.5	go_success	0.527
217.351	0.5	go_success	0.417
218.988	0.5	stop_success	NA
220.725	0.5	stop_success	NA
222.346	0.5	go_success	0.542
224.334	0.5	go_success	0.417
226.038	0.5	go_success	0.412
228.009	0.5	go_success	0.374
229.931	0.5	stop_success	NA
231.534	0.5	go_success	0.563
233.472	0.5	go_success	0.38
235.344	0.5	go_success	0.375
237.098	0.5	stop_success	NA
239.019	0.5	go_success	0.414
240.756	0.5	go_success	0.387
242.728	0.5	go_success	0.314
244.549	0.5	stop_success	NA
246.286	0.5	go_success	0.411
248.157	0.5	stop_success	NA
249.811	0.5	go_success	0.445
