onset	duration	trial_type	response_time
0	0.5	go_error	NA
1.733	0.5	go_success	0.645
3.386	0.5	stop_success	NA
5.293	0.5	go_success	0.652
6.973	0.5	go_error	NA
8.773	0.5	go_error	NA
10.532	0.5	stop_success	NA
12.279	0.5	go_error	NA
14.159	0.5	go_success	0.428
15.932	0.5	go_error	NA
17.692	0.5	go_error	0.592
19.385	0.5	stop_success	NA
21.132	0.5	stop_success	NA
23.105	0.5	go_error	NA
24.892	0.5	go_success	0.455
26.705	0.5	go_error	NA
28.532	0.5	go_error	NA
30.385	0.5	go_error	0.428
32.118	0.5	stop_success	NA
33.958	0.5	go_error	NA
35.638	0.5	go_error	0.412
37.278	0.5	go_error	NA
39.024	0.5	go_error	0.25
40.824	0.5	go_error	NA
42.718	0.5	stop_success	NA
44.704	0.5	stop_success	NA
46.651	0.5	go_success	0.305
48.411	0.5	go_error	NA
50.037	0.5	go_success	0.414
51.904	0.5	go_error	NA
53.73	0.5	stop_success	NA
55.49	0.5	go_error	NA
57.104	0.5	go_error	NA
58.757	0.5	stop_success	NA
60.49	0.5	go_error	0.378
62.37	0.5	go_error	NA
64.01	0.5	go_error	NA
65.97	0.5	go_error	NA
67.663	0.5	go_success	0.709
69.276	0.5	go_error	NA
71.156	0.5	go_error	NA
72.849	0.5	go_success	0.646
74.836	0.5	go_success	0.597
76.769	0.5	go_error	NA
78.556	0.5	go_error	0.285
80.289	0.5	go_error	0.573
82.089	0.5	go_error	0.609
83.703	0.5	stop_success	NA
85.462	0.5	go_error	0.441
87.275	0.5	go_error	NA
88.955	0.5	go_error	0.323
90.795	0.5	go_error	NA
92.769	0.5	stop_success	NA
94.715	0.5	go_error	0.249
96.595	0.5	stop_success	NA
98.515	0.5	stop_success	NA
100.155	0.5	go_success	0.525
101.901	0.5	go_error	NA
103.835	0.5	go_success	0.585
105.648	0.5	go_error	NA
107.475	0.5	go_success	0.587
109.408	0.5	go_error	NA
111.181	0.5	go_success	0.307
112.821	0.5	go_success	0.665
114.741	0.5	go_success	0.451
116.567	0.5	stop_success	NA
118.287	0.5	go_error	NA
120.247	0.5	go_success	0.292
122.127	0.5	go_success	0.683
123.767	0.5	go_success	0.852
125.554	0.5	stop_success	NA
127.18	0.5	go_success	0.521
129.02	0.5	go_error	NA
130.887	0.5	go_success	0.401
132.513	0.5	go_success	0.463
134.287	0.5	go_error	NA
136.14	0.5	stop_success	NA
137.78	0.5	go_error	NA
139.766	0.5	go_error	NA
141.486	0.5	go_success	0.528
143.486	0.5	stop_success	NA
145.259	0.5	go_success	0.606
147.006	0.5	go_error	NA
148.939	0.5	stop_success	NA
150.739	0.5	go_error	NA
152.419	0.5	go_success	0.511
154.339	0.5	go_success	0.484
156.259	0.5	stop_success	NA
158.005	0.5	go_success	0.516
159.805	0.5	stop_success	NA
161.579	0.5	go_success	0.495
163.205	0.5	stop_success	NA
165.085	0.5	go_error	NA
166.685	0.5	go_error	NA
168.525	0.5	stop_success	NA
170.272	0.5	go_error	NA
172.138	0.5	stop_success	NA
173.818	0.5	go_error	0.492
175.485	0.5	go_error	NA
177.471	0.5	go_success	0.452
179.284	0.5	stop_success	NA
181.018	0.5	go_error	NA
182.738	0.5	go_error	NA
184.658	0.5	go_success	0.431
186.444	0.5	stop_success	NA
188.377	0.5	go_error	NA
190.084	0.5	go_error	NA
191.844	0.5	stop_success	NA
193.657	0.5	go_error	0.509
195.47	0.5	go_error	NA
197.257	0.5	stop_success	NA
198.99	0.5	go_error	NA
200.897	0.5	go_success	0.358
202.857	0.5	stop_success	NA
204.763	0.5	go_success	0.526
206.43	0.5	stop_success	NA
208.243	0.5	go_error	NA
210.19	0.5	go_error	0.362
211.976	0.5	go_success	0.696
213.749	0.5	go_error	NA
215.483	0.5	go_error	0.398
217.309	0.5	go_success	0.802
218.936	0.5	stop_success	NA
220.709	0.5	stop_success	NA
222.349	0.5	go_error	0.56
224.296	0.5	go_error	0.746
225.976	0.5	go_error	NA
227.962	0.5	go_success	0.346
229.895	0.5	stop_success	NA
231.509	0.5	go_error	NA
233.429	0.5	go_error	0.375
235.308	0.5	go_error	0.482
237.068	0.5	stop_success	NA
239.015	0.5	go_success	0.553
240.708	0.5	go_error	NA
242.681	0.5	go_error	0.343
244.508	0.5	stop_success	NA
246.268	0.5	go_error	0.404
248.108	0.5	stop_success	NA
249.801	0.5	go_success	0.598
