onset	duration	trial_type	response_time
0	0.5	go_error	NA
1.737	0.5	go_success	0.674
3.391	0.5	stop_success	NA
5.296	0.5	go_success	0.489
6.966	0.5	go_success	0.36
8.771	0.5	go_success	0.448
10.525	0.5	stop_success	NA
12.279	0.5	go_success	0.477
14.15	0.5	go_success	0.415
15.937	0.5	go_success	0.442
17.692	0.5	go_success	0.432
19.379	0.5	stop_success	NA
21.133	0.5	stop_success	NA
23.104	0.5	go_success	0.395
24.892	0.5	go_success	0.438
26.696	0.5	go_success	0.426
28.518	0.5	go_success	0.422
30.388	0.5	go_success	0.361
32.159	0.5	stop_success	NA
33.963	0.5	go_success	0.524
35.651	0.5	go_success	0.368
37.321	0.5	go_success	0.4
39.059	0.5	go_success	0.406
40.863	0.5	go_success	0.397
42.767	0.5	stop_success	NA
44.722	0.5	stop_success	NA
46.643	0.5	go_success	0.345
48.414	0.5	go_success	0.324
50.034	0.5	go_success	0.558
51.956	0.5	go_success	0.39
53.777	0.5	stop_success	NA
55.514	0.5	go_success	0.613
57.151	0.5	go_success	0.304
58.805	0.5	stop_success	NA
60.492	0.5	go_success	0.321
62.363	0.5	go_success	0.347
64.017	0.5	go_success	0.337
66.005	0.5	go_success	0.331
67.693	0.5	go_success	0.387
69.33	0.5	go_success	0.376
71.201	0.5	go_success	0.275
72.855	0.5	go_error	0.302
74.843	0.5	go_success	0.38
76.814	0.5	go_success	0.384
78.602	0.5	go_success	0.35
80.322	0.5	go_success	0.287
82.127	0.5	go_success	0.379
83.747	0.5	stop_success	NA
85.468	0.5	go_success	0.509
87.289	0.5	go_success	0.323
88.959	0.5	go_success	0.411
90.847	0.5	go_success	0.401
92.802	0.5	stop_success	NA
94.723	0.5	go_success	0.403
96.628	0.5	stop_success	NA
98.532	0.5	stop_success	NA
100.152	0.5	go_success	0.344
101.907	0.5	go_success	0.451
103.845	0.5	go_success	0.376
105.682	0.5	go_success	0.312
107.52	0.5	go_success	0.324
109.441	0.5	go_success	0.344
111.229	0.5	go_success	0.389
112.832	0.5	go_success	0.325
114.754	0.5	go_success	0.349
116.608	0.5	stop_success	NA
118.295	0.5	go_success	0.43
120.3	0.5	go_success	0.394
122.171	0.5	go_success	0.383
123.808	0.5	go_success	0.305
125.562	0.5	stop_success	NA
127.183	0.5	go_success	0.43
129.02	0.5	go_success	0.374
130.942	0.5	go_success	0.387
132.562	0.5	go_success	0.381
134.333	0.5	go_success	0.424
136.171	0.5	stop_success	NA
137.791	0.5	go_success	0.631
139.779	0.5	go_success	0.485
141.5	0.5	go_success	0.417
143.488	0.5	stop_success	NA
145.275	0.5	go_success	0.493
147.046	0.5	go_success	0.289
148.984	0.5	stop_success	NA
150.755	0.5	go_success	0.422
152.426	0.5	go_success	0.315
154.347	0.5	go_success	0.451
156.301	0.5	stop_success	NA
158.022	0.5	go_success	0.365
159.86	0.5	stop_success	NA
161.597	0.5	go_success	0.436
163.251	0.5	stop_success	NA
165.089	0.5	go_success	0.35
166.693	0.5	go_success	0.424
168.53	0.5	stop_success	NA
170.301	0.5	go_success	0.407
172.189	0.5	stop_success	NA
173.826	0.5	go_success	0.362
175.53	0.5	go_success	0.57
177.518	0.5	go_success	0.403
179.289	0.5	stop_success	NA
181.026	0.5	go_success	0.403
182.747	0.5	go_success	0.373
184.702	0.5	go_success	0.381
186.489	0.5	stop_success	NA
188.394	0.5	go_success	0.416
190.131	0.5	go_success	0.333
191.852	0.5	stop_success	NA
193.656	0.5	go_success	0.38
195.51	0.5	go_success	0.394
197.281	0.5	stop_success	NA
199.002	0.5	go_success	0.345
200.94	0.5	go_success	0.387
202.911	0.5	stop_success	NA
204.766	0.5	go_success	0.414
206.453	0.5	stop_success	NA
208.24	0.5	go_success	0.372
210.245	0.5	go_success	0.385
212.033	0.5	go_success	0.4
213.787	0.5	go_success	0.347
215.541	0.5	go_success	0.375
217.362	0.5	go_success	0.316
218.949	0.5	stop_success	NA
220.703	0.5	stop_success	NA
222.34	0.5	go_success	0.513
224.345	0.5	go_success	0.38
226.032	0.5	go_success	0.453
228.004	0.5	go_success	0.374
229.942	0.5	stop_success	NA
231.512	0.5	go_success	0.439
233.433	0.5	go_success	0.341
235.371	0.5	go_success	0.488
237.108	0.5	stop_success	NA
239.03	0.5	go_success	0.397
240.75	0.5	go_success	0.439
242.722	0.5	go_success	0.574
244.526	0.5	stop_success	NA
246.263	0.5	go_success	0.391
248.118	0.5	stop_success	NA
249.822	0.5	go_success	0.416
