onset	duration	trial_type	response_time
0	0.5	go_success	0.724
1.737	0.5	go_success	0.442
3.391	0.5	stop_success	NA
5.296	0.5	go_success	0.352
6.966	0.5	go_success	0.354
8.771	0.5	go_success	0.431
10.542	0.5	stop_success	NA
12.279	0.5	go_success	0.366
14.15	0.5	go_success	0.264
15.938	0.5	go_success	0.323
17.692	0.5	go_success	0.326
19.379	0.5	stop_success	NA
21.134	0.5	stop_success	NA
23.105	0.5	go_success	0.325
24.892	0.5	go_success	0.355
26.696	0.5	go_success	0.367
28.534	0.5	go_success	0.409
30.388	0.5	go_success	0.323
32.226	0.5	stop_success	NA
33.997	0.5	go_success	0.291
35.684	0.5	go_success	0.34
37.321	0.5	go_success	0.294
39.076	0.5	go_success	0.32
40.863	0.5	go_success	0.385
42.768	0.5	stop_success	NA
44.722	0.5	stop_success	NA
46.66	0.5	go_success	0.322
48.414	0.5	go_success	0.331
50.035	0.5	go_success	0.33
51.956	0.5	go_success	0.271
53.777	0.5	stop_success	NA
55.514	0.5	go_success	0.399
57.151	0.5	go_success	0.372
58.805	0.5	stop_success	NA
60.493	0.5	go_success	0.302
62.38	0.5	go_success	0.369
64.018	0.5	go_success	0.415
66.022	0.5	go_success	0.376
67.693	0.5	go_success	0.49
69.33	0.5	go_success	0.295
71.201	0.5	go_success	0.349
72.855	0.5	go_success	0.428
74.843	0.5	go_success	0.434
76.815	0.5	go_success	0.4
78.602	0.5	go_success	0.39
80.323	0.5	go_success	0.422
82.127	0.5	go_success	0.386
83.764	0.5	stop_success	NA
85.468	0.5	go_success	0.374
87.289	0.5	go_success	0.283
88.976	0.5	go_success	0.451
90.848	0.5	go_success	0.388
92.802	0.5	stop_success	NA
94.723	0.5	go_success	0.318
96.645	0.5	stop_success	NA
98.532	0.5	stop_success	NA
100.153	0.5	go_success	0.305
101.907	0.5	go_success	0.315
103.845	0.5	go_success	0.333
105.699	0.5	go_success	0.3
107.52	0.5	go_success	0.308
109.458	0.5	go_success	0.259
111.229	0.5	go_success	0.273
112.833	0.5	go_success	0.406
114.754	0.5	go_success	0.366
116.625	0.5	stop_success	NA
118.312	0.5	go_success	0.284
120.284	0.5	go_success	0.319
122.171	0.5	go_success	0.373
123.809	0.5	go_success	0.375
125.563	0.5	stop_success	NA
127.183	0.5	go_success	0.374
129.038	0.5	go_success	0.325
130.942	0.5	go_success	0.335
132.563	0.5	go_success	0.39
134.333	0.5	go_success	0.375
136.188	0.5	stop_success	NA
137.792	0.5	go_success	0.321
139.78	0.5	go_success	0.354
141.5	0.5	go_success	0.267
143.505	0.5	stop_success	NA
145.293	0.5	go_success	0.33
147.047	0.5	go_success	0.306
148.985	0.5	stop_success	NA
150.755	0.5	go_success	0.364
152.443	0.5	go_success	0.321
154.347	0.5	go_success	0.501
156.302	0.5	stop_success	NA
158.023	0.5	go_success	0.306
159.844	0.5	stop_success	NA
161.598	0.5	go_success	0.358
163.268	0.5	stop_success	NA
165.089	0.5	go_success	0.364
166.693	0.5	go_success	0.33
168.531	0.5	stop_success	NA
170.302	0.5	go_success	0.329
172.173	0.5	stop_success	NA
173.843	0.5	go_success	0.357
175.531	0.5	go_success	0.431
177.519	0.5	go_success	0.373
179.289	0.5	stop_success	NA
181.027	0.5	go_success	0.299
182.748	0.5	go_success	0.42
184.719	0.5	go_success	0.375
186.49	0.5	stop_success	NA
188.394	0.5	go_success	0.287
190.132	0.5	go_success	0.368
191.852	0.5	stop_success	NA
193.657	0.5	go_success	0.323
195.528	0.5	go_success	0.381
197.299	0.5	stop_success	NA
199.003	0.5	go_success	0.324
200.94	0.5	go_success	0.591
202.912	0.5	stop_success	NA
204.766	0.5	go_success	0.353
206.453	0.5	stop_success	NA
208.241	0.5	go_success	0.27
210.246	0.5	go_success	0.437
212.017	0.5	go_success	0.386
213.787	0.5	go_success	0.386
215.542	0.5	go_success	0.338
217.363	0.5	go_success	0.387
218.95	0.5	stop_success	NA
220.704	0.5	stop_success	NA
222.341	0.5	go_success	0.298
224.346	0.5	go_success	0.39
226.016	0.5	go_success	0.394
228.004	0.5	go_success	0.376
229.942	0.5	stop_success	NA
231.513	0.5	go_success	0.367
233.434	0.5	go_success	0.354
235.355	0.5	go_success	0.341
237.109	0.5	stop_success	NA
239.03	0.5	go_success	0.41
240.751	0.5	go_success	0.325
242.739	0.5	go_success	0.307
244.527	0.5	stop_success	NA
246.264	0.5	go_success	0.409
248.118	0.5	stop_success	NA
249.822	0.5	go_success	0.349
