onset	duration	trial_type	response_time
0	0.5	go_success	0.678
1.737	0.5	go_success	0.473
3.391	0.5	stop_success	NA
5.296	0.5	go_success	0.512
6.966	0.5	go_success	0.402
8.771	0.5	go_success	0.432
10.541	0.5	stop_success	NA
12.279	0.5	go_success	0.369
14.167	0.5	go_success	0.408
15.938	0.5	go_success	0.424
17.708	0.5	go_success	0.359
19.379	0.5	stop_success	NA
21.133	0.5	stop_success	NA
23.104	0.5	go_success	0.493
24.909	0.5	go_success	0.416
26.696	0.5	go_success	0.441
28.534	0.5	go_success	0.468
30.388	0.5	go_success	0.461
32.159	0.5	stop_success	NA
33.963	0.5	go_success	0.361
35.651	0.5	go_success	0.334
37.321	0.5	go_success	0.289
39.075	0.5	go_success	0.263
40.88	0.5	go_success	0.39
42.784	0.5	stop_success	NA
44.739	0.5	stop_success	NA
46.66	0.5	go_success	0.445
48.431	0.5	go_success	0.346
50.035	0.5	go_success	0.278
51.956	0.5	go_success	0.298
53.81	0.5	stop_success	NA
55.514	0.5	go_success	0.41
57.151	0.5	go_success	0.384
58.805	0.5	stop_success	NA
60.493	0.5	go_success	0.35
62.38	0.5	go_success	0.344
64.018	0.5	go_success	0.421
66.022	0.5	go_success	0.321
67.71	0.5	go_success	0.477
69.33	0.5	go_success	0.443
71.201	0.5	go_success	0.345
72.889	0.5	go_success	0.434
74.86	0.5	go_success	0.473
76.815	0.5	go_success	0.306
78.602	0.5	go_success	0.306
80.339	0.5	go_success	0.482
82.144	0.5	go_success	0.398
83.748	0.5	stop_success	NA
85.468	0.5	go_success	0.483
87.289	0.5	go_success	0.379
88.977	0.5	go_success	0.331
90.848	0.5	go_success	0.381
92.819	0.5	stop_success	NA
94.74	0.5	go_success	0.312
96.645	0.5	stop_success	NA
98.532	0.5	stop_success	NA
100.17	0.5	go_success	0.415
101.907	0.5	go_success	0.35
103.845	0.5	go_success	0.302
105.699	0.5	go_success	0.373
107.52	0.5	go_success	0.327
109.458	0.5	go_success	0.301
111.229	0.5	go_success	0.365
112.849	0.5	go_success	0.476
114.754	0.5	go_success	0.343
116.608	0.5	stop_success	NA
118.312	0.5	go_success	0.36
120.3	0.5	go_success	0.265
122.171	0.5	go_success	0.448
123.809	0.5	go_success	0.449
125.596	0.5	stop_success	NA
127.183	0.5	go_success	0.463
129.038	0.5	go_success	0.393
130.942	0.5	go_success	0.338
132.563	0.5	go_success	0.45
134.334	0.5	go_success	0.425
136.188	0.5	stop_success	NA
137.792	0.5	go_success	0.512
139.78	0.5	go_success	0.407
141.5	0.5	go_success	0.465
143.522	0.5	stop_success	NA
145.276	0.5	go_success	0.465
147.047	0.5	go_success	0.538
148.985	0.5	stop_success	NA
150.756	0.5	go_success	0.522
152.443	0.5	go_success	0.295
154.347	0.5	go_success	0.541
156.302	0.5	stop_success	NA
158.023	0.5	go_success	0.418
159.86	0.5	stop_success	NA
161.598	0.5	go_success	0.427
163.252	0.5	stop_success	NA
165.089	0.5	go_success	0.427
166.693	0.5	go_success	0.567
168.531	0.5	stop_success	NA
170.302	0.5	go_success	0.401
172.189	0.5	stop_success	NA
173.843	0.5	go_success	0.348
175.531	0.5	go_success	0.485
177.519	0.5	go_success	0.469
179.29	0.5	stop_success	NA
181.027	0.5	go_success	0.384
182.781	0.5	go_success	0.573
184.702	0.5	go_success	0.389
186.49	0.5	stop_success	NA
188.394	0.5	go_success	0.485
190.132	0.5	go_success	0.398
191.853	0.5	stop_success	NA
193.673	0.5	go_success	0.411
195.511	0.5	go_success	0.414
197.299	0.5	stop_success	NA
199.003	0.5	go_success	0.434
200.957	0.5	go_success	0.516
202.912	0.5	stop_success	NA
204.783	0.5	go_success	0.38
206.454	0.5	stop_success	NA
208.241	0.5	go_success	0.352
210.246	0.5	go_success	0.525
212.033	0.5	go_success	0.446
213.804	0.5	go_success	0.443
215.542	0.5	go_success	0.327
217.363	0.5	go_success	0.468
218.95	0.5	stop_success	NA
220.704	0.5	stop_success	NA
222.358	0.5	go_success	0.444
224.346	0.5	go_success	0.423
226.033	0.5	go_success	0.446
228.004	0.5	go_success	0.583
229.942	0.5	stop_success	NA
231.513	0.5	go_success	0.567
233.451	0.5	go_success	0.366
235.372	0.5	go_success	0.567
237.109	0.5	stop_success	NA
239.03	0.5	go_success	0.329
240.751	0.5	go_success	0.376
242.722	0.5	go_success	0.296
244.543	0.5	stop_success	NA
246.264	0.5	go_success	0.303
248.119	0.5	stop_success	NA
249.823	0.5	go_success	0.406
