onset	duration	trial_type	response_time
0	0.5	go_success	1.209
1.721	0.5	go_success	0.521
3.392	0.5	stop_success	NA
5.296	0.5	go_success	0.648
6.967	0.5	go_success	0.41
8.771	0.5	go_success	0.471
10.525	0.5	stop_success	NA
12.28	0.5	go_success	0.509
14.151	0.5	go_success	0.411
15.938	0.5	go_success	0.475
17.692	0.5	go_success	0.491
19.38	0.5	stop_success	NA
21.134	0.5	stop_success	NA
23.105	0.5	go_success	0.411
24.893	0.5	go_success	0.364
26.697	0.5	go_success	0.54
28.518	0.5	go_success	0.504
30.439	0.5	go_success	0.535
32.16	0.5	stop_success	NA
33.981	0.5	go_success	0.333
35.685	0.5	go_success	0.535
37.306	0.5	go_success	0.437
39.077	0.5	go_success	0.482
40.881	0.5	go_success	0.486
42.769	0.5	stop_success	NA
44.723	0.5	stop_success	NA
46.661	0.5	go_success	0.517
48.817	0.5	go_success	0.539
50.07	0.5	go_success	0.502
52.007	0.5	go_success	0.393
53.762	0.5	stop_success	NA
55.499	0.5	go_success	0.486
57.136	0.5	go_success	0.355
58.807	0.5	stop_success	NA
60.494	0.5	go_success	0.522
62.416	0.5	go_success	0.372
64.036	0.5	go_success	0.427
65.991	0.5	go_success	0.326
67.695	0.5	go_success	0.481
69.299	0.5	go_success	0.358
71.186	0.5	go_success	0.39
72.89	0.5	go_error	0.318
74.862	0.5	go_success	0.58
76.8	0.5	go_success	0.466
78.587	0.5	go_success	0.679
80.325	0.5	go_success	0.598
82.129	0.5	go_success	0.593
83.733	0.5	stop_success	NA
85.47	0.5	go_success	0.597
87.291	0.5	go_success	0.438
88.995	0.5	go_success	0.583
90.816	0.5	go_success	0.523
92.805	0.5	stop_success	NA
94.709	0.5	go_success	0.404
96.614	0.5	stop_success	NA
98.535	0.5	stop_success	NA
100.155	0.5	go_success	0.428
101.926	0.5	go_success	0.467
103.881	0.5	go_success	0.396
105.685	0.5	go_success	0.484
107.506	0.5	go_success	0.584
109.444	0.5	go_success	0.654
111.232	0.5	go_success	0.622
112.886	0.5	go_success	0.488
114.807	0.5	go_success	0.588
116.628	0.5	stop_success	NA
118.299	0.5	go_success	0.477
120.287	0.5	go_success	0.497
122.158	0.5	go_success	0.501
123.812	0.5	go_success	0.464
125.616	0.5	stop_success	NA
127.203	0.5	go_success	0.579
129.074	0.5	go_success	0.351
130.912	0.5	go_success	0.523
132.532	0.5	go_success	0.616
134.337	0.5	go_success	0.342
136.191	0.5	stop_success	NA
137.795	0.5	go_success	0.541
139.8	0.5	go_success	0.4
141.554	0.5	go_success	0.634
143.509	0.5	stop_success	NA
145.263	0.5	go_success	0.567
147.05	0.5	go_success	0.591
148.988	0.5	stop_error	0.432
150.776	0.5	go_success	0.343
152.463	0.5	go_success	0.699
154.384	0.5	go_success	0.593
156.289	0.5	stop_success	NA
158.01	0.5	go_success	0.49
159.847	0.5	stop_success	NA
161.585	0.5	go_success	0.669
163.256	0.5	stop_success	NA
165.093	0.5	go_success	0.429
166.73	0.5	go_success	0.507
168.568	0.5	stop_success	NA
170.272	0.5	go_success	0.913
172.177	0.5	stop_success	NA
173.814	0.5	go_success	0.578
175.535	0.5	go_success	0.622
177.506	0.5	go_success	0.89
179.327	0.5	stop_success	NA
181.031	0.5	go_success	0.54
182.752	0.5	go_success	0.619
184.707	0.5	go_success	0.663
186.494	0.5	stop_success	NA
188.382	0.5	go_success	0.503
190.119	0.5	go_success	0.544
191.89	0.5	stop_success	NA
193.678	0.5	go_success	0.495
195.499	0.5	go_success	0.638
197.287	0.5	stop_success	NA
198.991	0.5	go_success	0.571
200.945	0.5	go_success	0.809
202.9	0.5	stop_success	NA
204.771	0.5	go_success	0.76
206.492	0.5	stop_success	NA
208.246	0.5	go_success	0.651
210.217	0.5	go_success	0.923
212.022	0.5	go_success	0.445
213.776	0.5	go_success	0.707
215.53	0.5	go_success	0.676
217.351	0.5	go_success	0.549
218.988	0.5	stop_success	NA
220.726	0.5	stop_success	NA
222.346	0.5	go_success	0.639
224.334	0.5	go_success	0.589
226.022	0.5	go_success	0.477
228.01	0.5	go_success	0.365
229.931	0.5	stop_success	NA
231.518	0.5	go_success	0.593
233.473	0.5	go_success	0.545
235.344	0.5	go_success	0.583
237.098	0.5	stop_success	NA
239.019	0.5	go_success	0.634
240.74	0.5	go_success	0.699
242.761	0.5	go_success	0.514
244.549	0.5	stop_success	NA
246.286	0.5	go_success	0.766
248.158	0.5	stop_success	NA
249.795	0.5	go_success	1.096
