onset	duration	trial_type	response_time
0	0.5	go_error	NA
1.738	0.5	go_error	0.793
3.392	0.5	stop_success	NA
5.296	0.5	go_error	0.865
6.967	0.5	go_error	1.05
8.771	0.5	go_error	NA
10.542	0.5	stop_success	NA
12.279	0.5	go_success	1.025
14.167	0.5	go_success	1.305
15.938	0.5	go_success	1.201
17.709	0.5	go_error	NA
19.379	0.5	stop_success	NA
21.133	0.5	stop_success	NA
23.105	0.5	go_error	1.395
24.893	0.5	go_error	NA
26.696	0.5	go_error	0.163
28.534	0.5	go_error	NA
30.389	0.5	go_error	0.575
32.11	0.5	stop_success	NA
33.964	0.5	go_error	1.11
35.651	0.5	go_error	NA
37.305	0.5	go_success	0.416
39.076	0.5	go_error	1.527
40.88	0.5	go_error	1.12
42.768	0.5	stop_success	NA
44.739	0.5	stop_success	NA
46.66	0.5	go_error	1.227
48.414	0.5	go_error	0.751
50.052	0.5	go_error	1.15
51.956	0.5	go_error	NA
53.76	0.5	stop_error	-0.003
55.531	0.5	go_error	NA
57.118	0.5	go_error	-0.007
58.806	0.5	stop_success	NA
60.493	0.5	go_error	1.048
62.381	0.5	go_error	NA
64.001	0.5	go_error	0.158
66.023	0.5	go_success	0.964
67.693	0.5	go_error	NA
69.297	0.5	go_success	0.527
71.218	0.5	go_error	NA
72.855	0.5	go_error	0.009
74.844	0.5	go_error	1.844
76.798	0.5	go_error	NA
78.586	0.5	go_error	1.212
80.323	0.5	go_error	1.099
82.144	0.5	go_error	NA
83.731	0.5	stop_success	NA
85.468	0.5	go_error	0.748
87.289	0.5	go_error	0.958
88.977	0.5	go_error	1.172
90.848	0.5	go_error	1.561
92.819	0.5	stop_success	NA
94.74	0.5	go_error	0.718
96.645	0.5	stop_success	NA
98.533	0.5	stop_success	NA
100.154	0.5	go_error	1.078
101.907	0.5	go_error	1.162
103.845	0.5	go_error	1.132
105.7	0.5	go_error	1.355
107.521	0.5	go_error	0.832
109.458	0.5	go_error	1.357
111.229	0.5	go_error	0.639
112.85	0.5	go_error	1.063
114.754	0.5	go_error	0.901
116.609	0.5	stop_success	NA
118.313	0.5	go_error	0.732
120.301	0.5	go_error	0.893
122.172	0.5	go_error	0.841
123.809	0.5	go_error	0.989
125.58	0.5	stop_success	NA
127.184	0.5	go_error	0.948
129.038	0.5	go_error	1.017
130.942	0.5	go_error	0.93
132.563	0.5	go_error	1.037
134.334	0.5	go_error	1.269
136.188	0.5	stop_success	NA
137.792	0.5	go_error	1.274
139.78	0.5	go_error	1.041
141.501	0.5	go_error	0.848
143.505	0.5	stop_success	NA
145.293	0.5	go_error	1.012
147.047	0.5	go_error	NA
148.968	0.5	stop_error	0.051
150.789	0.5	go_success	1.036
152.443	0.5	go_error	1.265
154.364	0.5	go_error	1.514
156.303	0.5	stop_success	NA
158.04	0.5	go_error	0.861
159.861	0.5	stop_success	NA
161.598	0.5	go_error	1.021
163.269	0.5	stop_success	NA
165.09	0.5	go_error	0.891
166.693	0.5	go_error	1.162
168.548	0.5	stop_success	NA
170.302	0.5	go_error	1.081
172.19	0.5	stop_success	NA
173.844	0.5	go_error	0.604
175.531	0.5	go_error	0.792
177.519	0.5	go_error	0.899
179.29	0.5	stop_success	NA
181.027	0.5	go_error	0.953
182.748	0.5	go_error	1.524
184.719	0.5	go_error	0.738
186.49	0.5	stop_success	NA
188.395	0.5	go_error	0.761
190.132	0.5	go_error	1.077
191.853	0.5	stop_success	NA
193.674	0.5	go_error	0.923
195.528	0.5	go_error	1.527
197.299	0.5	stop_success	NA
199.003	0.5	go_error	0.86
200.958	0.5	go_error	1.169
202.912	0.5	stop_success	NA
204.767	0.5	go_error	1.329
206.454	0.5	stop_success	NA
208.241	0.5	go_error	NA
210.229	0.5	go_success	-0.003
212.034	0.5	go_error	1.289
213.788	0.5	go_error	0.928
215.542	0.5	go_error	0.828
217.363	0.5	go_error	0.839
218.95	0.5	stop_success	NA
220.704	0.5	stop_success	NA
222.342	0.5	go_error	0.643
224.363	0.5	go_error	0.975
226.033	0.5	go_error	0.73
228.005	0.5	go_error	1.04
229.943	0.5	stop_success	NA
231.513	0.5	go_error	1.468
233.451	0.5	go_error	1.024
235.372	0.5	go_error	1.02
237.11	0.5	stop_success	NA
239.031	0.5	go_success	1.29
240.751	0.5	go_error	1.206
242.739	0.5	go_error	1.054
244.527	0.5	stop_success	NA
246.264	0.5	go_error	1.014
248.119	0.5	stop_success	NA
249.823	0.5	go_error	0.976
