onset	duration	trial_type	response_time
0	0.5	go_success	0.891
1.738	0.5	go_success	0.541
3.392	0.5	stop_success	NA
5.296	0.5	go_success	0.577
6.967	0.5	go_success	0.415
8.771	0.5	go_success	0.49
10.542	0.5	stop_success	NA
12.279	0.5	go_success	0.455
14.15	0.5	go_success	0.43
15.938	0.5	go_success	0.425
17.692	0.5	go_success	0.384
19.379	0.5	stop_success	NA
21.133	0.5	stop_success	NA
23.105	0.5	go_success	0.428
24.892	0.5	go_success	0.381
26.697	0.5	go_success	0.356
28.534	0.5	go_success	0.413
30.389	0.5	go_success	0.426
32.159	0.5	stop_success	NA
33.964	0.5	go_success	0.362
35.651	0.5	go_success	0.38
37.322	0.5	go_success	0.315
39.059	0.5	go_success	0.316
40.864	0.5	go_success	0.326
42.768	0.5	stop_success	NA
44.722	0.5	stop_success	NA
46.66	0.5	go_success	0.391
48.414	0.5	go_success	0.355
50.052	0.5	go_success	0.369
51.973	0.5	go_success	0.381
53.794	0.5	stop_success	NA
55.515	0.5	go_success	0.419
57.152	0.5	go_success	0.407
58.806	0.5	stop_success	NA
60.493	0.5	go_success	0.36
62.381	0.5	go_success	0.35
64.018	0.5	go_success	0.426
66.006	0.5	go_success	0.387
67.71	0.5	go_success	0.375
69.33	0.5	go_success	0.381
71.218	0.5	go_success	0.371
72.855	0.5	go_success	0.358
74.844	0.5	go_success	0.398
76.815	0.5	go_success	0.416
78.602	0.5	go_success	0.327
80.34	0.5	go_success	0.396
82.144	0.5	go_success	1.005
83.748	0.5	stop_success	NA
85.469	0.5	go_success	0.461
87.29	0.5	go_success	0.339
88.977	0.5	go_success	0.339
90.848	0.5	go_success	0.276
92.819	0.5	stop_success	NA
94.74	0.5	go_success	0.33
96.645	0.5	stop_success	NA
98.533	0.5	stop_success	NA
100.153	0.5	go_success	0.416
101.907	0.5	go_success	0.339
103.845	0.5	go_success	0.364
105.683	0.5	go_success	0.338
107.521	0.5	go_success	0.277
109.459	0.5	go_success	0.363
111.229	0.5	go_success	0.294
112.833	0.5	go_success	0.403
114.754	0.5	go_success	0.363
116.625	0.5	stop_success	NA
118.313	0.5	go_success	0.325
120.301	0.5	go_success	0.361
122.172	0.5	go_success	0.392
123.809	0.5	go_success	0.424
125.58	0.5	stop_success	NA
127.184	0.5	go_success	0.438
129.038	0.5	go_success	0.409
130.943	0.5	go_success	0.473
132.563	0.5	go_success	0.384
134.334	0.5	go_success	0.373
136.188	0.5	stop_success	NA
137.792	0.5	go_success	0.444
139.78	0.5	go_success	0.36
141.501	0.5	go_success	0.435
143.506	0.5	stop_success	NA
145.293	0.5	go_success	0.426
147.047	0.5	go_success	0.386
148.985	0.5	stop_success	NA
150.756	0.5	go_success	0.416
152.443	0.5	go_success	0.333
154.348	0.5	go_success	0.575
156.319	0.5	stop_success	NA
158.023	0.5	go_success	0.42
159.861	0.5	stop_success	NA
161.598	0.5	go_success	0.408
163.252	0.5	stop_success	NA
165.09	0.5	go_success	0.398
166.694	0.5	go_success	0.445
168.548	0.5	stop_success	NA
170.302	0.5	go_success	0.416
172.19	0.5	stop_success	NA
173.844	0.5	go_success	0.389
175.531	0.5	go_success	0.317
177.519	0.5	go_success	0.317
179.29	0.5	stop_success	NA
181.027	0.5	go_success	0.327
182.748	0.5	go_success	0.436
184.719	0.5	go_success	0.36
186.49	0.5	stop_success	NA
188.395	0.5	go_success	0.406
190.132	0.5	go_success	0.372
191.853	0.5	stop_success	NA
193.657	0.5	go_success	0.301
195.528	0.5	go_success	0.298
197.316	0.5	stop_success	NA
199.02	0.5	go_success	0.402
200.941	0.5	go_success	0.337
202.912	0.5	stop_success	NA
204.767	0.5	go_success	0.408
206.454	0.5	stop_success	NA
208.242	0.5	go_success	0.374
210.263	0.5	go_success	0.372
212.034	0.5	go_success	0.43
213.805	0.5	go_success	0.354
215.542	0.5	go_success	0.379
217.363	0.5	go_success	0.421
218.967	0.5	stop_success	NA
220.704	0.5	stop_success	NA
222.341	0.5	go_success	0.449
224.346	0.5	go_success	0.458
226.034	0.5	go_success	0.506
228.005	0.5	go_success	0.403
229.943	0.5	stop_success	NA
231.513	0.5	go_success	0.368
233.451	0.5	go_success	0.375
235.372	0.5	go_success	0.462
237.11	0.5	stop_success	NA
239.031	0.5	go_success	0.409
240.752	0.5	go_success	0.371
242.723	0.5	go_success	0.389
244.527	0.5	stop_success	NA
246.265	0.5	go_success	0.396
248.136	0.5	stop_success	NA
249.84	0.5	go_success	0.412
