onset	duration	trial_type	response_time
0	0.5	go_success	0.529
1.738	0.5	go_success	0.371
3.392	0.5	stop_success	NA
5.296	0.5	go_success	0.374
6.984	0.5	go_success	0.325
8.772	0.5	go_success	0.387
10.542	0.5	stop_success	NA
12.28	0.5	go_success	0.404
14.167	0.5	go_success	0.41
15.955	0.5	go_success	0.41
17.709	0.5	go_success	0.318
19.396	0.5	stop_success	NA
21.151	0.5	stop_success	NA
23.105	0.5	go_success	0.338
24.91	0.5	go_success	0.272
26.714	0.5	go_success	0.316
28.535	0.5	go_success	0.503
30.406	0.5	go_success	0.329
32.127	0.5	stop_success	NA
33.981	0.5	go_success	0.329
35.668	0.5	go_success	0.344
37.306	0.5	go_success	0.283
39.077	0.5	go_success	0.285
40.881	0.5	go_success	0.295
42.769	0.5	stop_success	NA
44.723	0.5	stop_success	NA
46.678	0.5	go_success	0.307
48.432	0.5	go_success	0.264
50.069	0.5	go_success	0.297
51.957	0.5	go_success	0.265
53.761	0.5	stop_error	0.324
55.533	0.5	go_success	0.521
57.136	0.5	go_success	0.45
58.807	0.5	stop_success	NA
60.494	0.5	go_success	0.354
62.415	0.5	go_success	0.334
64.036	0.5	go_success	0.385
66.024	0.5	go_success	0.305
67.711	0.5	go_success	0.369
69.315	0.5	go_success	0.296
71.203	0.5	go_success	0.299
72.89	0.5	go_success	0.526
74.878	0.5	go_success	0.435
76.816	0.5	go_success	0.387
78.604	0.5	go_success	0.394
80.325	0.5	go_success	0.289
82.129	0.5	go_success	0.332
83.749	0.5	stop_success	NA
85.487	0.5	go_success	0.534
87.325	0.5	go_success	0.365
89.012	0.5	go_success	0.342
90.833	0.5	go_success	0.303
92.821	0.5	stop_success	NA
94.726	0.5	go_success	0.405
96.63	0.5	stop_success	NA
98.551	0.5	stop_success	NA
100.189	0.5	go_success	0.418
101.959	0.5	go_success	0.298
103.897	0.5	go_success	0.355
105.702	0.5	go_success	0.351
107.523	0.5	go_success	0.333
109.461	0.5	go_success	0.23
111.248	0.5	go_success	0.248
112.885	0.5	go_success	0.377
114.807	0.5	go_success	0.319
116.611	0.5	stop_success	NA
118.298	0.5	go_success	0.329
120.303	0.5	go_success	0.63
122.191	0.5	go_success	0.431
123.811	0.5	go_success	0.417
125.616	0.5	stop_success	NA
127.203	0.5	go_success	0.275
129.107	0.5	go_success	0.42
130.912	0.5	go_success	0.325
132.566	0.5	go_success	0.298
134.336	0.5	go_success	0.418
136.191	0.5	stop_success	NA
137.795	0.5	go_success	0.469
139.816	0.5	go_success	0.379
141.537	0.5	go_success	0.461
143.508	0.5	stop_success	NA
145.279	0.5	go_success	0.451
147.05	0.5	go_success	0.387
149.005	0.5	stop_success	NA
150.759	0.5	go_success	0.401
152.48	0.5	go_success	0.317
154.384	0.5	go_success	0.345
156.289	0.5	stop_success	NA
158.026	0.5	go_success	0.413
159.847	0.5	stop_success	NA
161.601	0.5	go_success	0.454
163.272	0.5	stop_success	NA
165.093	0.5	go_success	0.285
166.73	0.5	go_success	0.337
168.584	0.5	stop_success	NA
170.289	0.5	go_success	0.404
172.176	0.5	stop_success	NA
173.83	0.5	go_success	0.303
175.534	0.5	go_success	0.361
177.522	0.5	go_success	0.371
179.327	0.5	stop_success	NA
181.047	0.5	go_success	0.25
182.768	0.5	go_success	0.355
184.706	0.5	go_success	0.406
186.51	0.5	stop_success	NA
188.398	0.5	go_success	0.274
190.136	0.5	go_success	0.396
191.89	0.5	stop_success	NA
193.678	0.5	go_success	0.41
195.515	0.5	go_success	0.471
197.269	0.5	stop_success	NA
199.007	0.5	go_success	0.301
200.961	0.5	go_success	0.382
202.916	0.5	stop_success	NA
204.787	0.5	go_success	0.427
206.491	0.5	stop_success	NA
208.262	0.5	go_success	0.266
210.217	0.5	go_success	0.409
212.021	0.5	go_success	0.332
213.792	0.5	go_success	0.417
215.546	0.5	go_success	0.371
217.35	0.5	go_success	0.355
218.988	0.5	stop_success	NA
220.725	0.5	stop_success	NA
222.362	0.5	go_success	0.395
224.334	0.5	go_success	0.288
226.038	0.5	go_success	0.444
228.009	0.5	go_success	0.283
229.93	0.5	stop_success	NA
231.534	0.5	go_success	0.409
233.489	0.5	go_success	0.399
235.36	0.5	go_success	0.318
237.097	0.5	stop_success	NA
239.035	0.5	go_success	0.461
240.756	0.5	go_success	0.385
242.744	0.5	go_success	0.319
244.549	0.5	stop_success	NA
246.286	0.5	go_success	0.366
248.174	0.5	stop_success	NA
249.811	0.5	go_success	0.43
