onset	duration	trial_type	response_time
0	0.5	go_success	1.251
1.738	0.5	go_success	0.877
3.409	0.5	stop_success	NA
5.313	0.5	go_success	0.453
6.984	0.5	go_success	0.322
8.788	0.5	go_success	0.437
10.542	0.5	stop_success	NA
12.28	0.5	go_success	0.375
14.167	0.5	go_success	0.298
15.955	0.5	go_success	0.287
17.709	0.5	go_success	0.273
19.396	0.5	stop_success	NA
21.15	0.5	stop_success	NA
23.122	0.5	go_success	0.266
24.909	0.5	go_success	0.322
26.713	0.5	go_success	0.288
28.534	0.5	go_success	0.383
30.406	0.5	go_success	0.3
32.176	0.5	stop_success	NA
33.981	0.5	go_success	0.248
35.651	0.5	go_success	0.313
37.339	0.5	go_success	0.246
39.093	0.5	go_success	0.366
40.88	0.5	go_success	0.225
42.785	0.5	stop_success	NA
44.739	0.5	stop_success	NA
46.661	0.5	go_success	0.253
48.431	0.5	go_success	0.249
50.052	0.5	go_success	0.258
51.973	0.5	go_success	0.245
53.794	0.5	stop_success	NA
55.531	0.5	go_success	0.353
57.152	0.5	go_success	0.275
58.806	0.5	stop_success	NA
60.493	0.5	go_success	0.29
62.381	0.5	go_success	0.29
64.018	0.5	go_success	0.33
66.023	0.5	go_success	0.293
67.71	0.5	go_success	0.293
69.331	0.5	go_success	0.319
71.218	0.5	go_success	0.261
72.872	0.5	go_success	0.302
74.86	0.5	go_success	0.357
76.832	0.5	go_success	0.248
78.619	0.5	go_success	0.264
80.34	0.5	go_success	0.324
82.144	0.5	go_success	0.308
83.765	0.5	stop_success	NA
85.485	0.5	go_success	0.257
87.306	0.5	go_success	0.323
88.977	0.5	go_success	0.246
90.848	0.5	go_success	0.239
92.819	0.5	stop_success	NA
94.741	0.5	go_success	0.271
96.645	0.5	stop_success	NA
98.533	0.5	stop_success	NA
100.17	0.5	go_success	0.321
101.924	0.5	go_success	0.315
103.862	0.5	go_success	0.278
105.7	0.5	go_success	0.248
107.521	0.5	go_success	0.253
109.459	0.5	go_success	0.227
111.246	0.5	go_success	0.266
112.85	0.5	go_success	0.313
114.754	0.5	go_success	0.315
116.626	0.5	stop_success	NA
118.313	0.5	go_success	0.33
120.301	0.5	go_success	0.253
122.172	0.5	go_success	0.33
123.826	0.5	go_success	0.296
125.58	0.5	stop_success	NA
127.2	0.5	go_success	0.259
129.038	0.5	go_success	0.265
130.959	0.5	go_success	0.266
132.563	0.5	go_success	0.316
134.351	0.5	go_success	0.262
136.189	0.5	stop_success	NA
137.809	0.5	go_success	0.273
139.78	0.5	go_success	0.269
141.518	0.5	go_success	0.256
143.506	0.5	stop_success	NA
145.293	0.5	go_success	0.261
147.047	0.5	go_success	0.253
149.002	0.5	stop_success	NA
150.773	0.5	go_success	0.249
152.443	0.5	go_success	0.304
154.365	0.5	go_success	0.274
156.319	0.5	stop_success	NA
158.04	0.5	go_success	0.276
159.861	0.5	stop_success	NA
161.598	0.5	go_success	0.252
163.269	0.5	stop_success	NA
165.09	0.5	go_success	0.27
166.71	0.5	go_success	0.304
168.548	0.5	stop_success	NA
170.302	0.5	go_success	0.281
172.19	0.5	stop_success	NA
173.844	0.5	go_success	0.287
175.531	0.5	go_success	0.324
177.536	0.5	go_success	0.272
179.307	0.5	stop_success	NA
181.027	0.5	go_success	0.27
182.765	0.5	go_success	0.295
184.719	0.5	go_success	0.288
186.491	0.5	stop_success	NA
188.412	0.5	go_success	0.335
190.149	0.5	go_success	0.268
191.87	0.5	stop_success	NA
193.674	0.5	go_success	0.322
195.528	0.5	go_success	0.387
197.299	0.5	stop_success	NA
199.02	0.5	go_success	0.418
200.958	0.5	go_success	0.28
202.912	0.5	stop_success	NA
204.783	0.5	go_success	0.385
206.454	0.5	stop_success	NA
208.258	0.5	go_success	0.257
210.263	0.5	go_success	0.394
212.034	0.5	go_success	0.433
213.805	0.5	go_success	0.253
215.542	0.5	go_success	0.249
217.363	0.5	go_success	0.294
218.967	0.5	stop_success	NA
220.721	0.5	stop_error	0.288
222.375	0.5	go_success	0.265
224.363	0.5	go_success	0.311
226.034	0.5	go_success	0.404
228.022	0.5	go_success	0.424
229.959	0.5	stop_success	NA
231.53	0.5	go_success	0.253
233.451	0.5	go_success	0.28
235.372	0.5	go_success	0.29
237.11	0.5	stop_success	NA
239.048	0.5	go_success	0.27
240.768	0.5	go_success	0.315
242.74	0.5	go_success	0.279
244.544	0.5	stop_success	NA
246.281	0.5	go_success	0.266
248.136	0.5	stop_success	NA
249.84	0.5	go_success	0.263
