onset	duration	trial_type	response_time
0	0.5	go_success	0.691
1.737	0.5	go_success	0.439
3.391	0.5	stop_success	NA
5.296	0.5	go_success	0.43
6.966	0.5	go_success	0.31
8.77	0.5	go_success	0.502
10.541	0.5	stop_success	NA
12.279	0.5	go_success	0.461
14.167	0.5	go_success	0.462
15.937	0.5	go_success	0.353
17.708	0.5	go_success	0.476
19.379	0.5	stop_success	NA
21.134	0.5	stop_success	NA
23.104	0.5	go_success	0.362
24.908	0.5	go_success	0.348
26.696	0.5	go_success	0.381
28.534	0.5	go_success	0.567
30.388	0.5	go_success	0.39
32.159	0.5	stop_success	NA
33.963	0.5	go_success	0.391
35.65	0.5	go_success	0.471
37.321	0.5	go_success	0.404
39.059	0.5	go_success	0.414
40.879	0.5	go_success	0.301
42.767	0.5	stop_success	NA
44.739	0.5	stop_success	NA
46.66	0.5	go_success	0.519
48.414	0.5	go_success	0.28
50.051	0.5	go_success	0.409
51.956	0.5	go_success	0.404
53.777	0.5	stop_success	NA
55.514	0.5	go_success	0.427
57.151	0.5	go_success	0.443
58.805	0.5	stop_success	NA
60.492	0.5	go_success	0.363
62.38	0.5	go_success	0.423
64.017	0.5	go_success	0.427
66.022	0.5	go_success	0.46
67.693	0.5	go_success	0.427
69.33	0.5	go_success	0.413
71.218	0.5	go_success	0.463
72.872	0.5	go_success	0.461
74.843	0.5	go_success	0.406
76.814	0.5	go_success	0.387
78.602	0.5	go_success	0.502
80.322	0.5	go_success	0.387
82.143	0.5	go_success	0.463
83.764	0.5	stop_success	NA
85.468	0.5	go_success	0.569
87.289	0.5	go_success	0.384
88.976	0.5	go_success	0.424
90.847	0.5	go_success	0.438
92.819	0.5	stop_success	NA
94.723	0.5	go_success	0.438
96.644	0.5	stop_error	0.418
98.549	0.5	stop_success	NA
100.169	0.5	go_success	0.413
101.907	0.5	go_success	0.489
103.845	0.5	go_success	0.444
105.699	0.5	go_success	0.473
107.503	0.5	go_success	0.423
109.458	0.5	go_success	0.49
111.245	0.5	go_success	0.443
112.849	0.5	go_success	0.481
114.754	0.5	go_success	0.411
116.608	0.5	stop_success	NA
118.312	0.5	go_error	NA
120.267	0.5	go_success	0.372
122.171	0.5	go_success	0.38
123.808	0.5	go_success	0.427
125.579	0.5	stop_success	NA
127.183	0.5	go_success	0.437
129.037	0.5	go_success	0.319
130.942	0.5	go_success	0.386
132.579	0.5	go_success	0.442
134.333	0.5	go_success	0.444
136.187	0.5	stop_success	NA
137.808	0.5	go_success	0.565
139.779	0.5	go_success	0.453
141.5	0.5	go_success	0.43
143.505	0.5	stop_success	NA
145.276	0.5	go_success	0.426
147.046	0.5	go_success	0.473
148.984	0.5	stop_success	NA
150.755	0.5	go_success	0.45
152.442	0.5	go_success	0.401
154.347	0.5	go_success	0.538
156.318	0.5	stop_success	NA
158.022	0.5	go_success	0.719
159.86	0.5	stop_success	NA
161.597	0.5	go_success	0.48
163.268	0.5	stop_success	NA
165.089	0.5	go_success	0.326
166.693	0.5	go_success	0.467
168.547	0.5	stop_success	NA
170.301	0.5	go_success	0.573
172.189	0.5	stop_success	NA
173.843	0.5	go_success	0.42
175.53	0.5	go_success	0.503
177.518	0.5	go_success	0.401
179.289	0.5	stop_success	NA
181.026	0.5	go_success	0.52
182.747	0.5	go_success	0.47
184.718	0.5	go_success	0.376
186.489	0.5	stop_success	NA
188.394	0.5	go_success	0.439
190.131	0.5	go_success	0.51
191.852	0.5	stop_success	NA
193.673	0.5	go_success	0.366
195.527	0.5	go_success	0.451
197.298	0.5	stop_success	NA
199.002	0.5	go_success	0.672
200.957	0.5	go_success	0.451
202.911	0.5	stop_success	NA
204.766	0.5	go_success	0.434
206.453	0.5	stop_success	NA
208.241	0.5	go_success	0.447
210.262	0.5	go_success	0.456
212.033	0.5	go_success	0.441
213.804	0.5	go_success	0.56
215.541	0.5	go_success	0.408
217.362	0.5	go_success	0.436
218.949	0.5	stop_success	NA
220.703	0.5	stop_success	NA
222.357	0.5	go_success	0.339
224.345	0.5	go_success	0.461
226.033	0.5	go_success	0.452
228.004	0.5	go_success	0.388
229.942	0.5	stop_success	NA
231.512	0.5	go_success	0.546
233.45	0.5	go_success	0.383
235.371	0.5	go_success	0.536
237.109	0.5	stop_success	NA
239.03	0.5	go_success	0.531
240.751	0.5	go_success	0.38
242.739	0.5	go_success	0.454
244.526	0.5	stop_success	NA
246.264	0.5	go_success	0.441
248.135	0.5	stop_success	NA
249.839	0.5	go_success	0.422
