onset	duration	trial_type	response_time
0	0.5	go_error	NA
1.737	0.5	go_success	0.601
3.391	0.5	stop_success	NA
5.296	0.5	go_success	1.098
6.983	0.5	go_error	NA
8.77	0.5	go_error	NA
10.541	0.5	stop_success	NA
12.279	0.5	go_success	0.276
14.167	0.5	go_success	0.349
15.954	0.5	go_success	0.368
17.708	0.5	go_success	0.422
19.396	0.5	stop_success	NA
21.134	0.5	stop_success	NA
23.105	0.5	go_success	0.359
24.909	0.5	go_success	0.399
26.713	0.5	go_success	0.355
28.534	0.5	go_success	0.566
30.389	0.5	go_success	0.389
32.126	0.5	stop_success	NA
33.98	0.5	go_success	0.312
35.685	0.5	go_success	0.546
37.305	0.5	go_success	0.35
39.076	0.5	go_success	0.5
40.864	0.5	go_success	0.37
42.768	0.5	stop_success	NA
44.723	0.5	stop_success	NA
46.661	0.5	go_success	0.489
48.682	0.5	go_success	0.41
50.085	0.5	go_success	0.658
51.957	0.5	go_success	0.39
53.778	0.5	stop_success	NA
55.515	0.5	go_success	0.362
57.136	0.5	go_success	0.463
58.806	0.5	stop_success	NA
60.494	0.5	go_success	0.487
62.415	0.5	go_success	0.479
64.035	0.5	go_success	0.36
66.007	0.5	go_success	0.469
67.711	0.5	go_success	0.419
69.315	0.5	go_success	0.526
71.202	0.5	go_success	0.449
72.89	0.5	go_success	0.392
74.878	0.5	go_success	0.48
76.816	0.5	go_success	0.436
78.603	0.5	go_success	0.501
80.324	0.5	go_success	0.472
82.129	0.5	go_success	0.475
83.749	0.5	stop_success	NA
85.47	0.5	go_success	0.534
87.307	0.5	go_success	0.327
88.995	0.5	go_success	0.463
90.816	0.5	go_success	0.42
92.804	0.5	stop_success	NA
94.725	0.5	go_success	0.329
96.63	0.5	stop_success	NA
98.534	0.5	stop_success	NA
100.171	0.5	go_success	0.357
101.942	0.5	go_success	0.425
104.048	0.5	go_success	0.431
105.684	0.5	go_success	0.488
107.522	0.5	go_success	0.484
109.46	0.5	go_success	0.425
111.248	0.5	go_success	0.471
112.885	0.5	go_success	0.376
114.806	0.5	go_success	0.51
116.61	0.5	stop_success	NA
118.298	0.5	go_success	0.431
120.303	0.5	go_success	0.464
122.174	0.5	go_success	0.516
123.828	0.5	go_success	0.389
125.649	0.5	stop_success	NA
127.202	0.5	go_success	0.51
129.074	0.5	go_success	0.374
130.928	0.5	go_success	0.522
132.548	0.5	go_success	0.427
134.336	0.5	go_success	0.487
136.19	0.5	stop_success	NA
137.794	0.5	go_success	0.514
139.816	0.5	go_success	0.56
141.537	0.5	go_success	0.426
143.508	0.5	stop_success	NA
145.279	0.5	go_success	0.422
147.05	0.5	go_success	0.458
148.988	0.5	stop_success	NA
150.758	0.5	go_success	0.402
152.479	0.5	go_success	0.523
154.4	0.5	go_success	0.545
156.322	0.5	stop_success	NA
158.026	0.5	go_success	0.49
159.88	0.5	stop_success	NA
161.618	0.5	go_success	0.522
163.272	0.5	stop_success	NA
165.093	0.5	go_success	0.398
166.73	0.5	go_success	0.515
168.584	0.5	stop_success	NA
170.288	0.5	go_success	0.548
172.176	0.5	stop_success	NA
173.83	0.5	go_success	0.409
175.534	0.5	go_success	0.403
177.522	0.5	go_success	0.514
179.343	0.5	stop_success	NA
181.047	0.5	go_success	0.512
182.768	0.5	go_success	0.487
184.706	0.5	go_success	0.468
186.51	0.5	stop_success	NA
188.398	0.5	go_success	0.507
190.136	0.5	go_success	0.427
191.89	0.5	stop_success	NA
193.677	0.5	go_success	0.368
195.499	0.5	go_success	0.451
197.286	0.5	stop_success	NA
199.007	0.5	go_success	0.451
200.961	0.5	go_success	0.519
202.916	0.5	stop_success	NA
204.787	0.5	go_success	0.525
206.491	0.5	stop_success	NA
208.262	0.5	go_success	0.386
210.217	0.5	go_success	0.554
212.021	0.5	go_success	0.562
213.792	0.5	go_success	0.524
215.546	0.5	go_success	0.612
217.35	0.5	go_success	0.349
218.988	0.5	stop_success	NA
220.725	0.5	stop_success	NA
222.346	0.5	go_success	0.577
224.35	0.5	go_success	0.803
226.038	0.5	go_success	0.503
228.009	0.5	go_success	0.512
229.93	0.5	stop_success	NA
231.534	0.5	go_success	0.508
233.472	0.5	go_success	0.494
235.36	0.5	go_success	0.51
237.097	0.5	stop_success	NA
239.019	0.5	go_success	0.425
240.756	0.5	go_success	0.541
242.727	0.5	go_success	0.476
244.565	0.5	stop_success	NA
246.286	0.5	go_success	0.535
248.157	0.5	stop_success	NA
249.811	0.5	go_success	0.477
