onset	duration	trial_type	response_time
0	0.5	go_error	NA
1.739	0.5	go_error	NA
3.394	0.5	stop_error	0.17
5.3	0.5	go_success	0.599
6.973	0.5	go_success	0.451
8.778	0.5	go_error	0.774
10.551	0.5	stop_success	NA
12.29	0.5	go_success	0.411
14.162	0.5	go_success	0.359
15.951	0.5	go_success	0.538
17.707	0.5	go_success	0.705
19.396	0.5	stop_success	NA
21.152	0.5	stop_error	0.551
23.108	0.5	go_success	0.64
24.914	0.5	go_success	0.513
26.72	0.5	go_success	0.894
28.542	0.5	go_success	0.591
30.398	0.5	go_success	0.496
32.171	0.5	stop_success	NA
33.976	0.5	go_success	0.47
35.649	0.5	go_success	0.371
37.337	0.5	go_success	0.501
39.076	0.5	go_success	0.592
40.882	0.5	go_success	0.544
42.772	0.5	stop_success	NA
44.728	0.5	stop_success	NA
46.668	0.5	go_success	0.81
48.423	0.5	go_success	0.312
50.045	0.5	go_success	0.381
51.968	0.5	go_success	0.292
53.791	0.5	stop_success	NA
55.53	0.5	go_success	0.519
57.152	0.5	go_success	0.473
58.807	0.5	stop_success	NA
60.496	0.5	go_success	0.402
62.385	0.5	go_success	0.256
64.024	0.5	go_success	0.336
66.03	0.5	go_success	0.306
67.719	0.5	go_success	0.425
69.341	0.5	go_success	0.376
71.214	0.5	go_success	0.481
72.869	0.5	go_success	0.314
74.859	0.5	go_success	0.484
76.832	0.5	go_success	0.546
78.604	0.5	go_success	0.313
80.343	0.5	go_error	0.645
82.149	0.5	go_success	0.503
83.771	0.5	stop_success	NA
85.477	0.5	go_success	0.592
87.299	0.5	go_success	0.441
88.971	0.5	go_success	0.404
90.844	0.5	go_success	0.633
92.817	0.5	stop_success	NA
94.74	0.5	go_success	0.595
96.646	0.5	stop_success	NA
98.536	0.5	stop_success	NA
100.174	0.5	go_success	0.448
101.913	0.5	go_success	0.267
103.87	0.5	go_success	0.457
105.709	0.5	go_success	0.369
107.515	0.5	go_success	0.388
109.454	0.5	go_success	0.622
111.244	0.5	go_success	0.344
112.849	0.5	go_success	0.531
114.755	0.5	go_success	0.463
116.628	0.5	stop_success	NA
118.316	0.5	go_success	0.495
120.306	0.5	go_success	0.428
122.179	0.5	go_success	0.415
123.818	0.5	go_success	0.506
125.59	0.5	stop_success	NA
127.195	0.5	go_success	0.648
129.035	0.5	go_success	0.368
130.957	0.5	go_success	0.498
132.563	0.5	go_success	0.491
134.335	0.5	go_success	0.525
136.191	0.5	stop_success	NA
137.796	0.5	go_success	0.509
139.786	0.5	go_success	0.443
141.508	0.5	go_success	0.338
143.498	0.5	stop_success	NA
145.287	0.5	go_success	0.621
147.06	0.5	go_success	0.269
148.999	0.5	stop_success	NA
150.772	0.5	go_success	0.443
152.444	0.5	go_success	0.306
154.367	0.5	go_success	0.495
156.323	0.5	stop_success	NA
158.045	0.5	go_success	0.512
159.868	0.5	stop_success	NA
161.607	0.5	go_success	0.329
163.262	0.5	stop_success	NA
165.101	0.5	go_success	0.318
166.707	0.5	go_success	0.469
168.546	0.5	stop_success	NA
170.302	0.5	go_success	0.472
172.191	0.5	stop_success	NA
173.846	0.5	go_success	0.562
175.535	0.5	go_success	0.506
177.542	0.5	go_success	0.612
179.297	0.5	stop_success	NA
181.036	0.5	go_success	0.337
182.759	0.5	go_success	0.466
184.715	0.5	go_success	0.373
186.504	0.5	stop_success	NA
188.394	0.5	go_success	0.492
190.149	0.5	go_success	0.389
191.871	0.5	stop_success	NA
193.677	0.5	go_success	0.44
195.533	0.5	go_success	0.405
197.306	0.5	stop_success	NA
199.011	0.5	go_success	0.399
200.951	0.5	go_success	0.26
202.924	0.5	stop_success	NA
204.78	0.5	go_success	0.583
206.452	0.5	stop_error	0.305
208.258	0.5	go_success	0.525
210.264	0.5	go_success	0.419
212.037	0.5	go_success	0.433
213.809	0.5	go_success	0.496
215.548	0.5	go_success	0.429
217.371	0.5	go_success	0.419
218.959	0.5	stop_success	NA
220.715	0.5	stop_success	NA
222.354	0.5	go_success	0.469
224.36	0.5	go_success	0.383
226.032	0.5	go_success	0.454
228.005	0.5	go_success	0.248
229.945	0.5	stop_success	NA
231.533	0.5	go_success	0.591
233.456	0.5	go_success	0.277
235.379	0.5	go_success	0.448
237.118	0.5	stop_success	NA
239.041	0.5	go_success	0.346
240.763	0.5	go_success	0.282
242.736	0.5	go_success	0.397
244.542	0.5	stop_success	NA
246.281	0.5	go_error	0.29
248.137	0.5	stop_success	NA
249.843	0.5	go_success	0.343
