onset	duration	trial_type	response_time
0	0.5	go_success	1.232
1.737	0.5	go_success	0.423
3.391	0.5	stop_success	NA
5.296	0.5	go_success	0.523
6.966	0.5	go_success	0.278
8.77	0.5	go_success	0.477
10.541	0.5	stop_success	NA
12.279	0.5	go_success	0.42
14.166	0.5	go_success	0.395
15.937	0.5	go_success	0.381
17.692	0.5	go_success	0.342
19.379	0.5	stop_success	NA
21.133	0.5	stop_success	NA
23.104	0.5	go_success	0.28
24.892	0.5	go_success	0.276
26.696	0.5	go_success	0.297
28.534	0.5	go_success	0.411
30.388	0.5	go_success	0.298
32.159	0.5	stop_success	NA
33.963	0.5	go_success	0.336
35.65	0.5	go_success	0.265
37.338	0.5	go_success	0.285
39.059	0.5	go_success	0.395
40.863	0.5	go_success	0.349
42.767	0.5	stop_success	NA
44.722	0.5	stop_success	NA
46.66	0.5	go_success	0.346
48.414	0.5	go_success	0.258
50.051	0.5	go_success	0.295
51.972	0.5	go_success	0.27
53.777	0.5	stop_success	NA
55.514	0.5	go_success	0.316
57.151	0.5	go_success	0.418
58.805	0.5	stop_success	NA
60.492	0.5	go_success	0.338
62.38	0.5	go_success	0.288
64.017	0.5	go_success	0.473
66.022	0.5	go_success	0.376
67.709	0.5	go_success	0.376
69.33	0.5	go_success	0.298
71.201	0.5	go_error	0.35
72.855	0.5	go_success	0.501
74.843	0.5	go_success	0.571
76.815	0.5	go_success	0.256
78.602	0.5	go_success	0.396
80.322	0.5	go_success	0.391
82.127	0.5	go_success	0.513
83.764	0.5	stop_success	NA
85.468	0.5	go_success	0.516
87.289	0.5	go_success	0.348
88.976	0.5	go_success	0.629
90.847	0.5	go_success	0.396
92.802	0.5	stop_success	NA
94.74	0.5	go_success	0.303
96.644	0.5	stop_success	NA
98.532	0.5	stop_success	NA
100.153	0.5	go_success	0.553
101.907	0.5	go_success	0.382
103.845	0.5	go_success	0.296
105.699	0.5	go_success	0.306
107.52	0.5	go_success	0.33
109.458	0.5	go_success	0.297
111.229	0.5	go_success	0.352
112.833	0.5	go_success	0.519
114.754	0.5	go_success	0.369
116.625	0.5	stop_success	NA
118.312	0.5	go_success	0.269
120.3	0.5	go_success	0.373
122.171	0.5	go_success	0.419
123.808	0.5	go_success	0.334
125.579	0.5	stop_error	0.326
127.2	0.5	go_success	0.52
129.037	0.5	go_success	0.402
130.959	0.5	go_success	0.382
132.562	0.5	go_success	0.466
134.333	0.5	go_success	0.316
136.188	0.5	stop_success	NA
137.791	0.5	go_success	0.464
139.779	0.5	go_success	0.365
141.5	0.5	go_success	0.397
143.488	0.5	stop_success	NA
145.276	0.5	go_success	0.446
147.047	0.5	go_success	0.42
148.984	0.5	stop_success	NA
150.755	0.5	go_success	0.383
152.426	0.5	go_success	0.453
154.364	0.5	go_success	0.465
156.318	0.5	stop_success	NA
158.022	0.5	go_success	0.482
159.86	0.5	stop_success	NA
161.598	0.5	go_success	0.41
163.251	0.5	stop_success	NA
165.089	0.5	go_success	0.323
166.693	0.5	go_success	0.439
168.547	0.5	stop_success	NA
170.301	0.5	go_success	0.413
172.189	0.5	stop_success	NA
173.843	0.5	go_success	0.424
175.53	0.5	go_success	0.394
177.535	0.5	go_success	0.474
179.289	0.5	stop_success	NA
181.027	0.5	go_success	0.274
182.747	0.5	go_success	0.559
184.702	0.5	go_success	0.416
186.506	0.5	stop_success	NA
188.394	0.5	go_success	0.31
190.132	0.5	go_success	0.535
191.852	0.5	stop_success	NA
193.657	0.5	go_success	0.312
195.511	0.5	go_success	0.466
197.298	0.5	stop_success	NA
199.002	0.5	go_success	0.5
200.94	0.5	go_success	0.418
202.912	0.5	stop_success	NA
204.766	0.5	go_error	0.284
206.453	0.5	stop_success	NA
208.241	0.5	go_success	0.327
210.246	0.5	go_success	0.486
212.033	0.5	go_success	0.491
213.804	0.5	go_success	0.357
215.541	0.5	go_success	0.453
217.362	0.5	go_success	0.475
218.966	0.5	stop_success	NA
220.704	0.5	stop_success	NA
222.341	0.5	go_success	0.453
224.346	0.5	go_success	0.467
226.033	0.5	go_success	0.371
228.004	0.5	go_success	0.437
229.942	0.5	stop_success	NA
231.512	0.5	go_success	0.48
233.45	0.5	go_success	0.565
235.372	0.5	go_success	0.556
237.109	0.5	stop_success	NA
239.03	0.5	go_success	0.467
240.751	0.5	go_success	0.383
242.722	0.5	go_success	0.425
244.526	0.5	stop_error	0.661
246.281	0.5	go_success	0.57
248.135	0.5	stop_success	NA
249.839	0.5	go_success	0.494
