onset	duration	trial_type	response_time
0	0.5	go_success	1.058
1.738	0.5	go_success	0.561
3.392	0.5	stop_success	NA
5.296	0.5	go_success	0.447
6.984	0.5	go_success	0.359
8.772	0.5	go_success	0.515
10.542	0.5	stop_success	NA
12.279	0.5	go_success	0.458
14.167	0.5	go_success	0.495
15.955	0.5	go_success	0.397
17.709	0.5	go_success	0.305
19.396	0.5	stop_success	NA
21.151	0.5	stop_success	NA
23.105	0.5	go_success	0.33
24.91	0.5	go_success	0.233
26.714	0.5	go_success	0.327
28.535	0.5	go_success	0.567
30.406	0.5	go_success	0.258
32.16	0.5	stop_success	NA
33.981	0.5	go_success	0.52
35.685	0.5	go_success	0.273
37.306	0.5	go_success	0.427
39.06	0.5	go_success	0.383
40.881	0.5	go_success	0.404
42.769	0.5	stop_success	NA
44.723	0.5	stop_success	NA
46.661	0.5	go_success	0.379
48.449	0.5	go_success	0.438
50.069	0.5	go_error	0.291
51.957	0.5	go_success	0.426
53.762	0.5	stop_success	NA
55.516	0.5	go_success	0.576
57.136	0.5	go_success	0.52
58.79	0.5	stop_success	NA
60.494	0.5	go_success	0.344
62.399	0.5	go_success	0.352
64.036	0.5	go_success	0.529
66.007	0.5	go_success	0.52
67.695	0.5	go_success	0.322
69.315	0.5	go_success	0.463
71.203	0.5	go_success	0.554
72.89	0.5	go_success	0.409
74.878	0.5	go_success	0.479
76.8	0.5	go_success	0.572
78.604	0.5	go_success	0.537
80.325	0.5	go_success	0.546
82.129	0.5	go_success	0.525
83.75	0.5	stop_success	NA
85.487	0.5	go_success	0.695
87.308	0.5	go_success	0.359
88.995	0.5	go_success	0.278
90.833	0.5	go_success	0.422
92.804	0.5	stop_success	NA
94.726	0.5	go_success	0.532
96.647	0.5	stop_success	NA
98.551	0.5	stop_success	NA
100.189	0.5	go_success	0.576
101.96	0.5	go_success	0.391
103.897	0.5	go_success	0.486
105.702	0.5	go_success	0.369
107.523	0.5	go_success	0.488
109.461	0.5	go_success	0.37
111.248	0.5	go_success	0.293
112.886	0.5	go_success	0.47
114.807	0.5	go_success	0.434
116.628	0.5	stop_success	NA
118.298	0.5	go_success	0.359
120.32	0.5	go_success	0.394
122.191	0.5	go_success	0.544
123.828	0.5	go_success	0.519
125.616	0.5	stop_success	NA
127.203	0.5	go_success	0.597
129.091	0.5	go_success	0.408
130.928	0.5	go_success	0.618
132.566	0.5	go_success	0.507
134.353	0.5	go_success	0.37
136.208	0.5	stop_success	NA
137.795	0.5	go_success	0.553
139.833	0.5	go_success	0.477
141.554	0.5	go_success	0.544
143.525	0.5	stop_success	NA
145.279	0.5	go_success	0.537
147.067	0.5	go_success	0.526
149.005	0.5	stop_success	NA
150.759	0.5	go_success	0.415
152.48	0.5	go_success	0.331
154.401	0.5	go_success	0.537
156.305	0.5	stop_success	NA
158.026	0.5	go_success	0.554
159.847	0.5	stop_success	NA
161.601	0.5	go_success	0.536
163.272	0.5	stop_success	NA
165.093	0.5	go_success	0.354
166.747	0.5	go_success	0.506
168.568	0.5	stop_success	NA
170.289	0.5	go_success	0.492
172.177	0.5	stop_success	NA
173.831	0.5	go_success	0.412
175.535	0.5	go_success	0.508
177.523	0.5	go_success	0.405
179.327	0.5	stop_success	NA
181.048	0.5	go_success	0.301
182.768	0.5	go_success	0.608
184.706	0.5	go_success	0.413
186.511	0.5	stop_success	NA
188.399	0.5	go_success	0.398
190.136	0.5	go_success	0.41
191.89	0.5	stop_success	NA
193.694	0.5	go_success	0.439
195.499	0.5	go_success	0.413
197.303	0.5	stop_success	NA
199.007	0.5	go_success	0.53
200.962	0.5	go_success	0.446
202.916	0.5	stop_success	NA
204.788	0.5	go_success	0.523
206.492	0.5	stop_success	NA
208.262	0.5	go_success	0.354
210.217	0.5	go_success	0.469
212.021	0.5	go_success	0.444
213.792	0.5	go_success	0.412
215.546	0.5	go_success	0.446
217.351	0.5	go_success	0.55
218.988	0.5	stop_success	NA
220.725	0.5	stop_success	NA
222.363	0.5	go_success	0.401
224.334	0.5	go_success	0.389
226.038	0.5	go_success	0.372
228.009	0.5	go_success	0.414
229.931	0.5	stop_success	NA
231.534	0.5	go_success	0.459
233.489	0.5	go_success	0.482
235.36	0.5	go_success	0.443
237.114	0.5	stop_success	NA
239.036	0.5	go_success	0.536
240.756	0.5	go_success	0.373
242.728	0.5	go_success	0.424
244.565	0.5	stop_success	NA
246.286	0.5	go_success	0.507
248.157	0.5	stop_error	0.309
249.828	0.5	go_success	0.592
