onset	duration	trial_type	response_time
0	0.5	go_success	0.561
1.738	0.5	go_success	0.305
3.392	0.5	stop_success	NA
5.296	0.5	go_success	0.322
6.967	0.5	go_success	0.3
8.771	0.5	go_success	0.314
10.542	0.5	stop_success	NA
12.279	0.5	go_success	0.351
14.167	0.5	go_success	0.311
15.938	0.5	go_success	0.3
17.709	0.5	go_success	0.308
19.38	0.5	stop_success	NA
21.134	0.5	stop_success	NA
23.105	0.5	go_success	0.33
24.909	0.5	go_success	0.335
26.714	0.5	go_success	0.334
28.535	0.5	go_success	0.333
30.389	0.5	go_success	0.338
32.16	0.5	stop_success	NA
33.981	0.5	go_success	0.368
35.668	0.5	go_success	0.313
37.289	0.5	go_success	0.358
39.06	0.5	go_success	0.306
40.864	0.5	go_success	0.32
42.769	0.5	stop_success	NA
44.723	0.5	stop_success	NA
46.661	0.5	go_success	0.395
48.449	0.5	go_success	0.295
50.069	0.5	go_success	0.317
51.957	0.5	go_success	0.302
53.761	0.5	stop_success	NA
55.515	0.5	go_success	0.39
57.153	0.5	go_success	0.358
58.807	0.5	stop_success	NA
60.494	0.5	go_success	0.345
62.399	0.5	go_success	0.373
64.036	0.5	go_success	0.353
66.007	0.5	go_success	0.317
67.694	0.5	go_success	0.38
69.298	0.5	go_success	0.408
71.203	0.5	go_success	0.317
72.89	0.5	go_success	0.37
74.878	0.5	go_success	0.372
76.816	0.5	go_success	0.384
78.604	0.5	go_success	0.304
80.324	0.5	go_error	0.451
82.129	0.5	go_success	0.293
83.749	0.5	stop_error	0.325
85.487	0.5	go_success	0.459
87.308	0.5	go_success	0.387
88.995	0.5	go_success	0.291
90.833	0.5	go_success	0.423
92.804	0.5	stop_success	NA
94.725	0.5	go_success	0.338
96.63	0.5	stop_success	NA
98.551	0.5	stop_success	NA
100.172	0.5	go_success	0.433
101.943	0.5	go_success	0.407
103.881	0.5	go_success	0.323
105.685	0.5	go_success	0.352
107.506	0.5	go_success	0.328
109.444	0.5	go_success	0.325
111.231	0.5	go_success	0.313
112.885	0.5	go_success	0.374
114.79	0.5	go_success	0.364
116.611	0.5	stop_success	NA
118.298	0.5	go_success	0.321
120.303	0.5	go_success	0.369
122.174	0.5	go_success	0.339
123.811	0.5	go_success	0.453
125.616	0.5	stop_success	NA
127.186	0.5	go_success	0.481
129.074	0.5	go_success	0.366
130.911	0.5	go_error	0.292
132.549	0.5	go_success	0.385
134.336	0.5	go_success	0.381
136.191	0.5	stop_success	NA
137.778	0.5	go_success	0.416
139.799	0.5	go_success	0.322
141.537	0.5	go_success	0.398
143.508	0.5	stop_success	NA
145.262	0.5	go_success	0.365
147.05	0.5	go_success	0.264
148.988	0.5	stop_success	NA
150.742	0.5	go_success	0.371
152.463	0.5	go_success	0.42
154.384	0.5	go_success	0.351
156.288	0.5	stop_success	NA
158.026	0.5	go_success	0.361
159.83	0.5	stop_success	NA
161.584	0.5	go_success	0.335
163.272	0.5	stop_success	NA
165.093	0.5	go_success	0.397
166.73	0.5	go_success	0.39
168.568	0.5	stop_success	NA
170.272	0.5	go_success	0.372
172.176	0.5	stop_success	NA
173.83	0.5	go_success	0.296
175.534	0.5	go_success	0.391
177.522	0.5	go_success	0.333
179.327	0.5	stop_success	NA
181.047	0.5	go_success	0.331
182.768	0.5	go_success	0.4
184.689	0.5	go_success	0.305
186.494	0.5	stop_success	NA
188.398	0.5	go_success	0.409
190.119	0.5	go_success	0.381
191.89	0.5	stop_success	NA
193.677	0.5	go_success	0.317
195.498	0.5	go_success	0.354
197.286	0.5	stop_error	0.347
199.023	0.5	go_success	0.392
200.945	0.5	go_success	0.537
202.916	0.5	stop_success	NA
204.787	0.5	go_success	0.406
206.475	0.5	stop_success	NA
208.262	0.5	go_success	0.416
210.217	0.5	go_success	0.33
212.021	0.5	go_success	0.375
213.775	0.5	go_success	0.316
215.546	0.5	go_success	0.32
217.35	0.5	go_success	0.387
218.988	0.5	stop_success	NA
220.725	0.5	stop_success	NA
222.346	0.5	go_success	0.426
224.334	0.5	go_success	0.561
226.038	0.5	go_success	0.314
228.009	0.5	go_success	0.377
229.93	0.5	stop_success	NA
231.534	0.5	go_success	0.399
233.472	0.5	go_success	0.311
235.343	0.5	go_success	0.419
237.097	0.5	stop_success	NA
239.019	0.5	go_success	0.364
240.756	0.5	go_success	0.376
242.727	0.5	go_success	0.393
244.548	0.5	stop_success	NA
246.286	0.5	go_success	0.431
248.157	0.5	stop_success	NA
249.811	0.5	go_success	0.34
