onset	duration	trial_type	response_time
0	0.5	go_success	0.551
1.737	0.5	go_success	0.345
3.391	0.5	stop_success	NA
5.296	0.5	go_success	0.511
6.967	0.5	go_success	0.341
8.771	0.5	go_success	0.501
10.542	0.5	stop_success	NA
12.279	0.5	go_success	0.384
14.167	0.5	go_success	0.399
15.938	0.5	go_success	0.385
17.709	0.5	go_success	0.348
19.379	0.5	stop_success	NA
21.133	0.5	stop_success	NA
23.105	0.5	go_success	0.362
24.909	0.5	go_success	0.322
26.713	0.5	go_success	0.437
28.534	0.5	go_success	0.443
30.389	0.5	go_success	0.462
32.16	0.5	stop_success	NA
33.964	0.5	go_success	0.363
35.668	0.5	go_success	0.399
37.289	0.5	go_success	0.477
39.059	0.5	go_success	0.331
40.864	0.5	go_success	0.346
42.752	0.5	stop_success	NA
44.707	0.5	stop_success	NA
46.661	0.5	go_success	0.413
48.432	0.5	go_success	0.35
50.069	0.5	go_success	0.426
51.94	0.5	go_success	0.32
53.761	0.5	stop_success	NA
55.499	0.5	go_success	0.451
57.136	0.5	go_success	0.404
58.79	0.5	stop_success	NA
60.494	0.5	go_success	0.319
62.398	0.5	go_success	0.382
64.036	0.5	go_success	0.426
66.007	0.5	go_success	0.391
67.694	0.5	go_success	0.454
69.298	0.5	go_success	0.439
71.203	0.5	go_success	0.38
72.89	0.5	go_success	0.453
74.861	0.5	go_success	0.397
76.799	0.5	go_success	0.496
78.587	0.5	go_success	0.575
80.324	0.5	go_success	0.427
82.129	0.5	go_success	0.375
83.733	0.5	stop_success	NA
85.47	0.5	go_success	0.467
87.308	0.5	go_success	0.325
88.978	0.5	go_success	0.392
90.816	0.5	go_success	0.367
92.804	0.5	stop_success	NA
94.725	0.5	go_success	0.328
96.63	0.5	stop_success	NA
98.534	0.5	stop_success	NA
100.172	0.5	go_success	0.444
101.943	0.5	go_success	0.389
103.881	0.5	go_success	0.306
105.685	0.5	go_success	0.38
107.506	0.5	go_success	0.341
109.444	0.5	go_success	0.376
111.215	0.5	go_success	0.327
112.935	0.5	go_success	0.424
114.807	0.5	go_success	0.404
116.628	0.5	stop_success	NA
118.298	0.5	go_success	0.331
120.303	0.5	go_success	0.404
122.174	0.5	go_success	0.374
123.811	0.5	go_success	0.468
125.616	0.5	stop_success	NA
127.186	0.5	go_success	0.466
129.074	0.5	go_success	0.511
130.912	0.5	go_success	0.669
132.549	0.5	go_success	0.469
134.336	0.5	go_success	0.442
136.191	0.5	stop_success	NA
137.795	0.5	go_success	0.404
139.816	0.5	go_success	0.3
141.537	0.5	go_success	0.444
143.508	0.5	stop_success	NA
145.262	0.5	go_success	0.397
147.05	0.5	go_success	0.392
148.988	0.5	stop_success	NA
150.742	0.5	go_success	0.335
152.463	0.5	go_success	0.432
154.384	0.5	go_success	0.422
156.289	0.5	stop_success	NA
158.01	0.5	go_success	0.51
159.847	0.5	stop_success	NA
161.601	0.5	go_success	0.629
163.255	0.5	stop_success	NA
165.093	0.5	go_success	0.352
166.73	0.5	go_success	0.385
168.568	0.5	stop_success	NA
170.272	0.5	go_success	0.431
172.176	0.5	stop_success	NA
173.83	0.5	go_success	0.357
175.534	0.5	go_success	0.459
177.523	0.5	go_success	0.475
179.327	0.5	stop_success	NA
181.048	0.5	go_success	0.341
182.768	0.5	go_success	0.414
184.69	0.5	go_success	0.451
186.494	0.5	stop_success	NA
188.398	0.5	go_success	0.4
190.136	0.5	go_success	0.385
191.89	0.5	stop_success	NA
193.678	0.5	go_success	0.281
195.499	0.5	go_success	0.352
197.286	0.5	stop_success	NA
198.99	0.5	go_success	0.344
200.945	0.5	go_success	0.398
202.916	0.5	stop_success	NA
204.787	0.5	go_success	0.405
206.492	0.5	stop_success	NA
208.262	0.5	go_success	0.344
210.217	0.5	go_success	0.398
212.021	0.5	go_success	0.381
213.776	0.5	go_success	0.507
215.546	0.5	go_success	0.352
217.351	0.5	go_success	0.391
219.005	0.5	stop_success	NA
220.742	0.5	stop_success	NA
222.346	0.5	go_success	0.42
224.351	0.5	go_success	0.447
226.038	0.5	go_success	0.404
228.026	0.5	go_success	0.404
229.947	0.5	stop_success	NA
231.534	0.5	go_success	0.499
233.489	0.5	go_success	0.416
235.36	0.5	go_success	0.462
237.114	0.5	stop_success	NA
239.019	0.5	go_success	0.453
240.773	0.5	go_success	0.425
242.745	0.5	go_success	0.493
244.566	0.5	stop_success	NA
246.286	0.5	go_success	0.446
248.174	0.5	stop_success	NA
249.811	0.5	go_success	0.547
