onset	duration	trial_type	response_time
0	0.5	go_success	0.802
1.738	0.5	go_success	0.356
3.392	0.5	stop_success	NA
5.296	0.5	go_success	0.324
6.983	0.5	go_success	0.299
8.771	0.5	go_success	0.388
10.542	0.5	stop_success	NA
12.279	0.5	go_success	0.365
14.167	0.5	go_success	0.358
15.939	0.5	go_success	0.298
17.709	0.5	go_success	0.34
19.396	0.5	stop_success	NA
21.134	0.5	stop_success	NA
23.105	0.5	go_success	0.309
24.909	0.5	go_success	0.323
26.714	0.5	go_success	0.246
28.535	0.5	go_success	0.322
30.389	0.5	go_success	0.263
32.143	0.5	stop_success	NA
33.964	0.5	go_success	0.243
35.685	0.5	go_success	0.288
37.289	0.5	go_success	0.251
39.06	0.5	go_success	0.243
40.864	0.5	go_success	0.237
42.752	0.5	stop_error	0.292
44.74	0.5	stop_success	NA
46.661	0.5	go_success	0.319
48.432	0.5	go_success	0.374
50.069	0.5	go_success	0.369
51.94	0.5	go_success	0.283
53.761	0.5	stop_success	NA
55.499	0.5	go_success	0.338
57.136	0.5	go_success	0.516
58.79	0.5	stop_success	NA
60.494	0.5	go_success	0.245
62.399	0.5	go_success	0.381
64.036	0.5	go_success	0.321
66.007	0.5	go_success	0.38
67.695	0.5	go_success	0.517
69.298	0.5	go_success	0.356
71.186	0.5	go_success	0.322
72.89	0.5	go_success	0.373
74.862	0.5	go_success	0.5
76.8	0.5	go_success	0.316
78.604	0.5	go_success	0.326
80.325	0.5	go_success	0.374
82.129	0.5	go_success	0.399
83.733	0.5	stop_success	NA
85.47	0.5	go_success	0.323
87.308	0.5	go_success	0.312
88.995	0.5	go_success	0.328
90.816	0.5	go_success	0.264
92.804	0.5	stop_success	NA
94.726	0.5	go_success	0.308
96.63	0.5	stop_success	NA
98.518	0.5	stop_success	NA
100.172	0.5	go_success	0.314
101.926	0.5	go_error	NA
103.847	0.5	go_success	0.305
105.685	0.5	go_success	0.263
107.539	0.5	go_success	0.359
109.494	0.5	go_success	0.352
111.265	0.5	go_success	0.353
112.902	0.5	go_success	0.495
114.807	0.5	go_success	0.39
116.628	0.5	stop_success	NA
118.298	0.5	go_success	0.258
120.303	0.5	go_success	0.314
122.174	0.5	go_success	0.371
123.811	0.5	go_success	0.412
125.649	0.5	stop_success	NA
127.186	0.5	go_success	0.389
129.074	0.5	go_success	0.458
130.912	0.5	go_success	0.34
132.549	0.5	go_success	0.539
134.336	0.5	go_success	0.285
136.191	0.5	stop_success	NA
137.795	0.5	go_success	0.334
139.816	0.5	go_success	0.385
141.537	0.5	go_success	0.461
143.508	0.5	stop_success	NA
145.279	0.5	go_success	0.33
147.05	0.5	go_success	0.498
148.988	0.5	stop_success	NA
150.759	0.5	go_success	0.317
152.463	0.5	go_success	0.337
154.384	0.5	go_success	0.451
156.289	0.5	stop_success	NA
158.026	0.5	go_success	0.344
159.847	0.5	stop_success	NA
161.601	0.5	go_success	0.346
163.255	0.5	stop_success	NA
165.093	0.5	go_success	0.315
166.73	0.5	go_success	0.474
168.568	0.5	stop_success	NA
170.289	0.5	go_success	0.328
172.176	0.5	stop_success	NA
173.83	0.5	go_success	0.802
175.534	0.5	go_success	0.286
177.523	0.5	go_success	0.382
179.327	0.5	stop_success	NA
181.048	0.5	go_success	0.259
182.768	0.5	go_success	0.543
184.706	0.5	go_success	0.352
186.494	0.5	stop_success	NA
188.398	0.5	go_success	0.272
190.119	0.5	go_success	0.438
191.89	0.5	stop_success	NA
193.678	0.5	go_success	0.287
195.499	0.5	go_success	0.476
197.286	0.5	stop_success	NA
198.99	0.5	go_success	0.279
200.962	0.5	go_success	0.317
202.916	0.5	stop_success	NA
204.787	0.5	go_success	0.395
206.491	0.5	stop_success	NA
208.262	0.5	go_success	0.293
210.217	0.5	go_success	0.399
212.021	0.5	go_success	0.426
213.792	0.5	go_success	0.379
215.53	0.5	go_success	0.432
217.351	0.5	go_success	0.409
218.988	0.5	stop_success	NA
220.725	0.5	stop_success	NA
222.346	0.5	go_success	0.368
224.334	0.5	go_success	0.38
226.038	0.5	go_success	0.363
228.009	0.5	go_success	0.37
229.931	0.5	stop_success	NA
231.534	0.5	go_success	0.254
233.472	0.5	go_success	0.342
235.343	0.5	go_success	0.333
237.098	0.5	stop_success	NA
239.019	0.5	go_success	0.405
240.756	0.5	go_success	0.375
242.728	0.5	go_success	0.544
244.549	0.5	stop_success	NA
246.286	0.5	go_success	0.442
248.157	0.5	stop_success	NA
249.811	0.5	go_success	0.358
