onset	duration	trial_type	response_time
0	0.5	go_success	0.449
1.737	0.5	go_success	0.398
3.391	0.5	stop_success	NA
5.296	0.5	go_success	0.443
6.983	0.5	go_success	0.397
8.771	0.5	go_success	0.379
10.541	0.5	stop_success	NA
12.279	0.5	go_success	0.332
14.167	0.5	go_success	0.291
15.954	0.5	go_success	0.408
17.708	0.5	go_success	0.295
19.395	0.5	stop_success	NA
21.15	0.5	stop_success	NA
23.104	0.5	go_success	0.298
24.908	0.5	go_success	0.307
26.713	0.5	go_success	0.302
28.534	0.5	go_success	0.31
30.405	0.5	go_success	0.283
32.176	0.5	stop_success	NA
33.98	0.5	go_success	0.309
35.651	0.5	go_success	0.328
37.338	0.5	go_success	0.297
39.075	0.5	go_success	0.27
40.88	0.5	go_success	0.274
42.767	0.5	stop_success	NA
44.739	0.5	stop_success	NA
46.66	0.5	go_success	0.302
48.431	0.5	go_success	0.281
50.051	0.5	go_success	0.308
51.972	0.5	go_success	0.306
53.777	0.5	stop_success	NA
55.514	0.5	go_success	0.31
57.151	0.5	go_success	0.323
58.805	0.5	stop_success	NA
60.492	0.5	go_success	0.287
62.38	0.5	go_success	0.319
64.017	0.5	go_success	0.338
66.022	0.5	go_success	0.316
67.709	0.5	go_success	0.307
69.33	0.5	go_success	0.297
71.234	0.5	go_success	0.31
72.888	0.5	go_success	0.422
74.843	0.5	go_success	0.383
76.831	0.5	go_success	0.249
78.652	0.5	go_success	0.288
80.339	0.5	go_success	0.377
82.144	0.5	go_success	0.302
83.781	0.5	stop_success	NA
85.485	0.5	go_success	0.314
87.306	0.5	go_success	0.306
88.976	0.5	go_success	0.291
90.847	0.5	go_success	0.243
92.835	0.5	stop_success	NA
94.757	0.5	go_success	0.238
96.644	0.5	stop_success	NA
98.532	0.5	stop_success	NA
100.169	0.5	go_success	0.328
101.924	0.5	go_success	0.302
103.861	0.5	go_success	0.235
105.699	0.5	go_success	0.248
107.537	0.5	go_success	0.232
109.458	0.5	go_success	0.263
111.246	0.5	go_success	0.263
112.849	0.5	go_success	0.386
114.754	0.5	go_success	0.306
116.642	0.5	stop_success	NA
118.312	0.5	go_success	0.249
120.317	0.5	go_success	0.257
122.171	0.5	go_success	0.311
123.825	0.5	go_success	0.327
125.596	0.5	stop_success	NA
127.184	0.5	go_success	0.327
129.038	0.5	go_success	0.284
130.959	0.5	go_success	0.293
132.562	0.5	go_success	0.361
134.35	0.5	go_success	0.296
136.188	0.5	stop_success	NA
137.808	0.5	go_success	0.316
139.78	0.5	go_success	0.284
141.5	0.5	go_success	0.328
143.505	0.5	stop_success	NA
145.293	0.5	go_success	0.318
147.047	0.5	go_success	0.276
148.985	0.5	stop_success	NA
150.772	0.5	go_success	0.308
152.443	0.5	go_success	0.274
154.364	0.5	go_success	0.329
156.319	0.5	stop_success	NA
158.039	0.5	go_success	0.316
159.86	0.5	stop_success	NA
161.598	0.5	go_success	0.342
163.268	0.5	stop_success	NA
165.089	0.5	go_success	0.295
166.71	0.5	go_success	0.38
168.547	0.5	stop_success	NA
170.302	0.5	go_success	0.274
172.189	0.5	stop_success	NA
173.843	0.5	go_success	0.31
175.531	0.5	go_success	0.318
177.535	0.5	go_success	0.316
179.306	0.5	stop_success	NA
181.027	0.5	go_success	0.281
182.764	0.5	go_success	0.329
184.719	0.5	go_success	0.302
186.506	0.5	stop_success	NA
188.394	0.5	go_success	0.27
190.148	0.5	go_success	0.252
191.869	0.5	stop_success	NA
193.673	0.5	go_success	0.252
195.528	0.5	go_success	0.325
197.299	0.5	stop_success	NA
199.019	0.5	go_success	0.323
200.957	0.5	go_success	0.301
202.912	0.5	stop_success	NA
204.783	0.5	go_success	0.336
206.453	0.5	stop_success	NA
208.241	0.5	go_success	0.255
210.262	0.5	go_success	0.309
212.033	0.5	go_success	0.328
213.804	0.5	go_success	0.296
215.542	0.5	go_success	0.279
217.363	0.5	go_success	0.302
218.966	0.5	stop_success	NA
220.72	0.5	stop_success	NA
222.358	0.5	go_success	0.335
224.362	0.5	go_success	0.295
226.033	0.5	go_success	0.307
228.004	0.5	go_success	0.238
229.942	0.5	stop_success	NA
231.529	0.5	go_success	0.365
233.45	0.5	go_success	0.277
235.372	0.5	go_success	0.32
237.126	0.5	stop_success	NA
239.047	0.5	go_success	0.339
240.768	0.5	go_success	0.298
242.739	0.5	go_success	0.227
244.527	0.5	stop_success	NA
246.281	0.5	go_success	0.32
248.135	0.5	stop_success	NA
249.839	0.5	go_success	0.401
