onset	duration	trial_type	response_time
0	0.5	go_error	NA
1.746	0.5	go_success	0.502
3.4	0.5	stop_success	NA
5.306	0.5	go_success	0.425
6.973	0.5	go_success	0.426
8.773	0.5	go_success	0.49
10.546	0.5	stop_success	NA
12.279	0.5	go_success	0.329
14.16	0.5	go_success	0.357
15.946	0.5	go_success	0.375
17.706	0.5	go_success	0.379
19.386	0.5	stop_success	NA
21.145	0.5	stop_success	NA
23.105	0.5	go_success	0.344
24.905	0.5	go_success	0.348
26.705	0.5	go_success	0.384
28.532	0.5	go_success	0.469
30.398	0.5	go_success	0.455
32.118	0.5	stop_success	NA
33.972	0.5	go_success	0.325
35.651	0.5	go_success	0.34
37.291	0.5	go_success	0.388
39.038	0.5	go_success	0.396
40.838	0.5	go_success	0.323
42.731	0.5	stop_success	NA
44.718	0.5	stop_success	NA
46.664	0.5	go_success	0.424
48.424	0.5	go_success	0.303
50.037	0.5	go_success	0.379
51.917	0.5	go_success	0.366
53.744	0.5	stop_success	NA
55.504	0.5	go_success	0.389
57.117	0.5	go_success	0.401
58.77	0.5	stop_success	NA
60.491	0.5	go_success	0.373
62.37	0.5	go_success	0.3
64.01	0.5	go_success	0.361
65.983	0.5	go_success	0.388
67.677	0.5	go_success	0.458
69.29	0.5	go_success	0.331
71.17	0.5	go_success	0.421
72.863	0.5	go_success	0.372
74.85	0.5	go_error	0.315
76.783	0.5	go_success	0.427
78.569	0.5	go_success	0.402
80.303	0.5	go_success	0.456
82.103	0.5	go_success	0.407
83.716	0.5	stop_success	NA
85.476	0.5	go_success	0.396
87.289	0.5	go_success	0.359
88.969	0.5	go_success	0.387
90.795	0.5	go_success	0.367
92.782	0.5	stop_success	NA
94.729	0.5	go_success	0.339
96.609	0.5	stop_success	NA
98.515	0.5	stop_success	NA
100.168	0.5	go_success	0.368
101.902	0.5	go_success	0.357
103.848	0.5	go_success	0.508
105.649	0.5	go_success	0.345
107.475	0.5	go_success	0.326
109.421	0.5	go_success	0.352
111.195	0.5	go_success	0.355
112.834	0.5	go_success	0.411
114.742	0.5	go_success	0.431
116.581	0.5	stop_success	NA
118.301	0.5	go_success	0.296
120.261	0.5	go_success	0.24
122.127	0.5	go_success	0.406
123.768	0.5	go_success	0.453
125.567	0.5	stop_success	NA
127.194	0.5	go_success	0.58
129.034	0.5	go_success	0.312
130.9	0.5	go_success	0.271
132.527	0.5	go_success	0.382
134.3	0.5	go_success	0.412
136.153	0.5	stop_success	NA
137.78	0.5	go_success	0.381
139.78	0.5	go_success	0.329
141.5	0.5	go_success	0.368
143.5	0.5	stop_success	NA
145.273	0.5	go_success	0.372
147.006	0.5	go_success	0.244
148.953	0.5	stop_success	NA
150.753	0.5	go_success	0.306
152.433	0.5	go_success	0.286
154.352	0.5	go_success	0.373
156.272	0.5	stop_success	NA
158.019	0.5	go_success	0.362
159.819	0.5	stop_success	NA
161.592	0.5	go_success	0.402
163.219	0.5	stop_success	NA
165.099	0.5	go_success	0.263
166.699	0.5	go_success	0.378
168.539	0.5	stop_success	NA
170.285	0.5	go_success	0.331
172.152	0.5	stop_success	NA
173.832	0.5	go_success	0.302
175.498	0.5	go_success	0.321
177.485	0.5	go_success	0.336
179.285	0.5	stop_success	NA
181.031	0.5	go_success	0.255
182.751	0.5	go_success	0.403
184.671	0.5	go_success	0.322
186.458	0.5	stop_success	NA
188.378	0.5	go_success	0.392
190.097	0.5	go_success	0.488
191.857	0.5	stop_success	NA
193.671	0.5	go_success	0.289
195.484	0.5	go_success	0.39
197.257	0.5	stop_success	NA
199.004	0.5	go_success	0.414
200.91	0.5	go_success	0.416
202.87	0.5	stop_success	NA
204.777	0.5	go_success	0.543
206.443	0.5	stop_success	NA
208.243	0.5	go_success	0.246
210.203	0.5	go_success	0.315
211.99	0.5	go_success	0.354
213.763	0.5	go_success	0.338
215.496	0.5	go_success	0.396
217.323	0.5	go_success	0.479
218.949	0.5	stop_success	NA
220.709	0.5	stop_success	NA
222.35	0.5	go_success	0.397
224.309	0.5	go_success	0.419
225.989	0.5	go_success	0.356
227.962	0.5	go_success	0.399
229.896	0.5	stop_success	NA
231.522	0.5	go_success	0.331
233.442	0.5	go_success	0.313
235.322	0.5	go_success	0.39
237.069	0.5	stop_success	NA
239.029	0.5	go_success	0.414
240.722	0.5	go_success	0.37
242.695	0.5	go_success	0.254
244.522	0.5	stop_success	NA
246.281	0.5	go_success	0.562
248.121	0.5	stop_success	NA
249.815	0.5	go_success	0.328
