onset	duration	trial_type	response_time
0	0.5	go_success	0.931
1.737	0.5	go_success	0.391
3.391	0.5	stop_error	0.556
5.296	0.5	go_success	0.476
6.966	0.5	go_success	0.354
8.771	0.5	go_success	0.496
10.542	0.5	stop_error	0.628
12.279	0.5	go_success	0.421
14.167	0.5	go_success	0.267
15.938	0.5	go_success	0.277
17.708	0.5	go_success	0.287
19.379	0.5	stop_error	0.393
21.133	0.5	stop_success	NA
23.104	0.5	go_success	0.238
24.909	0.5	go_success	0.293
26.697	0.5	go_success	0.246
28.534	0.5	go_success	0.429
30.438	0.5	go_success	0.263
32.159	0.5	stop_error	0.293
33.98	0.5	go_success	0.247
35.651	0.5	go_success	0.285
37.338	0.5	go_success	0.262
39.075	0.5	go_success	0.246
40.88	0.5	go_success	0.245
42.768	0.5	stop_success	NA
44.739	0.5	stop_error	0.297
46.66	0.5	go_success	0.264
48.414	0.5	go_success	0.276
50.051	0.5	go_success	0.269
51.973	0.5	go_success	0.255
53.794	0.5	stop_error	0.39
55.548	0.5	go_success	0.426
57.151	0.5	go_success	0.449
58.805	0.5	stop_error	0.766
60.493	0.5	go_success	0.289
62.38	0.5	go_success	0.338
64.018	0.5	go_success	0.361
66.022	0.5	go_success	0.273
67.71	0.5	go_success	0.324
69.33	0.5	go_success	0.259
71.201	0.5	go_success	0.308
72.872	0.5	go_success	0.298
74.843	0.5	go_success	0.422
76.814	0.5	go_success	0.399
78.602	0.5	go_success	0.298
80.339	0.5	go_success	0.446
82.144	0.5	go_success	0.38
83.764	0.5	stop_error	0.517
85.485	0.5	go_success	0.445
87.289	0.5	go_success	0.3
88.976	0.5	go_success	0.349
90.848	0.5	go_success	0.295
92.819	0.5	stop_success	NA
94.74	0.5	go_success	0.318
96.645	0.5	stop_success	NA
98.532	0.5	stop_error	0.251
100.17	0.5	go_success	0.387
101.907	0.5	go_success	0.339
103.845	0.5	go_success	0.34
105.699	0.5	go_success	0.279
107.52	0.5	go_success	0.408
109.458	0.5	go_success	0.333
111.229	0.5	go_success	0.271
112.849	0.5	go_success	0.415
114.754	0.5	go_success	0.482
116.625	0.5	stop_success	NA
118.312	0.5	go_success	0.287
120.3	0.5	go_success	0.265
122.171	0.5	go_success	0.406
123.809	0.5	go_success	0.401
125.579	0.5	stop_error	0.49
127.2	0.5	go_success	0.408
129.038	0.5	go_success	0.261
130.959	0.5	go_success	0.382
132.563	0.5	go_success	0.429
134.333	0.5	go_success	0.244
136.188	0.5	stop_error	0.51
137.825	0.5	go_success	0.435
139.78	0.5	go_success	0.321
141.5	0.5	go_success	0.381
143.505	0.5	stop_success	NA
145.293	0.5	go_error	0.445
147.047	0.5	go_success	0.371
148.985	0.5	stop_error	0.279
150.789	0.5	go_success	0.372
152.443	0.5	go_success	0.344
154.347	0.5	go_success	0.406
156.319	0.5	stop_success	NA
158.023	0.5	go_success	0.442
159.86	0.5	stop_success	NA
161.598	0.5	go_success	0.406
163.268	0.5	stop_error	0.498
165.106	0.5	go_success	0.332
166.71	0.5	go_success	0.536
168.531	0.5	stop_success	NA
170.302	0.5	go_success	0.422
172.189	0.5	stop_error	0.584
173.86	0.5	go_success	0.316
175.531	0.5	go_success	0.393
177.519	0.5	go_success	0.279
179.306	0.5	stop_error	0.484
181.044	0.5	go_success	0.331
182.748	0.5	go_success	0.683
184.719	0.5	go_success	0.287
186.49	0.5	stop_success	NA
188.394	0.5	go_success	0.29
190.148	0.5	go_success	0.308
191.852	0.5	stop_success	NA
193.673	0.5	go_success	0.273
195.528	0.5	go_success	0.305
197.299	0.5	stop_success	NA
199.019	0.5	go_success	0.399
200.957	0.5	go_success	0.27
202.912	0.5	stop_success	NA
204.767	0.5	go_success	0.413
206.454	0.5	stop_error	0.472
208.261	0.5	go_success	0.284
210.246	0.5	go_success	0.29
212.033	0.5	go_success	0.399
213.804	0.5	go_success	0.307
215.542	0.5	go_success	0.385
217.363	0.5	go_success	0.356
218.95	0.5	stop_success	NA
220.704	0.5	stop_success	NA
222.358	0.5	go_success	0.429
224.346	0.5	go_success	0.333
226.033	0.5	go_success	0.297
228.004	0.5	go_success	0.401
229.942	0.5	stop_success	NA
231.513	0.5	go_success	0.457
233.451	0.5	go_success	0.375
235.372	0.5	go_success	0.59
237.109	0.5	stop_error	0.582
239.064	0.5	go_success	0.506
240.751	0.5	go_success	0.323
242.739	0.5	go_success	0.291
244.527	0.5	stop_success	NA
246.265	0.5	go_success	0.334
248.118	0.5	stop_error	0.436
249.856	0.5	go_success	0.409
