onset	duration	trial_type	response_time
0	0.5	go_success	0.949
1.733	0.5	go_success	0.479
3.4	0.5	stop_success	NA
5.3	0.5	go_success	0.366
6.967	0.5	go_success	0.326
8.767	0.5	go_success	0.476
10.533	0.5	stop_success	NA
12.283	0.5	go_success	0.419
14.166	0.5	go_success	0.407
15.95	0.5	go_success	0.353
17.7	0.5	go_success	0.412
19.383	0.5	stop_success	NA
21.133	0.5	stop_success	NA
23.1	0.5	go_success	0.381
24.899	0.5	go_success	0.434
26.699	0.5	go_success	0.37
28.533	0.5	go_success	0.379
30.399	0.5	go_success	0.392
32.116	0.5	stop_success	NA
33.966	0.5	go_success	0.336
35.633	0.5	go_success	0.433
37.282	0.5	go_success	0.411
39.032	0.5	go_success	0.4
40.832	0.5	go_success	0.53
42.732	0.5	stop_success	NA
44.716	0.5	stop_success	NA
46.649	0.5	go_success	0.48
48.416	0.5	go_success	0.387
50.032	0.5	go_success	0.431
51.915	0.5	go_success	0.358
53.732	0.5	stop_success	NA
55.499	0.5	go_success	0.392
57.099	0.5	go_success	0.537
58.765	0.5	stop_success	NA
60.482	0.5	go_success	0.373
62.365	0.5	go_success	0.396
64.015	0.5	go_success	0.417
65.965	0.5	go_success	0.39
67.665	0.5	go_success	0.527
69.282	0.5	go_success	0.404
71.165	0.5	go_success	0.475
72.848	0.5	go_success	0.564
74.848	0.5	go_success	0.458
76.765	0.5	go_success	0.376
78.565	0.5	go_success	0.461
80.298	0.5	go_success	0.368
82.098	0.5	go_success	0.403
83.715	0.5	stop_success	NA
85.465	0.5	go_success	0.487
87.281	0.5	go_success	0.391
88.964	0.5	go_success	0.434
90.798	0.5	go_success	0.42
92.764	0.5	stop_success	NA
94.714	0.5	go_success	0.497
96.598	0.5	stop_success	NA
98.514	0.5	stop_success	NA
100.164	0.5	go_success	0.429
101.897	0.5	go_success	0.445
103.847	0.5	go_success	0.439
105.647	0.5	go_success	0.408
107.481	0.5	go_success	0.412
109.414	0.5	go_success	0.347
111.181	0.5	go_success	0.415
112.83	0.5	go_success	0.555
114.747	0.5	go_success	0.445
116.564	0.5	stop_success	NA
118.297	0.5	go_success	0.335
120.247	0.5	go_success	0.375
122.13	0.5	go_success	0.407
123.764	0.5	go_success	0.488
125.563	0.5	stop_success	NA
127.18	0.5	go_success	0.562
129.03	0.5	go_success	0.399
130.897	0.5	go_success	0.334
132.513	0.5	go_success	0.414
134.297	0.5	go_success	0.434
136.147	0.5	stop_success	NA
137.78	0.5	go_success	0.431
139.763	0.5	go_success	0.504
141.496	0.5	go_success	0.435
143.496	0.5	stop_success	NA
145.263	0.5	go_success	0.371
146.996	0.5	go_success	0.424
148.946	0.5	stop_success	NA
150.746	0.5	go_success	0.425
152.429	0.5	go_success	0.55
154.346	0.5	go_success	0.411
156.263	0.5	stop_success	NA
158.013	0.5	go_success	0.436
159.813	0.5	stop_success	NA
161.579	0.5	go_success	0.43
163.212	0.5	stop_success	NA
165.079	0.5	go_success	0.346
166.696	0.5	go_success	0.608
168.529	0.5	stop_success	NA
170.279	0.5	go_success	0.521
172.146	0.5	stop_success	NA
173.829	0.5	go_success	0.389
175.479	0.5	go_success	0.581
177.479	0.5	go_success	0.372
179.279	0.5	stop_success	NA
181.029	0.5	go_success	0.364
182.745	0.5	go_success	0.521
184.662	0.5	go_success	0.354
186.445	0.5	stop_success	NA
188.378	0.5	go_success	0.39
190.095	0.5	go_success	0.389
191.845	0.5	stop_success	NA
193.662	0.5	go_success	0.347
195.478	0.5	go_success	0.483
197.262	0.5	stop_success	NA
198.995	0.5	go_success	0.375
200.911	0.5	go_success	0.345
202.861	0.5	stop_success	NA
204.778	0.5	go_success	0.472
206.445	0.5	stop_success	NA
208.245	0.5	go_success	0.331
210.195	0.5	go_success	0.375
211.978	0.5	go_success	0.421
213.744	0.5	go_success	0.394
215.494	0.5	go_success	0.402
217.311	0.5	go_success	0.359
218.944	0.5	stop_success	NA
220.711	0.5	stop_success	NA
222.344	0.5	go_success	0.476
224.294	0.5	go_success	0.338
225.978	0.5	go_success	0.446
227.961	0.5	go_success	0.451
229.894	0.5	stop_success	NA
231.511	0.5	go_success	0.507
233.427	0.5	go_success	0.351
235.311	0.5	go_success	0.434
237.061	0.5	stop_success	NA
239.027	0.5	go_success	0.467
240.71	0.5	go_success	0.412
242.677	0.5	go_success	0.423
244.51	0.5	stop_success	NA
246.277	0.5	go_success	0.416
248.11	0.5	stop_success	NA
249.81	0.5	go_success	0.393
