onset	duration	trial_type	response_time
0	0.5	go_success	0.741
1.737	0.5	go_success	0.495
3.391	0.5	stop_success	NA
5.296	0.5	go_success	0.466
6.966	0.5	go_success	0.4
8.771	0.5	go_success	0.416
10.525	0.5	stop_success	NA
12.279	0.5	go_success	0.339
14.15	0.5	go_success	0.368
15.938	0.5	go_success	0.485
17.692	0.5	go_success	0.395
19.379	0.5	stop_success	NA
21.133	0.5	stop_success	NA
23.105	0.5	go_success	0.39
24.892	0.5	go_success	0.353
26.697	0.5	go_success	0.454
28.518	0.5	go_success	0.464
30.422	0.5	go_success	0.438
32.126	0.5	stop_success	NA
33.964	0.5	go_success	0.409
35.668	0.5	go_success	0.474
37.288	0.5	go_success	0.398
39.059	0.5	go_success	0.331
40.847	0.5	go_success	0.357
42.751	0.5	stop_success	NA
44.706	0.5	stop_success	NA
46.661	0.5	go_success	0.415
48.415	0.5	go_success	0.451
50.069	0.5	go_success	0.477
51.94	0.5	go_success	0.378
53.744	0.5	stop_success	NA
55.498	0.5	go_success	0.334
57.119	0.5	go_success	0.329
58.79	0.5	stop_success	NA
60.494	0.5	go_success	0.386
62.398	0.5	go_success	0.372
64.019	0.5	go_success	0.436
66.007	0.5	go_success	0.378
67.694	0.5	go_success	0.365
69.298	0.5	go_success	0.429
71.202	0.5	go_success	0.43
72.873	0.5	go_success	0.45
74.861	0.5	go_success	0.438
76.799	0.5	go_success	0.4
78.587	0.5	go_success	0.387
80.307	0.5	go_success	0.439
82.128	0.5	go_success	0.465
83.732	0.5	stop_success	NA
85.47	0.5	go_success	0.328
87.307	0.5	go_success	0.423
88.995	0.5	go_success	0.439
90.816	0.5	go_success	0.383
92.804	0.5	stop_success	NA
94.708	0.5	go_success	0.413
96.613	0.5	stop_success	NA
98.534	0.5	stop_success	NA
100.155	0.5	go_success	0.41
101.925	0.5	go_success	0.307
103.88	0.5	go_success	0.463
105.684	0.5	go_success	0.409
107.505	0.5	go_success	0.436
109.443	0.5	go_success	0.456
111.231	0.5	go_success	0.444
112.868	0.5	go_success	0.424
114.789	0.5	go_success	0.459
116.594	0.5	stop_success	NA
118.298	0.5	go_success	0.461
120.286	0.5	go_success	0.454
122.174	0.5	go_success	0.445
123.811	0.5	go_success	0.408
125.615	0.5	stop_success	NA
127.186	0.5	go_success	0.361
129.057	0.5	go_success	0.4
130.911	0.5	go_success	0.44
132.532	0.5	go_success	0.465
134.336	0.5	go_success	0.394
136.19	0.5	stop_success	NA
137.777	0.5	go_success	0.365
139.799	0.5	go_success	0.399
141.52	0.5	go_success	0.341
143.508	0.5	stop_success	NA
145.262	0.5	go_success	0.414
147.066	0.5	go_success	0.395
149.021	0.5	stop_success	NA
150.742	0.5	go_success	0.473
152.462	0.5	go_success	0.56
154.4	0.5	go_success	0.614
156.289	0.5	stop_success	NA
158.009	0.5	go_success	0.45
159.847	0.5	stop_success	NA
161.601	0.5	go_success	0.43
163.271	0.5	stop_success	NA
165.092	0.5	go_success	0.472
166.746	0.5	go_success	0.409
168.567	0.5	stop_success	NA
170.271	0.5	go_success	0.336
172.176	0.5	stop_success	NA
173.813	0.5	go_success	0.427
175.534	0.5	go_success	0.618
177.522	0.5	go_success	0.367
179.326	0.5	stop_success	NA
181.047	0.5	go_success	0.337
182.768	0.5	go_success	0.573
184.689	0.5	go_success	0.402
186.493	0.5	stop_success	NA
188.398	0.5	go_success	0.485
190.135	0.5	go_success	0.402
191.889	0.5	stop_success	NA
193.694	0.5	go_success	0.408
195.498	0.5	go_success	0.501
197.286	0.5	stop_success	NA
198.99	0.5	go_success	0.356
200.944	0.5	go_success	0.469
202.966	0.5	stop_success	NA
204.77	0.5	go_success	0.449
206.474	0.5	stop_success	NA
208.245	0.5	go_success	0.374
210.216	0.5	go_success	0.397
212.004	0.5	go_success	0.491
213.775	0.5	go_success	0.351
215.529	0.5	go_success	0.409
217.35	0.5	go_success	0.449
218.987	0.5	stop_success	NA
220.725	0.5	stop_success	NA
222.345	0.5	go_success	0.427
224.317	0.5	go_success	0.394
226.021	0.5	go_success	0.374
228.009	0.5	go_success	0.393
229.93	0.5	stop_success	NA
231.517	0.5	go_success	0.452
233.472	0.5	go_success	0.426
235.343	0.5	go_success	0.45
237.08	0.5	stop_success	NA
239.018	0.5	go_success	0.449
240.756	0.5	go_success	0.413
242.727	0.5	go_success	0.426
244.548	0.5	stop_success	NA
246.285	0.5	go_success	0.427
248.157	0.5	stop_success	NA
249.794	0.5	go_success	0.49
